{"type": "FeatureCollection", "features": [{"type": "Feature", "properties": {"GID_3": "ITA.16.1.1_1", "GID_0": "ITA", "COUNTRY": "Italy", "GID_1": "ITA.16_1", "NAME_1": "Toscana", "NL_NAME_1": "NA", "GID_2": "ITA.16.1_1", "NAME_2": "Arezzo", "NL_NAME_2": "NA", "NAME_3": "Anghiari", "VARNAME_3": "NA", "NL_NAME_3": "NA", "TYPE_3": "Commune", "ENGTYPE_3": "Commune", "CC_3": "NA", "HASC_3": "IT.AR.AN"}, "geometry": {"type": "MultiPolygon", "coordinates": [[[[12.0541, 43.4467], [12.0483, 43.4492], [12.047, 43.4529], [12.0567, 43.4652], [12.0371, 43.4836], [12.0273, 43.4898], [12.0098, 43.4878], [12.0015, 43.4841], [11.9997, 43.4818], [11.9928, 43.4809], [11.9902, 43.4871], [11.9908, 43.4928], [11.9838, 43.4968], [11.9443, 43.5285], [11.9351, 43.5439], [11.9342, 43.548], [11.9281, 43.5477], [11.9515, 43.559], [11.9689, 43.576], [11.9616, 43.6037], [11.9453, 43.609], [11.9476, 43.6185], [11.9522, 43.6135], [11.9573, 43.6143], [11.9719, 43.6099], [11.9814, 43.6008], [12.0095, 43.5968], [12.0212, 43.5915], [12.0298, 43.5897], [12.0315, 43.5958], [12.0295, 43.5998], [12.0401, 43.595], [12.0594, 43.5951], [12.0594, 43.5931], [12.0471, 43.5874], [12.0482, 43.5812], [12.0673, 43.5759], [12.076, 43.5706], [12.097, 43.55], [12.1057, 43.5342], [12.0964, 43.5236], [12.092, 43.5129], [12.0921, 43.5086], [12.0854, 43.5074], [12.0662, 43.4925], [12.0635, 43.4834], [12.0667, 43.4706], [12.0707, 43.4661], [12.0727, 43.4663], [12.0733, 43.4641], [12.066, 43.4553], [12.0541, 43.4467]]]]}}, {"type": "Feature", "properties": {"GID_3": "ITA.16.1.2_1", "GID_0": "ITA", "COUNTRY": "Italy", "GID_1": "ITA.16_1", "NAME_1": "Toscana", "NL_NAME_1": "NA", "GID_2": "ITA.16.1_1", "NAME_2": "Arezzo", "NL_NAME_2": "NA", "NAME_3": "Arezzo", "VARNAME_3": "NA", "NL_NAME_3": "NA", "TYPE_3": "Commune", "ENGTYPE_3": "Commune", "CC_3": "NA", "HASC_3": "IT.AR.AR"}, "geometry": {"type": "MultiPolygon", "coordinates": [[[[11.9281, 43.5477], [11.9342, 43.548], [11.9351, 43.5439], [11.9443, 43.5285], [11.9838, 43.4968], [11.9908, 43.4928], [11.9902, 43.4871], [11.9928, 43.4809], [11.9997, 43.4818], [12.0015, 43.4841], [12.0098, 43.4878], [12.0281, 43.4898], [12.0371, 43.4836], [12.0567, 43.4652], [12.047, 43.4529], [12.0483, 43.4492], [12.0541, 43.4467], [12.0536, 43.4323], [12.0331, 43.4247], [12.0262, 43.416], [12.0339, 43.4012], [12.0531, 43.3993], [12.0719, 43.406], [12.0783, 43.4031], [12.0787, 43.399], [12.0746, 43.3916], [12.0737, 43.3822], [12.0743, 43.3703], [12.0784, 43.366], [12.0464, 43.3539], [12.0405, 43.3655], [12.0312, 43.3773], [12.0067, 43.3753], [11.9876, 43.371], [11.9738, 43.3706], [11.9619, 43.3726], [11.9562, 43.3758], [11.953, 43.3819], [11.9502, 43.3841], [11.9418, 43.3863], [11.9277, 43.3762], [11.9071, 43.3672], [11.9037, 43.3613], [11.8744, 43.3425], [11.8535, 43.3345], [11.8491, 43.3306], [11.8337, 43.3286], [11.8292, 43.341], [11.8272, 43.3701], [11.8167, 43.4183], [11.8018, 43.412], [11.7976, 43.4157], [11.7953, 43.4255], [11.7706, 43.4452], [11.7486, 43.4528], [11.742, 43.4585], [11.7456, 43.4753], [11.756, 43.4788], [11.7663, 43.4893], [11.7659, 43.4912], [11.7634, 43.492], [11.7504, 43.4936], [11.7533, 43.5053], [11.7534, 43.5165], [11.7511, 43.518], [11.7567, 43.5227], [11.778, 43.5161], [11.7762, 43.5267], [11.7814, 43.5353], [11.7861, 43.5357], [11.7931, 43.5329], [11.7962, 43.5284], [11.7992, 43.5192], [11.818, 43.511], [11.8462, 43.5215], [11.8583, 43.5281], [11.858, 43.538], [11.8522, 43.5439], [11.8503, 43.5488], [11.8613, 43.5558], [11.8739, 43.5573], [11.8864, 43.5498], [11.8909, 43.543], [11.8981, 43.5384], [11.9281, 43.5477]]]]}}, {"type": "Feature", "properties": {"GID_3": "ITA.16.1.3_1", "GID_0": "ITA", "COUNTRY": "Italy", "GID_1": "ITA.16_1", "NAME_1": "Toscana", "NL_NAME_1": "NA", "GID_2": "ITA.16.1_1", "NAME_2": "Arezzo", "NL_NAME_2": "NA", "NAME_3": "BadiaTedalda", "VARNAME_3": "NA", "NL_NAME_3": "NA", "TYPE_3": "Commune", "ENGTYPE_3": "Commune", "CC_3": "NA", "HASC_3": "IT.AR.BT"}, "geometry": {"type": "MultiPolygon", "coordinates": [[[[12.0837, 43.7454], [12.1084, 43.7547], [12.1245, 43.7501], [12.1428, 43.7535], [12.1541, 43.7598], [12.1646, 43.7633], [12.1718, 43.7531], [12.1956, 43.7329], [12.1917, 43.7251], [12.1932, 43.7184], [12.2041, 43.7034], [12.2086, 43.7015], [12.2264, 43.7007], [12.2324, 43.7032], [12.2423, 43.7167], [12.2465, 43.7199], [12.2649, 43.7131], [12.27, 43.706], [12.266, 43.6975], [12.2593, 43.696], [12.2473, 43.6838], [12.2467, 43.6824], [12.2521, 43.6743], [12.2492, 43.6684], [12.2299, 43.6544], [12.212, 43.6507], [12.2047, 43.6527], [12.1865, 43.6427], [12.1829, 43.6486], [12.1684, 43.654], [12.1624, 43.663], [12.1425, 43.6722], [12.1325, 43.6741], [12.1255, 43.678], [12.0968, 43.7012], [12.092, 43.7082], [12.0923, 43.7107], [12.1018, 43.7187], [12.0914, 43.7275], [12.0762, 43.7345], [12.0772, 43.7407], [12.0837, 43.7454]]], [[[12.1995, 43.7714], [12.1862, 43.7758], [12.1855, 43.7795], [12.1737, 43.7966], [12.1708, 43.8054], [12.1717, 43.8085], [12.1798, 43.8116], [12.1925, 43.8063], [12.2182, 43.8037], [12.2252, 43.8108], [12.2344, 43.8075], [12.2392, 43.8005], [12.2383, 43.7879], [12.2141, 43.7833], [12.2023, 43.7759], [12.1995, 43.7714]]]]}}, {"type": "Feature", "properties": {"GID_3": "ITA.16.1.4_1", "GID_0": "ITA", "COUNTRY": "Italy", "GID_1": "ITA.16_1", "NAME_1": "Toscana", "NL_NAME_1": "NA", "GID_2": "ITA.16.1_1", "NAME_2": "Arezzo", "NL_NAME_2": "NA", "NAME_3": "Bibbiena", "VARNAME_3": "NA", "NL_NAME_3": "NA", "TYPE_3": "Commune", "ENGTYPE_3": "Commune", "CC_3": "NA", "HASC_3": "IT.AR.BI"}, "geometry": {"type": "MultiPolygon", "coordinates": [[[[11.8426, 43.809], [11.8481, 43.807], [11.8608, 43.7985], [11.8635, 43.7889], [11.8714, 43.7872], [11.8709, 43.777], [11.8764, 43.765], [11.8843, 43.7595], [11.8912, 43.7498], [11.9095, 43.7389], [11.9138, 43.7331], [11.9214, 43.7299], [11.9267, 43.731], [11.9334, 43.7188], [11.9212, 43.7065], [11.9072, 43.7031], [11.9021, 43.7054], [11.8888, 43.7052], [11.8691, 43.6917], [11.8525, 43.6903], [11.8497, 43.6933], [11.8523, 43.6978], [11.8488, 43.6978], [11.8252, 43.6829], [11.826, 43.6765], [11.8321, 43.6729], [11.8287, 43.6709], [11.8256, 43.666], [11.8154, 43.6657], [11.8112, 43.6683], [11.7986, 43.6865], [11.7958, 43.7035], [11.7978, 43.7202], [11.7917, 43.7326], [11.7868, 43.7344], [11.789, 43.7447], [11.8164, 43.7482], [11.8162, 43.7503], [11.8131, 43.753], [11.8117, 43.7629], [11.8142, 43.775], [11.8289, 43.7779], [11.8382, 43.7831], [11.8397, 43.7935], [11.8356, 43.8014], [11.8397, 43.8076], [11.8426, 43.809]]]]}}, {"type": "Feature", "properties": {"GID_3": "ITA.16.1.5_1", "GID_0": "ITA", "COUNTRY": "Italy", "GID_1": "ITA.16_1", "NAME_1": "Toscana", "NL_NAME_1": "NA", "GID_2": "ITA.16.1_1", "NAME_2": "Arezzo", "NL_NAME_2": "NA", "NAME_3": "Bucine", "VARNAME_3": "NA", "NL_NAME_3": "NA", "TYPE_3": "Commune", "ENGTYPE_3": "Commune", "CC_3": "NA", "HASC_3": "IT.AR.BU"}, "geometry": {"type": "MultiPolygon", "coordinates": [[[[11.668, 43.4226], [11.667, 43.4195], [11.6682, 43.4146], [11.679, 43.4085], [11.6814, 43.4039], [11.6697, 43.3947], [11.679, 43.3696], [11.6534, 43.375], [11.6312, 43.3695], [11.6246, 43.3696], [11.617, 43.3633], [11.6128, 43.354], [11.6135, 43.3485], [11.5941, 43.3536], [11.5797, 43.3624], [11.5685, 43.3637], [11.5647, 43.3691], [11.5643, 43.3756], [11.549, 43.3787], [11.5312, 43.3953], [11.5307, 43.3996], [11.5361, 43.4085], [11.5353, 43.4115], [11.5466, 43.4223], [11.5474, 43.4272], [11.543, 43.4436], [11.5516, 43.4605], [11.5564, 43.4636], [11.5559, 43.4715], [11.5588, 43.4767], [11.5657, 43.4843], [11.5695, 43.4864], [11.5798, 43.4878], [11.6058, 43.5071], [11.6096, 43.5064], [11.617, 43.5006], [11.626, 43.4974], [11.6327, 43.4975], [11.6328, 43.4945], [11.6398, 43.4893], [11.6419, 43.486], [11.639, 43.4779], [11.6413, 43.4693], [11.6601, 43.4551], [11.6552, 43.4457], [11.6657, 43.424], [11.668, 43.4226]]]]}}, {"type": "Feature", "properties": {"GID_3": "ITA.16.1.6_1", "GID_0": "ITA", "COUNTRY": "Italy", "GID_1": "ITA.16_1", "NAME_1": "Toscana", "NL_NAME_1": "NA", "GID_2": "ITA.16.1_1", "NAME_2": "Arezzo", "NL_NAME_2": "NA", "NAME_3": "Capolona", "VARNAME_3": "NA", "NL_NAME_3": "NA", "TYPE_3": "Commune", "ENGTYPE_3": "Commune", "CC_3": "NA", "HASC_3": "IT.AR.CP"}, "geometry": {"type": "MultiPolygon", "coordinates": [[[[11.8503, 43.5488], [11.8522, 43.5439], [11.858, 43.538], [11.8583, 43.5281], [11.8462, 43.5215], [11.8172, 43.5107], [11.7992, 43.5192], [11.7962, 43.5284], [11.7931, 43.5329], [11.7879, 43.5348], [11.7871, 43.542], [11.7884, 43.5474], [11.7813, 43.5576], [11.8065, 43.5759], [11.8292, 43.5952], [11.8362, 43.5986], [11.8404, 43.6044], [11.8438, 43.613], [11.8551, 43.619], [11.863, 43.6168], [11.8622, 43.6115], [11.8679, 43.5998], [11.8755, 43.5996], [11.8795, 43.595], [11.8778, 43.591], [11.8731, 43.5869], [11.8679, 43.5681], [11.8616, 43.5638], [11.8497, 43.5614], [11.8446, 43.5548], [11.8459, 43.5505], [11.8503, 43.5488]]]]}}, {"type": "Feature", "properties": {"GID_3": "ITA.16.1.7_1", "GID_0": "ITA", "COUNTRY": "Italy", "GID_1": "ITA.16_1", "NAME_1": "Toscana", "NL_NAME_1": "NA", "GID_2": "ITA.16.1_1", "NAME_2": "Arezzo", "NL_NAME_2": "NA", "NAME_3": "CapreseMichelangelo", "VARNAME_3": "NA", "NL_NAME_3": "NA", "TYPE_3": "Commune", "ENGTYPE_3": "Commune", "CC_3": "NA", "HASC_3": "IT.AR.CM"}, "geometry": {"type": "MultiPolygon", "coordinates": [[[[12.0295, 43.5998], [12.0315, 43.5958], [12.0298, 43.5897], [12.0212, 43.5915], [12.0095, 43.5968], [11.9814, 43.6008], [11.9709, 43.6104], [11.9573, 43.6143], [11.9522, 43.6135], [11.9476, 43.6185], [11.9457, 43.6237], [11.9406, 43.6266], [11.9301, 43.6267], [11.9234, 43.6288], [11.9152, 43.6394], [11.9193, 43.6447], [11.9207, 43.6524], [11.9262, 43.658], [11.9259, 43.6659], [11.9612, 43.6818], [11.9708, 43.677], [11.9803, 43.6816], [11.9818, 43.6845], [11.9814, 43.6902], [11.9929, 43.6845], [11.9962, 43.6741], [11.9997, 43.6713], [12.0108, 43.6675], [12.0301, 43.6639], [12.0405, 43.6587], [12.0358, 43.6411], [12.0381, 43.6306], [12.0322, 43.6211], [12.0181, 43.6142], [12.0253, 43.6076], [12.0295, 43.5998]]]]}}, {"type": "Feature", "properties": {"GID_3": "ITA.16.1.8_1", "GID_0": "ITA", "COUNTRY": "Italy", "GID_1": "ITA.16_1", "NAME_1": "Toscana", "NL_NAME_1": "NA", "GID_2": "ITA.16.1_1", "NAME_2": "Arezzo", "NL_NAME_2": "NA", "NAME_3": "CastelFocognano", "VARNAME_3": "NA", "NL_NAME_3": "NA", "TYPE_3": "Commune", "ENGTYPE_3": "Commune", "CC_3": "NA", "HASC_3": "IT.AR.CE"}, "geometry": {"type": "MultiPolygon", "coordinates": [[[[11.8066, 43.6752], [11.8112, 43.6683], [11.8154, 43.6657], [11.8256, 43.666], [11.8287, 43.6709], [11.8321, 43.6729], [11.8381, 43.6699], [11.8441, 43.6624], [11.8496, 43.6481], [11.851, 43.6425], [11.839, 43.6359], [11.8414, 43.6307], [11.8515, 43.6206], [11.8551, 43.619], [11.8438, 43.613], [11.8404, 43.6044], [11.8362, 43.5986], [11.8292, 43.5952], [11.8301, 43.598], [11.8287, 43.6029], [11.8218, 43.6108], [11.8161, 43.6141], [11.7978, 43.6137], [11.7901, 43.6197], [11.7837, 43.6304], [11.7916, 43.6346], [11.7915, 43.6359], [11.7805, 43.6435], [11.7592, 43.6417], [11.7429, 43.6351], [11.7336, 43.6202], [11.729, 43.6185], [11.7208, 43.6214], [11.7106, 43.629], [11.6906, 43.6341], [11.687, 43.6336], [11.6691, 43.6509], [11.6793, 43.6464], [11.6886, 43.6498], [11.7075, 43.6532], [11.7584, 43.6543], [11.7642, 43.6565], [11.7669, 43.6593], [11.7648, 43.6638], [11.7639, 43.6762], [11.7695, 43.6803], [11.7781, 43.6808], [11.7777, 43.677], [11.7846, 43.6692], [11.7904, 43.6733], [11.8066, 43.6752]]]]}}, {"type": "Feature", "properties": {"GID_3": "ITA.16.1.9_1", "GID_0": "ITA", "COUNTRY": "Italy", "GID_1": "ITA.16_1", "NAME_1": "Toscana", "NL_NAME_1": "NA", "GID_2": "ITA.16.1_1", "NAME_2": "Arezzo", "NL_NAME_2": "NA", "NAME_3": "CastelSanNiccol\u00f2", "VARNAME_3": "NA", "NL_NAME_3": "NA", "TYPE_3": "Commune", "ENGTYPE_3": "Commune", "CC_3": "NA", "HASC_3": "IT.AR.CN"}, "geometry": {"type": "MultiPolygon", "coordinates": [[[[11.6251, 43.6681], [11.6217, 43.6757], [11.6155, 43.6788], [11.6107, 43.6859], [11.6126, 43.6913], [11.6121, 43.6954], [11.5959, 43.7152], [11.6088, 43.7232], [11.6202, 43.7236], [11.6278, 43.7275], [11.6373, 43.7354], [11.6361, 43.7426], [11.6303, 43.7508], [11.618, 43.757], [11.6175, 43.7587], [11.6287, 43.7736], [11.6301, 43.7887], [11.6501, 43.7884], [11.6617, 43.7834], [11.6663, 43.766], [11.668, 43.763], [11.6738, 43.7601], [11.677, 43.7627], [11.6861, 43.7657], [11.7021, 43.7683], [11.7296, 43.7603], [11.7399, 43.7453], [11.7407, 43.7384], [11.7242, 43.7457], [11.7189, 43.7464], [11.7152, 43.7382], [11.7023, 43.7283], [11.6948, 43.6947], [11.6969, 43.6928], [11.6903, 43.6874], [11.686, 43.6868], [11.6568, 43.6631], [11.6579, 43.6567], [11.6681, 43.6509], [11.6583, 43.6543], [11.6358, 43.6658], [11.6251, 43.6681]]]]}}, {"type": "Feature", "properties": {"GID_3": "ITA.16.1.10_1", "GID_0": "ITA", "COUNTRY": "Italy", "GID_1": "ITA.16_1", "NAME_1": "Toscana", "NL_NAME_1": "NA", "GID_2": "ITA.16.1_1", "NAME_2": "Arezzo", "NL_NAME_2": "NA", "NAME_3": "CastelfrancoDiSopra", "VARNAME_3": "NA", "NL_NAME_3": "NA", "TYPE_3": "Commune", "ENGTYPE_3": "Commune", "CC_3": "NA", "HASC_3": "IT.AR.CS"}, "geometry": {"type": "MultiPolygon", "coordinates": [[[[11.6104, 43.687], [11.6155, 43.6788], [11.6217, 43.6757], [11.6251, 43.6681], [11.6152, 43.6608], [11.6031, 43.6393], [11.6045, 43.6275], [11.603, 43.6228], [11.5895, 43.6216], [11.5735, 43.6121], [11.5566, 43.611], [11.5448, 43.6073], [11.5365, 43.5906], [11.5176, 43.5952], [11.517, 43.5977], [11.511, 43.6038], [11.5049, 43.6068], [11.5011, 43.615], [11.5162, 43.6256], [11.5443, 43.6254], [11.5535, 43.6333], [11.5577, 43.6432], [11.5663, 43.6515], [11.5805, 43.662], [11.5953, 43.6651], [11.5962, 43.6675], [11.5823, 43.6783], [11.5975, 43.6869], [11.6052, 43.6851], [11.6104, 43.687]]]]}}, {"type": "Feature", "properties": {"GID_3": "ITA.16.1.11_1", "GID_0": "ITA", "COUNTRY": "Italy", "GID_1": "ITA.16_1", "NAME_1": "Toscana", "NL_NAME_1": "NA", "GID_2": "ITA.16.1_1", "NAME_2": "Arezzo", "NL_NAME_2": "NA", "NAME_3": "CastiglionFibocchi", "VARNAME_3": "NA", "NL_NAME_3": "NA", "TYPE_3": "Commune", "ENGTYPE_3": "Commune", "CC_3": "NA", "HASC_3": "IT.AR.CI"}, "geometry": {"type": "MultiPolygon", "coordinates": [[[[11.7879, 43.5348], [11.7814, 43.5353], [11.7762, 43.5267], [11.778, 43.5161], [11.7567, 43.5227], [11.7511, 43.518], [11.7211, 43.5219], [11.7172, 43.5322], [11.7186, 43.5348], [11.7237, 43.5401], [11.7297, 43.5426], [11.7382, 43.549], [11.7262, 43.5707], [11.723, 43.5699], [11.7205, 43.5728], [11.7214, 43.5813], [11.7506, 43.5735], [11.7635, 43.5655], [11.7785, 43.5606], [11.7884, 43.5474], [11.7871, 43.542], [11.7879, 43.5348]]]]}}, {"type": "Feature", "properties": {"GID_3": "ITA.16.1.12_1", "GID_0": "ITA", "COUNTRY": "Italy", "GID_1": "ITA.16_1", "NAME_1": "Toscana", "NL_NAME_1": "NA", "GID_2": "ITA.16.1_1", "NAME_2": "Arezzo", "NL_NAME_2": "NA", "NAME_3": "CastiglionFiorentino", "VARNAME_3": "NA", "NL_NAME_3": "NA", "TYPE_3": "Commune", "ENGTYPE_3": "Commune", "CC_3": "NA", "HASC_3": "IT.AR.CF"}, "geometry": {"type": "MultiPolygon", "coordinates": [[[[11.8337, 43.3286], [11.8491, 43.3306], [11.8535, 43.3345], [11.8744, 43.3425], [11.9037, 43.3613], [11.9071, 43.3672], [11.9277, 43.3762], [11.9418, 43.3863], [11.9502, 43.3841], [11.953, 43.3819], [11.9562, 43.3758], [11.9619, 43.3726], [11.9738, 43.3706], [11.9876, 43.371], [12.0067, 43.3753], [12.0312, 43.3773], [12.0405, 43.3655], [12.0464, 43.3539], [12.0416, 43.3485], [12.0349, 43.3451], [12.0087, 43.3403], [11.9994, 43.337], [11.9931, 43.3275], [11.9723, 43.3117], [11.9502, 43.3041], [11.9256, 43.2884], [11.9066, 43.2931], [11.8946, 43.2893], [11.8682, 43.2716], [11.8652, 43.2656], [11.8565, 43.26], [11.848, 43.259], [11.8407, 43.2622], [11.8421, 43.2961], [11.8373, 43.3204], [11.8337, 43.3286]]]]}}, {"type": "Feature", "properties": {"GID_3": "ITA.16.1.13_1", "GID_0": "ITA", "COUNTRY": "Italy", "GID_1": "ITA.16_1", "NAME_1": "Toscana", "NL_NAME_1": "NA", "GID_2": "ITA.16.1_1", "NAME_2": "Arezzo", "NL_NAME_2": "NA", "NAME_3": "Cavriglia", "VARNAME_3": "NA", "NL_NAME_3": "NA", "TYPE_3": "Commune", "ENGTYPE_3": "Commune", "CC_3": "NA", "HASC_3": "IT.AR.CA"}, "geometry": {"type": "MultiPolygon", "coordinates": [[[[11.5175, 43.5237], [11.5221, 43.5155], [11.5216, 43.5123], [11.5152, 43.5095], [11.4968, 43.4915], [11.48, 43.4803], [11.4598, 43.5019], [11.4595, 43.5077], [11.4618, 43.5113], [11.4539, 43.5138], [11.4369, 43.5126], [11.4349, 43.5183], [11.4261, 43.5307], [11.4155, 43.5358], [11.404, 43.5495], [11.3985, 43.5492], [11.409, 43.5617], [11.4285, 43.5621], [11.4395, 43.5642], [11.4463, 43.5674], [11.4661, 43.5824], [11.4655, 43.5878], [11.5082, 43.58], [11.5026, 43.5758], [11.5012, 43.5692], [11.5019, 43.562], [11.4984, 43.5498], [11.5157, 43.532], [11.5154, 43.5264], [11.5175, 43.5237]]]]}}, {"type": "Feature", "properties": {"GID_3": "ITA.16.1.14_1", "GID_0": "ITA", "COUNTRY": "Italy", "GID_1": "ITA.16_1", "NAME_1": "Toscana", "NL_NAME_1": "NA", "GID_2": "ITA.16.1_1", "NAME_2": "Arezzo", "NL_NAME_2": "NA", "NAME_3": "Chitignano", "VARNAME_3": "NA", "NL_NAME_3": "NA", "TYPE_3": "Commune", "ENGTYPE_3": "Commune", "CC_3": "NA", "HASC_3": "IT.AR.CH"}, "geometry": {"type": "MultiPolygon", "coordinates": [[[[11.9255, 43.6636], [11.9265, 43.6589], [11.9202, 43.6514], [11.9193, 43.6447], [11.9068, 43.6477], [11.8888, 43.6453], [11.8646, 43.6507], [11.8527, 43.6601], [11.8523, 43.6689], [11.8638, 43.6755], [11.8881, 43.6819], [11.8946, 43.6778], [11.8917, 43.6731], [11.8945, 43.6684], [11.899, 43.6649], [11.9159, 43.6614], [11.9255, 43.6636]]]]}}, {"type": "Feature", "properties": {"GID_3": "ITA.16.1.15_1", "GID_0": "ITA", "COUNTRY": "Italy", "GID_1": "ITA.16_1", "NAME_1": "Toscana", "NL_NAME_1": "NA", "GID_2": "ITA.16.1_1", "NAME_2": "Arezzo", "NL_NAME_2": "NA", "NAME_3": "ChiusiDellaVerna", "VARNAME_3": "NA", "NL_NAME_3": "NA", "TYPE_3": "Commune", "ENGTYPE_3": "Commune", "CC_3": "NA", "HASC_3": "IT.AR.CD"}, "geometry": {"type": "MultiPolygon", "coordinates": [[[[11.9141, 43.7999], [11.9221, 43.7951], [11.9488, 43.7916], [11.9521, 43.7879], [11.9522, 43.779], [11.9536, 43.7775], [11.9875, 43.7629], [11.9821, 43.7415], [11.9853, 43.7315], [11.9808, 43.725], [11.9766, 43.7243], [11.9745, 43.7222], [11.9759, 43.7155], [11.9856, 43.7008], [11.9817, 43.6967], [11.9818, 43.6845], [11.9799, 43.6812], [11.9703, 43.6769], [11.9612, 43.6818], [11.9286, 43.668], [11.9255, 43.6636], [11.9159, 43.6614], [11.899, 43.6649], [11.8945, 43.6684], [11.8917, 43.6731], [11.8946, 43.6778], [11.8881, 43.6819], [11.8638, 43.6755], [11.8528, 43.6702], [11.8522, 43.6655], [11.8527, 43.6601], [11.8646, 43.6507], [11.851, 43.6425], [11.8463, 43.6581], [11.8423, 43.6657], [11.8387, 43.6695], [11.826, 43.6765], [11.8252, 43.6829], [11.8498, 43.6982], [11.8525, 43.6974], [11.8497, 43.6933], [11.8525, 43.6903], [11.8642, 43.691], [11.8701, 43.6921], [11.8888, 43.7052], [11.9021, 43.7054], [11.9072, 43.7031], [11.9212, 43.7065], [11.9332, 43.7183], [11.9267, 43.731], [11.9214, 43.7299], [11.9138, 43.7331], [11.9095, 43.7389], [11.8912, 43.7498], [11.8843, 43.7595], [11.8764, 43.765], [11.8709, 43.777], [11.8714, 43.7872], [11.8729, 43.7882], [11.8833, 43.7928], [11.9, 43.7902], [11.9049, 43.7912], [11.9084, 43.7927], [11.9141, 43.7999]]]]}}, {"type": "Feature", "properties": {"GID_3": "ITA.16.1.16_1", "GID_0": "ITA", "COUNTRY": "Italy", "GID_1": "ITA.16_1", "NAME_1": "Toscana", "NL_NAME_1": "NA", "GID_2": "ITA.16.1_1", "NAME_2": "Arezzo", "NL_NAME_2": "NA", "NAME_3": "CivitellaInValDiChiana", "VARNAME_3": "NA", "NL_NAME_3": "NA", "TYPE_3": "Commune", "ENGTYPE_3": "Commune", "CC_3": "NA", "HASC_3": "IT.AR.CV"}, "geometry": {"type": "MultiPolygon", "coordinates": [[[[11.75, 43.4954], [11.7509, 43.4934], [11.7652, 43.4915], [11.7663, 43.4893], [11.756, 43.4788], [11.7456, 43.4753], [11.742, 43.4585], [11.7486, 43.4528], [11.7706, 43.4452], [11.7953, 43.4255], [11.7976, 43.4157], [11.8018, 43.412], [11.8163, 43.4188], [11.8233, 43.3889], [11.7982, 43.3836], [11.7865, 43.3791], [11.7806, 43.3756], [11.7773, 43.3696], [11.7681, 43.3628], [11.7586, 43.3645], [11.7404, 43.3626], [11.7215, 43.3547], [11.7216, 43.3498], [11.7177, 43.3504], [11.6904, 43.365], [11.6893, 43.3685], [11.679, 43.3696], [11.6697, 43.3947], [11.6814, 43.4039], [11.679, 43.4085], [11.6682, 43.4146], [11.667, 43.4195], [11.668, 43.4226], [11.6777, 43.4227], [11.688, 43.4251], [11.7157, 43.4223], [11.7191, 43.4232], [11.7182, 43.4549], [11.7154, 43.477], [11.7222, 43.4765], [11.7294, 43.4856], [11.7252, 43.4919], [11.7254, 43.4993], [11.7341, 43.5024], [11.7417, 43.5024], [11.75, 43.4954]]]]}}, {"type": "Feature", "properties": {"GID_3": "ITA.16.1.17_1", "GID_0": "ITA", "COUNTRY": "Italy", "GID_1": "ITA.16_1", "NAME_1": "Toscana", "NL_NAME_1": "NA", "GID_2": "ITA.16.1_1", "NAME_2": "Arezzo", "NL_NAME_2": "NA", "NAME_3": "Cortona", "VARNAME_3": "NA", "NL_NAME_3": "NA", "TYPE_3": "Commune", "ENGTYPE_3": "Commune", "CC_3": "NA", "HASC_3": "IT.AR.CO"}, "geometry": {"type": "MultiPolygon", "coordinates": [[[[12.0464, 43.3539], [12.0767, 43.3643], [12.0784, 43.3666], [12.0957, 43.3678], [12.1007, 43.3727], [12.1035, 43.3734], [12.1197, 43.3653], [12.131, 43.3523], [12.1364, 43.3421], [12.1378, 43.3305], [12.1348, 43.3169], [12.1268, 43.3078], [12.1327, 43.2954], [12.1529, 43.2868], [12.1656, 43.2832], [12.178, 43.2827], [12.1862, 43.2953], [12.1841, 43.3018], [12.1961, 43.3154], [12.2068, 43.3058], [12.2248, 43.2968], [12.2096, 43.2829], [12.1757, 43.2741], [12.1631, 43.2667], [12.1495, 43.2556], [12.14, 43.2538], [12.122, 43.2559], [12.0933, 43.2369], [12.0859, 43.2375], [12.0499, 43.2541], [12.0349, 43.2477], [12.0406, 43.23], [12.0372, 43.2168], [12.0309, 43.2053], [12.0284, 43.1926], [12.0197, 43.1851], [12.0045, 43.1812], [11.9897, 43.1826], [11.9776, 43.1761], [11.972, 43.1706], [11.9632, 43.1679], [11.9313, 43.1775], [11.92, 43.1687], [11.9043, 43.1753], [11.8919, 43.1578], [11.8897, 43.1574], [11.8573, 43.1802], [11.84, 43.2046], [11.8349, 43.2207], [11.8349, 43.2326], [11.8394, 43.2419], [11.8407, 43.2622], [11.848, 43.259], [11.8581, 43.2604], [11.8652, 43.2656], [11.8682, 43.2716], [11.8969, 43.2902], [11.9066, 43.2931], [11.9256, 43.2884], [11.9502, 43.3041], [11.9723, 43.3117], [11.9931, 43.3275], [11.9994, 43.337], [12.0087, 43.3403], [12.0349, 43.3451], [12.0416, 43.3485], [12.0464, 43.3539]]]]}}, {"type": "Feature", "properties": {"GID_3": "ITA.16.1.18_1", "GID_0": "ITA", "COUNTRY": "Italy", "GID_1": "ITA.16_1", "NAME_1": "Toscana", "NL_NAME_1": "NA", "GID_2": "ITA.16.1_1", "NAME_2": "Arezzo", "NL_NAME_2": "NA", "NAME_3": "FoianoDellaChiana", "VARNAME_3": "NA", "NL_NAME_3": "NA", "TYPE_3": "Commune", "ENGTYPE_3": "Commune", "CC_3": "NA", "HASC_3": "IT.AR.FD"}, "geometry": {"type": "MultiPolygon", "coordinates": [[[[11.8401, 43.3058], [11.8423, 43.2934], [11.8401, 43.2517], [11.8394, 43.2419], [11.8353, 43.234], [11.8347, 43.2254], [11.8139, 43.2217], [11.7968, 43.223], [11.7794, 43.2373], [11.7819, 43.2427], [11.775, 43.2545], [11.7812, 43.2785], [11.78, 43.2855], [11.7972, 43.2993], [11.8058, 43.3014], [11.828, 43.3011], [11.8401, 43.3058]]]]}}, {"type": "Feature", "properties": {"GID_3": "ITA.16.1.19_1", "GID_0": "ITA", "COUNTRY": "Italy", "GID_1": "ITA.16_1", "NAME_1": "Toscana", "NL_NAME_1": "NA", "GID_2": "ITA.16.1_1", "NAME_2": "Arezzo", "NL_NAME_2": "NA", "NAME_3": "Laterina", "VARNAME_3": "NA", "NL_NAME_3": "NA", "TYPE_3": "Commune", "ENGTYPE_3": "Commune", "CC_3": "NA", "HASC_3": "IT.AR.LA"}, "geometry": {"type": "MultiPolygon", "coordinates": [[[[11.7511, 43.518], [11.7534, 43.5165], [11.7533, 43.5053], [11.75, 43.4954], [11.7417, 43.5024], [11.7341, 43.5024], [11.7254, 43.4993], [11.7252, 43.4919], [11.7294, 43.4856], [11.7222, 43.4765], [11.7154, 43.477], [11.7134, 43.4807], [11.7089, 43.4828], [11.7022, 43.4821], [11.6873, 43.4973], [11.6704, 43.5075], [11.6616, 43.508], [11.6659, 43.5117], [11.6665, 43.5166], [11.6713, 43.5212], [11.6793, 43.5259], [11.6919, 43.5304], [11.7049, 43.5303], [11.7115, 43.5284], [11.7158, 43.5262], [11.7156, 43.5246], [11.7193, 43.522], [11.7511, 43.518]]]]}}, {"type": "Feature", "properties": {"GID_3": "ITA.16.1.20_1", "GID_0": "ITA", "COUNTRY": "Italy", "GID_1": "ITA.16_1", "NAME_1": "Toscana", "NL_NAME_1": "NA", "GID_2": "ITA.16.1_1", "NAME_2": "Arezzo", "NL_NAME_2": "NA", "NAME_3": "LoroCiuffenna", "VARNAME_3": "NA", "NL_NAME_3": "NA", "TYPE_3": "Commune", "ENGTYPE_3": "Commune", "CC_3": "NA", "HASC_3": "IT.AR.LC"}, "geometry": {"type": "MultiPolygon", "coordinates": [[[[11.6691, 43.6509], [11.687, 43.6336], [11.6922, 43.6239], [11.6939, 43.6144], [11.7126, 43.5975], [11.7121, 43.5914], [11.7205, 43.5799], [11.7205, 43.5728], [11.723, 43.5699], [11.7262, 43.5707], [11.7382, 43.549], [11.7297, 43.5426], [11.719, 43.5377], [11.7041, 43.5466], [11.6645, 43.5626], [11.6444, 43.5761], [11.6305, 43.5823], [11.6227, 43.5881], [11.6115, 43.5889], [11.5904, 43.5955], [11.5807, 43.6015], [11.5727, 43.6091], [11.5723, 43.6114], [11.5895, 43.6216], [11.603, 43.6228], [11.6045, 43.6275], [11.6031, 43.6393], [11.6152, 43.6608], [11.6246, 43.668], [11.6358, 43.6658], [11.6583, 43.6543], [11.6691, 43.6509]]]]}}, {"type": "Feature", "properties": {"GID_3": "ITA.16.1.21_1", "GID_0": "ITA", "COUNTRY": "Italy", "GID_1": "ITA.16_1", "NAME_1": "Toscana", "NL_NAME_1": "NA", "GID_2": "ITA.16.1_1", "NAME_2": "Arezzo", "NL_NAME_2": "NA", "NAME_3": "Lucignano", "VARNAME_3": "NA", "NL_NAME_3": "NA", "TYPE_3": "Commune", "ENGTYPE_3": "Commune", "CC_3": "NA", "HASC_3": "IT.AR.LU"}, "geometry": {"type": "MultiPolygon", "coordinates": [[[[11.78, 43.2855], [11.7812, 43.2785], [11.775, 43.2545], [11.7819, 43.2427], [11.7802, 43.2386], [11.7794, 43.2373], [11.7742, 43.2393], [11.7549, 43.239], [11.7402, 43.2449], [11.7215, 43.2558], [11.7224, 43.2619], [11.714, 43.2773], [11.7026, 43.2865], [11.679, 43.2865], [11.6776, 43.2921], [11.6626, 43.3119], [11.6713, 43.3125], [11.6838, 43.3167], [11.7148, 43.3078], [11.7277, 43.3025], [11.7335, 43.3053], [11.7569, 43.3077], [11.7746, 43.2927], [11.78, 43.2855]]]]}}, {"type": "Feature", "properties": {"GID_3": "ITA.16.1.22_1", "GID_0": "ITA", "COUNTRY": "Italy", "GID_1": "ITA.16_1", "NAME_1": "Toscana", "NL_NAME_1": "NA", "GID_2": "ITA.16.1_1", "NAME_2": "Arezzo", "NL_NAME_2": "NA", "NAME_3": "MarcianoDellaChiana", "VARNAME_3": "NA", "NL_NAME_3": "NA", "TYPE_3": "Commune", "ENGTYPE_3": "Commune", "CC_3": "NA", "HASC_3": "IT.AR.MD"}, "geometry": {"type": "MultiPolygon", "coordinates": [[[[11.8321, 43.3327], [11.8373, 43.3204], [11.8401, 43.3058], [11.8317, 43.3018], [11.8006, 43.3003], [11.7919, 43.2959], [11.78, 43.2855], [11.7746, 43.2927], [11.7574, 43.3075], [11.7628, 43.31], [11.7661, 43.3142], [11.7668, 43.323], [11.7761, 43.3373], [11.7755, 43.3452], [11.7811, 43.3479], [11.7825, 43.3484], [11.7899, 43.3426], [11.8053, 43.3277], [11.8054, 43.3261], [11.8321, 43.3327]]]]}}, {"type": "Feature", "properties": {"GID_3": "ITA.16.1.23_1", "GID_0": "ITA", "COUNTRY": "Italy", "GID_1": "ITA.16_1", "NAME_1": "Toscana", "NL_NAME_1": "NA", "GID_2": "ITA.16.1_1", "NAME_2": "Arezzo", "NL_NAME_2": "NA", "NAME_3": "MonteSanSavino", "VARNAME_3": "NA", "NL_NAME_3": "NA", "TYPE_3": "Commune", "ENGTYPE_3": "Commune", "CC_3": "NA", "HASC_3": "IT.AR.MS"}, "geometry": {"type": "MultiPolygon", "coordinates": [[[[11.8233, 43.3889], [11.8272, 43.3701], [11.8292, 43.341], [11.8321, 43.3327], [11.8054, 43.3261], [11.8053, 43.3277], [11.7899, 43.3426], [11.7825, 43.3484], [11.7811, 43.3479], [11.7755, 43.3452], [11.7761, 43.3373], [11.7668, 43.323], [11.7661, 43.3142], [11.7628, 43.31], [11.7574, 43.3075], [11.751, 43.308], [11.7335, 43.3053], [11.7277, 43.3025], [11.7148, 43.3078], [11.6838, 43.3167], [11.6713, 43.3125], [11.6626, 43.3119], [11.659, 43.3227], [11.6404, 43.3317], [11.6372, 43.3363], [11.627, 43.3437], [11.6135, 43.3485], [11.6129, 43.3502], [11.613, 43.3547], [11.617, 43.3633], [11.6246, 43.3696], [11.6312, 43.3695], [11.6534, 43.375], [11.6674, 43.3712], [11.6884, 43.3689], [11.6904, 43.365], [11.7035, 43.3568], [11.7216, 43.3498], [11.7215, 43.3547], [11.7288, 43.3583], [11.7471, 43.3638], [11.7586, 43.3645], [11.7681, 43.3628], [11.7773, 43.3696], [11.7806, 43.3756], [11.7865, 43.3791], [11.7982, 43.3836], [11.8233, 43.3889]]]]}}, {"type": "Feature", "properties": {"GID_3": "ITA.16.1.24_1", "GID_0": "ITA", "COUNTRY": "Italy", "GID_1": "ITA.16_1", "NAME_1": "Toscana", "NL_NAME_1": "NA", "GID_2": "ITA.16.1_1", "NAME_2": "Arezzo", "NL_NAME_2": "NA", "NAME_3": "Montemignaio", "VARNAME_3": "NA", "NL_NAME_3": "NA", "TYPE_3": "Commune", "ENGTYPE_3": "Commune", "CC_3": "NA", "HASC_3": "IT.AR.MM"}, "geometry": {"type": "MultiPolygon", "coordinates": [[[[11.634, 43.7894], [11.6301, 43.7887], [11.6287, 43.7736], [11.6175, 43.7587], [11.618, 43.757], [11.6303, 43.7508], [11.6361, 43.7426], [11.6376, 43.7365], [11.6357, 43.7331], [11.6202, 43.7236], [11.6088, 43.7232], [11.5959, 43.7152], [11.5927, 43.7181], [11.5829, 43.7186], [11.5787, 43.7215], [11.573, 43.7353], [11.5818, 43.7437], [11.5907, 43.7488], [11.5869, 43.7584], [11.5837, 43.7617], [11.5827, 43.7664], [11.5839, 43.7691], [11.5961, 43.7753], [11.6047, 43.7883], [11.6091, 43.7862], [11.6153, 43.7859], [11.6217, 43.7889], [11.634, 43.7894]]]]}}, {"type": "Feature", "properties": {"GID_3": "ITA.16.1.25_1", "GID_0": "ITA", "COUNTRY": "Italy", "GID_1": "ITA.16_1", "NAME_1": "Toscana", "NL_NAME_1": "NA", "GID_2": "ITA.16.1_1", "NAME_2": "Arezzo", "NL_NAME_2": "NA", "NAME_3": "Monterchi", "VARNAME_3": "NA", "NL_NAME_3": "NA", "TYPE_3": "Commune", "ENGTYPE_3": "Commune", "CC_3": "NA", "HASC_3": "IT.AR.MR"}, "geometry": {"type": "MultiPolygon", "coordinates": [[[[12.0541, 43.4467], [12.066, 43.4553], [12.0733, 43.4641], [12.0727, 43.4663], [12.0707, 43.4661], [12.0667, 43.4706], [12.0635, 43.4834], [12.0662, 43.4925], [12.0854, 43.5074], [12.0921, 43.5086], [12.0922, 43.5039], [12.0961, 43.5001], [12.1182, 43.4932], [12.1211, 43.4888], [12.1307, 43.4846], [12.1416, 43.4834], [12.1458, 43.4805], [12.1442, 43.4712], [12.1422, 43.4699], [12.1248, 43.468], [12.105, 43.4614], [12.1005, 43.4553], [12.1011, 43.4521], [12.0974, 43.4466], [12.0823, 43.435], [12.0768, 43.435], [12.0603, 43.4395], [12.0578, 43.4392], [12.0546, 43.4359], [12.0541, 43.4467]]]]}}, {"type": "Feature", "properties": {"GID_3": "ITA.16.1.26_1", "GID_0": "ITA", "COUNTRY": "Italy", "GID_1": "ITA.16_1", "NAME_1": "Toscana", "NL_NAME_1": "NA", "GID_2": "ITA.16.1_1", "NAME_2": "Arezzo", "NL_NAME_2": "NA", "NAME_3": "Montevarchi", "VARNAME_3": "NA", "NL_NAME_3": "NA", "TYPE_3": "Commune", "ENGTYPE_3": "Commune", "CC_3": "NA", "HASC_3": "IT.AR.MV"}, "geometry": {"type": "MultiPolygon", "coordinates": [[[[11.6327, 43.4975], [11.626, 43.4974], [11.617, 43.5006], [11.6096, 43.5064], [11.6058, 43.5071], [11.5798, 43.4878], [11.5695, 43.4864], [11.5657, 43.4843], [11.5559, 43.4715], [11.5561, 43.4632], [11.5516, 43.4605], [11.5433, 43.4587], [11.5295, 43.4579], [11.5256, 43.4638], [11.5196, 43.4684], [11.5154, 43.4696], [11.5109, 43.4691], [11.5055, 43.4656], [11.495, 43.4708], [11.4868, 43.4786], [11.4811, 43.4803], [11.4968, 43.4915], [11.5152, 43.5095], [11.5216, 43.5123], [11.5221, 43.5155], [11.5175, 43.5237], [11.5404, 43.5341], [11.5569, 43.5494], [11.5721, 43.5391], [11.6092, 43.5182], [11.6338, 43.5123], [11.6375, 43.5081], [11.6327, 43.4975]]]]}}, {"type": "Feature", "properties": {"GID_3": "ITA.16.1.27_1", "GID_0": "ITA", "COUNTRY": "Italy", "GID_1": "ITA.16_1", "NAME_1": "Toscana", "NL_NAME_1": "NA", "GID_2": "ITA.16.1_1", "NAME_2": "Arezzo", "NL_NAME_2": "NA", "NAME_3": "OrtignanoRaggiolo", "VARNAME_3": "NA", "NL_NAME_3": "NA", "TYPE_3": "Commune", "ENGTYPE_3": "Commune", "CC_3": "NA", "HASC_3": "IT.AR.OR"}, "geometry": {"type": "MultiPolygon", "coordinates": [[[[11.7966, 43.6952], [11.7986, 43.6865], [11.7857, 43.6881], [11.7781, 43.6808], [11.7695, 43.6803], [11.7642, 43.6766], [11.7648, 43.6638], [11.7669, 43.6593], [11.7642, 43.6565], [11.7584, 43.6543], [11.7075, 43.6532], [11.6886, 43.6498], [11.6783, 43.6464], [11.6576, 43.6572], [11.6572, 43.6636], [11.6817, 43.6837], [11.6866, 43.6872], [11.691, 43.6878], [11.6972, 43.6935], [11.7168, 43.692], [11.7278, 43.6857], [11.7336, 43.6848], [11.7482, 43.6953], [11.7632, 43.7004], [11.7789, 43.699], [11.7966, 43.6952]]]]}}, {"type": "Feature", "properties": {"GID_3": "ITA.16.1.28_1", "GID_0": "ITA", "COUNTRY": "Italy", "GID_1": "ITA.16_1", "NAME_1": "Toscana", "NL_NAME_1": "NA", "GID_2": "ITA.16.1_1", "NAME_2": "Arezzo", "NL_NAME_2": "NA", "NAME_3": "PergineValdarno", "VARNAME_3": "NA", "NL_NAME_3": "NA", "TYPE_3": "Commune", "ENGTYPE_3": "Commune", "CC_3": "NA", "HASC_3": "IT.AR.PV"}, "geometry": {"type": "MultiPolygon", "coordinates": [[[[11.668, 43.4226], [11.6657, 43.424], [11.6552, 43.4457], [11.6601, 43.4551], [11.6418, 43.4685], [11.6402, 43.4723], [11.639, 43.4779], [11.6419, 43.486], [11.6327, 43.4953], [11.6375, 43.5081], [11.6519, 43.5108], [11.6616, 43.508], [11.6704, 43.5075], [11.6873, 43.4973], [11.7022, 43.4821], [11.7089, 43.4828], [11.7151, 43.4786], [11.7182, 43.4549], [11.7191, 43.4232], [11.7157, 43.4223], [11.6908, 43.4252], [11.6777, 43.4227], [11.668, 43.4226]]]]}}, {"type": "Feature", "properties": {"GID_3": "ITA.16.1.29_1", "GID_0": "ITA", "COUNTRY": "Italy", "GID_1": "ITA.16_1", "NAME_1": "Toscana", "NL_NAME_1": "NA", "GID_2": "ITA.16.1_1", "NAME_2": "Arezzo", "NL_NAME_2": "NA", "NAME_3": "PianDiSco", "VARNAME_3": "NA", "NL_NAME_3": "NA", "TYPE_3": "Commune", "ENGTYPE_3": "Commune", "CC_3": "NA", "HASC_3": "IT.AR.PA"}, "geometry": {"type": "MultiPolygon", "coordinates": [[[[11.5823, 43.6783], [11.5962, 43.6675], [11.5953, 43.6651], [11.5805, 43.662], [11.5663, 43.6515], [11.5577, 43.6432], [11.5535, 43.6333], [11.5443, 43.6254], [11.5162, 43.6256], [11.5011, 43.615], [11.4952, 43.6242], [11.4849, 43.6271], [11.5088, 43.6417], [11.5422, 43.6444], [11.5507, 43.6479], [11.5518, 43.6488], [11.5465, 43.6492], [11.5399, 43.6566], [11.5402, 43.6625], [11.578, 43.6781], [11.5823, 43.6783]]]]}}, {"type": "Feature", "properties": {"GID_3": "ITA.16.1.30_1", "GID_0": "ITA", "COUNTRY": "Italy", "GID_1": "ITA.16_1", "NAME_1": "Toscana", "NL_NAME_1": "NA", "GID_2": "ITA.16.1_1", "NAME_2": "Arezzo", "NL_NAME_2": "NA", "NAME_3": "PieveSantoStefano", "VARNAME_3": "NA", "NL_NAME_3": "NA", "TYPE_3": "Commune", "ENGTYPE_3": "Commune", "CC_3": "NA", "HASC_3": "IT.AR.PE"}, "geometry": {"type": "MultiPolygon", "coordinates": [[[[11.9875, 43.7629], [11.9997, 43.765], [12.0107, 43.7648], [12.0266, 43.7623], [12.0451, 43.7566], [12.0454, 43.7593], [12.0468, 43.7595], [12.062, 43.7542], [12.062, 43.7494], [12.0656, 43.7439], [12.0715, 43.7417], [12.078, 43.7416], [12.076, 43.7367], [12.0767, 43.734], [12.0914, 43.7275], [12.1018, 43.7187], [12.0923, 43.7107], [12.092, 43.7082], [12.0968, 43.7012], [12.1255, 43.678], [12.1325, 43.6741], [12.1425, 43.6722], [12.1624, 43.663], [12.1682, 43.6554], [12.1676, 43.6467], [12.1587, 43.6347], [12.1453, 43.6331], [12.1425, 43.6406], [12.136, 43.6494], [12.1305, 43.651], [12.1219, 43.6422], [12.1173, 43.6309], [12.1184, 43.6228], [12.1164, 43.6162], [12.1055, 43.6091], [12.0995, 43.6001], [12.0964, 43.5984], [12.0631, 43.5929], [12.0594, 43.5931], [12.0594, 43.5951], [12.0571, 43.5957], [12.0401, 43.595], [12.0295, 43.5998], [12.0253, 43.6076], [12.0181, 43.6142], [12.0322, 43.6211], [12.0381, 43.6306], [12.0358, 43.6411], [12.0379, 43.6522], [12.0408, 43.6582], [12.0301, 43.6639], [12.0108, 43.6675], [11.9997, 43.6713], [11.9962, 43.6741], [11.9929, 43.6845], [11.9814, 43.6902], [11.9817, 43.6967], [11.9856, 43.7008], [11.9759, 43.7155], [11.9745, 43.7222], [11.9766, 43.7243], [11.9808, 43.725], [11.9853, 43.7315], [11.9821, 43.7415], [11.9875, 43.7629]]]]}}, {"type": "Feature", "properties": {"GID_3": "ITA.16.1.31_1", "GID_0": "ITA", "COUNTRY": "Italy", "GID_1": "ITA.16_1", "NAME_1": "Toscana", "NL_NAME_1": "NA", "GID_2": "ITA.16.1_1", "NAME_2": "Arezzo", "NL_NAME_2": "NA", "NAME_3": "Poppi", "VARNAME_3": "NA", "NL_NAME_3": "NA", "TYPE_3": "Commune", "ENGTYPE_3": "Commune", "CC_3": "NA", "HASC_3": "IT.AR.PO"}, "geometry": {"type": "MultiPolygon", "coordinates": [[[[11.8066, 43.6752], [11.7904, 43.6733], [11.7846, 43.6692], [11.7777, 43.677], [11.7781, 43.6808], [11.7857, 43.6881], [11.7922, 43.6879], [11.7986, 43.6865], [11.8066, 43.6752]]], [[[11.8144, 43.8254], [11.8426, 43.809], [11.8397, 43.8076], [11.8356, 43.8014], [11.8397, 43.7935], [11.8394, 43.7851], [11.8307, 43.7786], [11.8142, 43.775], [11.8117, 43.7629], [11.8131, 43.753], [11.8162, 43.7503], [11.8164, 43.7482], [11.789, 43.7447], [11.7868, 43.7344], [11.7917, 43.7326], [11.7978, 43.7202], [11.7958, 43.7035], [11.7966, 43.6952], [11.7789, 43.699], [11.7632, 43.7004], [11.7482, 43.6953], [11.7336, 43.6848], [11.7278, 43.6857], [11.7168, 43.692], [11.6959, 43.6937], [11.6948, 43.6947], [11.7023, 43.7283], [11.7152, 43.7382], [11.7181, 43.746], [11.7224, 43.7464], [11.7407, 43.7384], [11.7399, 43.7453], [11.7284, 43.7627], [11.7351, 43.764], [11.7497, 43.7627], [11.7602, 43.7698], [11.7662, 43.779], [11.7818, 43.7809], [11.7847, 43.7878], [11.7791, 43.7906], [11.7781, 43.7968], [11.7867, 43.8113], [11.7918, 43.8118], [11.7957, 43.8149], [11.8082, 43.8299], [11.8144, 43.8254]]], [[[11.8488, 43.8111], [11.8563, 43.8166], [11.8684, 43.8179], [11.8711, 43.8175], [11.8771, 43.8115], [11.8974, 43.8087], [11.9107, 43.8137], [11.9144, 43.8077], [11.9141, 43.7999], [11.9084, 43.7927], [11.9049, 43.7912], [11.9, 43.7902], [11.8833, 43.7928], [11.8714, 43.7872], [11.8635, 43.7889], [11.8608, 43.7985], [11.8431, 43.809], [11.8488, 43.8111]]]]}}, {"type": "Feature", "properties": {"GID_3": "ITA.16.1.32_1", "GID_0": "ITA", "COUNTRY": "Italy", "GID_1": "ITA.16_1", "NAME_1": "Toscana", "NL_NAME_1": "NA", "GID_2": "ITA.16.1_1", "NAME_2": "Arezzo", "NL_NAME_2": "NA", "NAME_3": "Pratovecchio", "VARNAME_3": "NA", "NL_NAME_3": "NA", "TYPE_3": "Commune", "ENGTYPE_3": "Commune", "CC_3": "NA", "HASC_3": "IT.AR.PR"}, "geometry": {"type": "MultiPolygon", "coordinates": [[[[11.7894, 43.846], [11.8082, 43.8299], [11.7957, 43.8149], [11.7918, 43.8118], [11.7867, 43.8113], [11.7781, 43.7968], [11.7791, 43.7906], [11.7847, 43.7878], [11.7825, 43.7815], [11.7662, 43.779], [11.7602, 43.7698], [11.7497, 43.7627], [11.7343, 43.7639], [11.7284, 43.7627], [11.7296, 43.7603], [11.7021, 43.7683], [11.6861, 43.7657], [11.677, 43.7627], [11.6745, 43.7599], [11.6676, 43.7636], [11.6644, 43.771], [11.6652, 43.7739], [11.6635, 43.7797], [11.6617, 43.7834], [11.6582, 43.7856], [11.6501, 43.7884], [11.6293, 43.7895], [11.6217, 43.7889], [11.6153, 43.7859], [11.6091, 43.7862], [11.6047, 43.7883], [11.6032, 43.7922], [11.6058, 43.8112], [11.6254, 43.8167], [11.6345, 43.8082], [11.648, 43.8089], [11.65, 43.8098], [11.6541, 43.8169], [11.6527, 43.819], [11.6545, 43.8243], [11.6577, 43.8268], [11.6642, 43.821], [11.6958, 43.8067], [11.7016, 43.7942], [11.7085, 43.7898], [11.7111, 43.7898], [11.7166, 43.7926], [11.7149, 43.7951], [11.718, 43.8006], [11.7324, 43.8154], [11.7418, 43.8223], [11.7437, 43.8291], [11.7519, 43.8373], [11.7602, 43.8509], [11.7601, 43.8558], [11.7749, 43.8521], [11.7894, 43.846]]]]}}, {"type": "Feature", "properties": {"GID_3": "ITA.16.1.33_1", "GID_0": "ITA", "COUNTRY": "Italy", "GID_1": "ITA.16_1", "NAME_1": "Toscana", "NL_NAME_1": "NA", "GID_2": "ITA.16.1_1", "NAME_2": "Arezzo", "NL_NAME_2": "NA", "NAME_3": "SanGiovanniValdarno", "VARNAME_3": "NA", "NL_NAME_3": "NA", "TYPE_3": "Commune", "ENGTYPE_3": "Commune", "CC_3": "NA", "HASC_3": "IT.AR.SG"}, "geometry": {"type": "MultiPolygon", "coordinates": [[[[11.5176, 43.5952], [11.5365, 43.5906], [11.5346, 43.5797], [11.5477, 43.5745], [11.5453, 43.569], [11.5444, 43.5584], [11.5569, 43.5494], [11.5404, 43.5341], [11.5175, 43.5237], [11.5154, 43.5264], [11.5157, 43.532], [11.4984, 43.5498], [11.5019, 43.562], [11.5012, 43.5692], [11.5036, 43.5776], [11.5082, 43.58], [11.512, 43.5781], [11.5168, 43.5791], [11.5225, 43.582], [11.5175, 43.5867], [11.515, 43.5918], [11.5176, 43.5952]]]]}}, {"type": "Feature", "properties": {"GID_3": "ITA.16.1.34_1", "GID_0": "ITA", "COUNTRY": "Italy", "GID_1": "ITA.16_1", "NAME_1": "Toscana", "NL_NAME_1": "NA", "GID_2": "ITA.16.1_1", "NAME_2": "Arezzo", "NL_NAME_2": "NA", "NAME_3": "Sansepolcro", "VARNAME_3": "NA", "NL_NAME_3": "NA", "TYPE_3": "Commune", "ENGTYPE_3": "Commune", "CC_3": "NA", "HASC_3": "IT.AR.SA"}, "geometry": {"type": "MultiPolygon", "coordinates": [[[[12.1865, 43.6427], [12.1906, 43.6338], [12.2047, 43.6274], [12.2109, 43.622], [12.2152, 43.6114], [12.2021, 43.6055], [12.1898, 43.5873], [12.1797, 43.5759], [12.1636, 43.5623], [12.1542, 43.5344], [12.1542, 43.5297], [12.1482, 43.5318], [12.1431, 43.5367], [12.1169, 43.5286], [12.1037, 43.5309], [12.1058, 43.5346], [12.097, 43.55], [12.076, 43.5706], [12.0673, 43.5759], [12.0553, 43.5798], [12.0502, 43.58], [12.0477, 43.5819], [12.0475, 43.5878], [12.0594, 43.5931], [12.0988, 43.5995], [12.1055, 43.6091], [12.1164, 43.6162], [12.1184, 43.6228], [12.1173, 43.6309], [12.1219, 43.6422], [12.1315, 43.6517], [12.136, 43.6494], [12.1425, 43.6406], [12.1453, 43.6331], [12.1592, 43.6349], [12.1676, 43.6467], [12.1684, 43.654], [12.1829, 43.6486], [12.1865, 43.6427]]]]}}, {"type": "Feature", "properties": {"GID_3": "ITA.16.1.35_1", "GID_0": "ITA", "COUNTRY": "Italy", "GID_1": "ITA.16_1", "NAME_1": "Toscana", "NL_NAME_1": "NA", "GID_2": "ITA.16.1_1", "NAME_2": "Arezzo", "NL_NAME_2": "NA", "NAME_3": "Sestino", "VARNAME_3": "NA", "NL_NAME_3": "NA", "TYPE_3": "Commune", "ENGTYPE_3": "Commune", "CC_3": "NA", "HASC_3": "IT.AR.SE"}, "geometry": {"type": "MultiPolygon", "coordinates": [[[[12.3397, 43.7372], [12.3694, 43.7159], [12.3723, 43.71], [12.3695, 43.7069], [12.3583, 43.703], [12.3535, 43.7056], [12.352, 43.7086], [12.3315, 43.7089], [12.3307, 43.6995], [12.3346, 43.6822], [12.3372, 43.6791], [12.3321, 43.6745], [12.3167, 43.6789], [12.3216, 43.6891], [12.3223, 43.6944], [12.315, 43.7018], [12.3154, 43.7124], [12.3106, 43.731], [12.3058, 43.7289], [12.3019, 43.7209], [12.3067, 43.6989], [12.2945, 43.6852], [12.2831, 43.679], [12.2744, 43.6769], [12.2638, 43.6807], [12.2467, 43.6824], [12.2508, 43.6883], [12.2593, 43.696], [12.266, 43.6975], [12.27, 43.706], [12.2649, 43.7131], [12.2465, 43.7199], [12.2423, 43.7167], [12.2324, 43.7032], [12.2264, 43.7007], [12.2086, 43.7015], [12.2041, 43.7034], [12.1938, 43.7173], [12.1917, 43.7251], [12.2015, 43.7411], [12.1985, 43.746], [12.2055, 43.7492], [12.2101, 43.7581], [12.2295, 43.7605], [12.2423, 43.7545], [12.2549, 43.7556], [12.2581, 43.7616], [12.2789, 43.7658], [12.2847, 43.7659], [12.301, 43.7579], [12.318, 43.7566], [12.328, 43.752], [12.3397, 43.7372]]]]}}, {"type": "Feature", "properties": {"GID_3": "ITA.16.1.36_1", "GID_0": "ITA", "COUNTRY": "Italy", "GID_1": "ITA.16_1", "NAME_1": "Toscana", "NL_NAME_1": "NA", "GID_2": "ITA.16.1_1", "NAME_2": "Arezzo", "NL_NAME_2": "NA", "NAME_3": "Stia", "VARNAME_3": "NA", "NL_NAME_3": "NA", "TYPE_3": "Commune", "ENGTYPE_3": "Commune", "CC_3": "NA", "HASC_3": "IT.AR.ST"}, "geometry": {"type": "MultiPolygon", "coordinates": [[[[11.7112, 43.8784], [11.7229, 43.8753], [11.733, 43.8643], [11.7582, 43.8577], [11.7607, 43.8536], [11.7519, 43.8373], [11.7437, 43.8291], [11.7418, 43.8223], [11.7324, 43.8154], [11.7173, 43.7999], [11.7149, 43.7951], [11.7166, 43.7926], [11.7098, 43.7896], [11.7032, 43.7929], [11.6971, 43.8058], [11.6642, 43.821], [11.6577, 43.8268], [11.6545, 43.8243], [11.6527, 43.819], [11.6541, 43.8169], [11.65, 43.8098], [11.648, 43.8089], [11.6345, 43.8082], [11.6254, 43.8167], [11.6307, 43.8253], [11.6243, 43.8326], [11.6305, 43.8469], [11.6341, 43.8484], [11.6506, 43.8466], [11.6537, 43.8427], [11.6553, 43.8479], [11.6507, 43.8612], [11.6614, 43.8729], [11.6714, 43.8778], [11.6734, 43.8763], [11.693, 43.8737], [11.7112, 43.8784]]]]}}, {"type": "Feature", "properties": {"GID_3": "ITA.16.1.37_1", "GID_0": "ITA", "COUNTRY": "Italy", "GID_1": "ITA.16_1", "NAME_1": "Toscana", "NL_NAME_1": "NA", "GID_2": "ITA.16.1_1", "NAME_2": "Arezzo", "NL_NAME_2": "NA", "NAME_3": "Subbiano", "VARNAME_3": "NA", "NL_NAME_3": "NA", "TYPE_3": "Commune", "ENGTYPE_3": "Commune", "CC_3": "NA", "HASC_3": "IT.AR.SU"}, "geometry": {"type": "MultiPolygon", "coordinates": [[[[11.9476, 43.6185], [11.9453, 43.609], [11.9616, 43.6037], [11.9689, 43.576], [11.9515, 43.559], [11.9275, 43.5469], [11.8981, 43.5384], [11.8909, 43.543], [11.8864, 43.5498], [11.8739, 43.5573], [11.8613, 43.5558], [11.8503, 43.5488], [11.8454, 43.5512], [11.8446, 43.5548], [11.8497, 43.5614], [11.8616, 43.5638], [11.8679, 43.5681], [11.8731, 43.5869], [11.8778, 43.591], [11.8796, 43.5957], [11.8755, 43.5996], [11.8679, 43.5998], [11.8622, 43.6115], [11.863, 43.6168], [11.8515, 43.6206], [11.841, 43.6312], [11.8394, 43.6365], [11.8646, 43.6507], [11.8888, 43.6453], [11.9106, 43.6472], [11.9193, 43.6447], [11.9152, 43.6384], [11.9234, 43.6288], [11.9301, 43.6267], [11.9406, 43.6266], [11.9466, 43.6227], [11.9476, 43.6185]]]]}}, {"type": "Feature", "properties": {"GID_3": "ITA.16.1.38_1", "GID_0": "ITA", "COUNTRY": "Italy", "GID_1": "ITA.16_1", "NAME_1": "Toscana", "NL_NAME_1": "NA", "GID_2": "ITA.16.1_1", "NAME_2": "Arezzo", "NL_NAME_2": "NA", "NAME_3": "Talla", "VARNAME_3": "NA", "NL_NAME_3": "NA", "TYPE_3": "Commune", "ENGTYPE_3": "Commune", "CC_3": "NA", "HASC_3": "IT.AR.TA"}, "geometry": {"type": "MultiPolygon", "coordinates": [[[[11.8292, 43.5952], [11.8065, 43.5759], [11.7813, 43.5576], [11.7785, 43.5606], [11.7635, 43.5655], [11.7506, 43.5735], [11.7255, 43.5811], [11.7214, 43.5813], [11.7202, 43.58], [11.7121, 43.5914], [11.7121, 43.5981], [11.6939, 43.6144], [11.6922, 43.6239], [11.687, 43.6336], [11.6906, 43.6341], [11.7106, 43.629], [11.7208, 43.6214], [11.7298, 43.6185], [11.7336, 43.6202], [11.7429, 43.6351], [11.7592, 43.6417], [11.7805, 43.6435], [11.7915, 43.6359], [11.7916, 43.6346], [11.7837, 43.6304], [11.7901, 43.6197], [11.7978, 43.6137], [11.8161, 43.6141], [11.8218, 43.6108], [11.8287, 43.6029], [11.8301, 43.598], [11.8292, 43.5952]]]]}}, {"type": "Feature", "properties": {"GID_3": "ITA.16.1.39_1", "GID_0": "ITA", "COUNTRY": "Italy", "GID_1": "ITA.16_1", "NAME_1": "Toscana", "NL_NAME_1": "NA", "GID_2": "ITA.16.1_1", "NAME_2": "Arezzo", "NL_NAME_2": "NA", "NAME_3": "TerranuovaBracciolini", "VARNAME_3": "NA", "NL_NAME_3": "NA", "TYPE_3": "Commune", "ENGTYPE_3": "Commune", "CC_3": "NA", "HASC_3": "IT.AR.TB"}, "geometry": {"type": "MultiPolygon", "coordinates": [[[[11.5365, 43.5906], [11.5448, 43.6073], [11.5566, 43.611], [11.5735, 43.6121], [11.5727, 43.6091], [11.5807, 43.6015], [11.5904, 43.5955], [11.6115, 43.5889], [11.6227, 43.5881], [11.6305, 43.5823], [11.6444, 43.5761], [11.6645, 43.5626], [11.7041, 43.5466], [11.719, 43.5377], [11.7237, 43.5401], [11.7172, 43.5322], [11.7211, 43.5219], [11.7171, 43.5229], [11.7158, 43.5262], [11.7115, 43.5284], [11.7049, 43.5303], [11.6919, 43.5304], [11.6793, 43.5259], [11.6713, 43.5212], [11.6665, 43.5166], [11.6659, 43.5117], [11.6616, 43.508], [11.6519, 43.5108], [11.6375, 43.5081], [11.6311, 43.5137], [11.6124, 43.5168], [11.5675, 43.5419], [11.5444, 43.5584], [11.5453, 43.569], [11.5477, 43.5745], [11.5346, 43.5797], [11.5365, 43.5906]]]]}}, {"type": "Feature", "properties": {"GID_3": "ITA.16.2.1_1", "GID_0": "ITA", "COUNTRY": "Italy", "GID_1": "ITA.16_1", "NAME_1": "Toscana", "NL_NAME_1": "NA", "GID_2": "ITA.16.2_1", "NAME_2": "Florence", "NL_NAME_2": "NA", "NAME_3": "BagnoARipoli", "VARNAME_3": "NA", "NL_NAME_3": "NA", "TYPE_3": "Commune", "ENGTYPE_3": "Commune", "CC_3": "NA", "HASC_3": "IT.FI.BR"}, "geometry": {"type": "MultiPolygon", "coordinates": [[[[11.3326, 43.7708], [11.3352, 43.7665], [11.3403, 43.7664], [11.3608, 43.7778], [11.3621, 43.7842], [11.3797, 43.7854], [11.3837, 43.7888], [11.3942, 43.7876], [11.4133, 43.7783], [11.4174, 43.7734], [11.4094, 43.7654], [11.3885, 43.7572], [11.3863, 43.7482], [11.3856, 43.7247], [11.3745, 43.7143], [11.3664, 43.7003], [11.3619, 43.6955], [11.3537, 43.6926], [11.3383, 43.6836], [11.3306, 43.678], [11.3247, 43.6712], [11.3189, 43.6724], [11.3125, 43.679], [11.3119, 43.6881], [11.3069, 43.6882], [11.3089, 43.6892], [11.3096, 43.6921], [11.3076, 43.7055], [11.303, 43.7067], [11.2978, 43.7019], [11.2892, 43.7056], [11.2841, 43.7093], [11.2844, 43.7159], [11.2823, 43.7198], [11.2581, 43.7356], [11.2655, 43.738], [11.2696, 43.7421], [11.2819, 43.7445], [11.2939, 43.7408], [11.3064, 43.7393], [11.3079, 43.7576], [11.3326, 43.7708]]]]}}, {"type": "Feature", "properties": {"GID_3": "ITA.16.2.2_1", "GID_0": "ITA", "COUNTRY": "Italy", "GID_1": "ITA.16_1", "NAME_1": "Toscana", "NL_NAME_1": "NA", "GID_2": "ITA.16.2_1", "NAME_2": "Florence", "NL_NAME_2": "NA", "NAME_3": "BarberinoDiMugello", "VARNAME_3": "NA", "NL_NAME_3": "NA", "TYPE_3": "Commune", "ENGTYPE_3": "Commune", "CC_3": "NA", "HASC_3": "IT.FI.BM"}, "geometry": {"type": "MultiPolygon", "coordinates": [[[[11.2034, 44.1017], [11.2146, 44.0997], [11.2525, 44.105], [11.2647, 44.1052], [11.2666, 44.0993], [11.2661, 44.0926], [11.2643, 44.0904], [11.2616, 44.0901], [11.2608, 44.0804], [11.2629, 44.0715], [11.2769, 44.0799], [11.2826, 44.091], [11.3004, 44.0847], [11.2853, 44.072], [11.285, 44.0671], [11.271, 44.0503], [11.2702, 44.0418], [11.2715, 44.0402], [11.2866, 44.0382], [11.3, 44.0264], [11.3, 44.0186], [11.3024, 44.014], [11.3065, 44.0096], [11.3103, 44.008], [11.3132, 44.0027], [11.3135, 43.9937], [11.303, 43.9982], [11.297, 43.9935], [11.2933, 43.9823], [11.2921, 43.9765], [11.2944, 43.973], [11.304, 43.9653], [11.2752, 43.9651], [11.2599, 43.9723], [11.2577, 43.9682], [11.2596, 43.9615], [11.2562, 43.9536], [11.2407, 43.9536], [11.222, 43.9578], [11.2106, 43.956], [11.2038, 43.95], [11.1988, 43.9494], [11.1904, 43.9489], [11.1803, 43.9504], [11.1761, 43.9526], [11.1704, 43.9638], [11.1749, 43.9755], [11.1723, 43.9813], [11.179, 43.9878], [11.181, 43.9946], [11.1775, 44.0097], [11.175, 44.0109], [11.188, 44.0179], [11.1926, 44.0308], [11.1918, 44.0331], [11.1804, 44.0432], [11.1803, 44.0467], [11.1816, 44.0525], [11.1872, 44.0572], [11.1879, 44.065], [11.1867, 44.0721], [11.1879, 44.0754], [11.2001, 44.0845], [11.1997, 44.0985], [11.2034, 44.1017]]]]}}, {"type": "Feature", "properties": {"GID_3": "ITA.16.2.3_1", "GID_0": "ITA", "COUNTRY": "Italy", "GID_1": "ITA.16_1", "NAME_1": "Toscana", "NL_NAME_1": "NA", "GID_2": "ITA.16.2_1", "NAME_2": "Florence", "NL_NAME_2": "NA", "NAME_3": "BarberinoVald'Elsa", "VARNAME_3": "NA", "NL_NAME_3": "NA", "TYPE_3": "Commune", "ENGTYPE_3": "Commune", "CC_3": "NA", "HASC_3": "IT.FI.BV"}, "geometry": {"type": "MultiPolygon", "coordinates": [[[[11.0811, 43.5169], [11.1068, 43.5215], [11.1143, 43.5243], [11.1197, 43.5306], [11.1311, 43.5335], [11.1356, 43.5383], [11.1345, 43.5425], [11.1317, 43.543], [11.1328, 43.55], [11.1487, 43.5654], [11.1474, 43.5708], [11.1422, 43.5746], [11.1408, 43.5828], [11.1448, 43.5858], [11.1596, 43.5681], [11.1578, 43.5593], [11.1505, 43.5487], [11.1624, 43.5472], [11.1933, 43.5509], [11.1994, 43.5386], [11.1993, 43.5356], [11.2104, 43.5329], [11.2331, 43.5331], [11.2464, 43.5309], [11.273, 43.5302], [11.2443, 43.4975], [11.2293, 43.4902], [11.2206, 43.489], [11.2091, 43.4813], [11.2051, 43.4822], [11.2006, 43.4865], [11.191, 43.491], [11.1865, 43.4915], [11.1766, 43.4892], [11.1754, 43.4908], [11.1819, 43.4985], [11.1881, 43.5019], [11.1941, 43.5153], [11.1851, 43.5236], [11.161, 43.5088], [11.1556, 43.5017], [11.1506, 43.4865], [11.1391, 43.4783], [11.1246, 43.4761], [11.1205, 43.4775], [11.1156, 43.4936], [11.1122, 43.4991], [11.0811, 43.5169]]]]}}, {"type": "Feature", "properties": {"GID_3": "ITA.16.2.4_1", "GID_0": "ITA", "COUNTRY": "Italy", "GID_1": "ITA.16_1", "NAME_1": "Toscana", "NL_NAME_1": "NA", "GID_2": "ITA.16.2_1", "NAME_2": "Florence", "NL_NAME_2": "NA", "NAME_3": "BorgoSanLorenzo", "VARNAME_3": "NA", "NL_NAME_3": "NA", "TYPE_3": "Commune", "ENGTYPE_3": "Commune", "CC_3": "NA", "HASC_3": "IT.FI.BS"}, "geometry": {"type": "MultiPolygon", "coordinates": [[[[11.3477, 43.8711], [11.3457, 43.8714], [11.3444, 43.8762], [11.3456, 43.8794], [11.3532, 43.8873], [11.355, 43.8919], [11.3361, 43.8954], [11.3195, 43.9065], [11.3118, 43.9155], [11.3119, 43.9282], [11.3235, 43.9424], [11.3352, 43.9499], [11.3421, 43.9522], [11.3517, 43.9599], [11.3641, 43.9637], [11.371, 43.9634], [11.376, 43.9657], [11.3796, 43.9743], [11.3727, 43.9782], [11.3764, 43.986], [11.3805, 43.9897], [11.3852, 44.0017], [11.3837, 44.0178], [11.3911, 44.036], [11.3914, 44.0445], [11.4183, 44.051], [11.4487, 44.051], [11.4527, 44.0523], [11.4556, 44.0614], [11.4597, 44.0645], [11.4875, 44.0572], [11.5011, 44.0478], [11.5006, 44.0449], [11.5258, 44.0392], [11.5327, 44.0333], [11.5354, 44.0283], [11.5233, 44.0195], [11.5078, 44.0236], [11.4949, 44.0322], [11.4873, 44.0323], [11.4792, 44.0259], [11.4705, 44.0131], [11.4507, 44.0022], [11.438, 43.9769], [11.4312, 43.9693], [11.4214, 43.9675], [11.4226, 43.9347], [11.4188, 43.9257], [11.4241, 43.9202], [11.4369, 43.8954], [11.4439, 43.8872], [11.4433, 43.8823], [11.4369, 43.8808], [11.4271, 43.8735], [11.4017, 43.8714], [11.3863, 43.8735], [11.3477, 43.8711]]]]}}, {"type": "Feature", "properties": {"GID_3": "ITA.16.2.5_1", "GID_0": "ITA", "COUNTRY": "Italy", "GID_1": "ITA.16_1", "NAME_1": "Toscana", "NL_NAME_1": "NA", "GID_2": "ITA.16.2_1", "NAME_2": "Florence", "NL_NAME_2": "NA", "NAME_3": "Calenzano", "VARNAME_3": "NA", "NL_NAME_3": "NA", "TYPE_3": "Commune", "ENGTYPE_3": "Commune", "CC_3": "NA", "HASC_3": "IT.FI.CL"}, "geometry": {"type": "MultiPolygon", "coordinates": [[[[11.1761, 43.9526], [11.1803, 43.9504], [11.1904, 43.9489], [11.1988, 43.9494], [11.2038, 43.95], [11.2106, 43.956], [11.222, 43.9578], [11.2407, 43.9536], [11.2512, 43.9544], [11.2461, 43.9508], [11.2423, 43.9351], [11.2451, 43.9328], [11.2513, 43.9315], [11.2552, 43.9269], [11.2625, 43.9248], [11.2629, 43.9204], [11.2626, 43.9184], [11.2516, 43.9065], [11.2309, 43.9009], [11.2345, 43.8869], [11.2335, 43.8813], [11.2296, 43.8773], [11.2141, 43.8698], [11.203, 43.8569], [11.189, 43.8447], [11.173, 43.8404], [11.164, 43.8477], [11.161, 43.8449], [11.1504, 43.8479], [11.1432, 43.856], [11.1497, 43.868], [11.1453, 43.8764], [11.1354, 43.8851], [11.1381, 43.8907], [11.1422, 43.894], [11.1486, 43.9032], [11.1426, 43.9078], [11.1587, 43.9178], [11.1685, 43.9177], [11.1703, 43.9196], [11.1641, 43.9291], [11.1617, 43.9363], [11.1651, 43.9401], [11.1727, 43.9425], [11.1761, 43.9526]]]]}}, {"type": "Feature", "properties": {"GID_3": "ITA.16.2.6_1", "GID_0": "ITA", "COUNTRY": "Italy", "GID_1": "ITA.16_1", "NAME_1": "Toscana", "NL_NAME_1": "NA", "GID_2": "ITA.16.2_1", "NAME_2": "Florence", "NL_NAME_2": "NA", "NAME_3": "CampiBisenzio", "VARNAME_3": "NA", "NL_NAME_3": "NA", "TYPE_3": "Commune", "ENGTYPE_3": "Commune", "CC_3": "NA", "HASC_3": "IT.FI.CB"}, "geometry": {"type": "MultiPolygon", "coordinates": [[[[11.1447, 43.8595], [11.1432, 43.856], [11.1504, 43.8479], [11.161, 43.8449], [11.1596, 43.8328], [11.1681, 43.829], [11.169, 43.8263], [11.1649, 43.8154], [11.155, 43.8133], [11.1457, 43.8051], [11.1578, 43.8039], [11.1516, 43.7872], [11.144, 43.7861], [11.136, 43.7899], [11.1341, 43.7942], [11.1403, 43.8012], [11.1316, 43.8046], [11.0623, 43.8153], [11.0635, 43.8186], [11.0706, 43.826], [11.0783, 43.8244], [11.0808, 43.8228], [11.0799, 43.8207], [11.0848, 43.8187], [11.096, 43.821], [11.1048, 43.8269], [11.1042, 43.8293], [11.1238, 43.8515], [11.1357, 43.8539], [11.142, 43.8601], [11.1447, 43.8595]]]]}}, {"type": "Feature", "properties": {"GID_3": "ITA.16.2.7_1", "GID_0": "ITA", "COUNTRY": "Italy", "GID_1": "ITA.16_1", "NAME_1": "Toscana", "NL_NAME_1": "NA", "GID_2": "ITA.16.2_1", "NAME_2": "Florence", "NL_NAME_2": "NA", "NAME_3": "CapraiaELimite", "VARNAME_3": "NA", "NL_NAME_3": "NA", "TYPE_3": "Commune", "ENGTYPE_3": "Commune", "CC_3": "NA", "HASC_3": "IT.FI.CP"}, "geometry": {"type": "MultiPolygon", "coordinates": [[[[10.9775, 43.7418], [10.9653, 43.7363], [10.9607, 43.7432], [10.966, 43.7471], [10.9667, 43.7531], [10.9598, 43.7633], [10.9709, 43.7843], [10.9788, 43.7863], [10.9852, 43.7859], [11.0003, 43.7777], [11.0289, 43.7754], [11.0357, 43.7679], [11.0285, 43.7637], [11.0266, 43.7608], [11.0281, 43.7569], [11.0334, 43.7508], [11.0334, 43.7477], [11.0159, 43.734], [11.0065, 43.7348], [10.9847, 43.7446], [10.98, 43.7443], [10.9775, 43.7418]]]]}}, {"type": "Feature", "properties": {"GID_3": "ITA.16.2.8_1", "GID_0": "ITA", "COUNTRY": "Italy", "GID_1": "ITA.16_1", "NAME_1": "Toscana", "NL_NAME_1": "NA", "GID_2": "ITA.16.2_1", "NAME_2": "Florence", "NL_NAME_2": "NA", "NAME_3": "Castelfiorentino", "VARNAME_3": "NA", "NL_NAME_3": "NA", "TYPE_3": "Commune", "ENGTYPE_3": "Commune", "CC_3": "NA", "HASC_3": "IT.FI.CS"}, "geometry": {"type": "MultiPolygon", "coordinates": [[[[11.0255, 43.5996], [11.0287, 43.5912], [11.0259, 43.5876], [11.0213, 43.5832], [11.0046, 43.5755], [11.0006, 43.5759], [10.9943, 43.583], [10.9784, 43.5931], [10.968, 43.5891], [10.9657, 43.5833], [10.9601, 43.5787], [10.95, 43.5771], [10.9468, 43.5747], [10.9394, 43.5756], [10.9292, 43.5978], [10.9278, 43.6043], [10.9203, 43.6136], [10.9176, 43.6155], [10.8957, 43.6193], [10.8754, 43.6214], [10.8878, 43.6374], [10.8969, 43.6386], [10.9031, 43.6373], [10.912, 43.6407], [10.9349, 43.6585], [10.9378, 43.6542], [10.9445, 43.6517], [10.9475, 43.6524], [10.9436, 43.6558], [10.9558, 43.6722], [10.9717, 43.6611], [10.9724, 43.658], [10.9862, 43.6494], [10.9944, 43.6402], [10.9974, 43.6385], [11.0072, 43.6385], [11.0106, 43.637], [11.013, 43.6298], [11.009, 43.6247], [11.0092, 43.6164], [11.0207, 43.601], [11.0255, 43.5996]]]]}}, {"type": "Feature", "properties": {"GID_3": "ITA.16.2.9_1", "GID_0": "ITA", "COUNTRY": "Italy", "GID_1": "ITA.16_1", "NAME_1": "Toscana", "NL_NAME_1": "NA", "GID_2": "ITA.16.2_1", "NAME_2": "Florence", "NL_NAME_2": "NA", "NAME_3": "CerretoGuidi", "VARNAME_3": "NA", "NL_NAME_3": "NA", "TYPE_3": "Commune", "ENGTYPE_3": "Commune", "CC_3": "NA", "HASC_3": "IT.FI.CG"}, "geometry": {"type": "MultiPolygon", "coordinates": [[[[10.9012, 43.7363], [10.8972, 43.7361], [10.889, 43.7256], [10.8789, 43.7203], [10.8682, 43.7185], [10.8536, 43.7199], [10.8255, 43.7138], [10.8204, 43.7155], [10.8391, 43.7498], [10.828, 43.7553], [10.8098, 43.7597], [10.8131, 43.771], [10.8137, 43.7898], [10.8485, 43.804], [10.8549, 43.8024], [10.8765, 43.7854], [10.88, 43.7784], [10.9047, 43.7645], [10.9076, 43.7594], [10.9013, 43.7433], [10.9012, 43.7363]]]]}}, {"type": "Feature", "properties": {"GID_3": "ITA.16.2.10_1", "GID_0": "ITA", "COUNTRY": "Italy", "GID_1": "ITA.16_1", "NAME_1": "Toscana", "NL_NAME_1": "NA", "GID_2": "ITA.16.2_1", "NAME_2": "Florence", "NL_NAME_2": "NA", "NAME_3": "Certaldo", "VARNAME_3": "NA", "NL_NAME_3": "NA", "TYPE_3": "Commune", "ENGTYPE_3": "Commune", "CC_3": "NA", "HASC_3": "IT.FI.CR"}, "geometry": {"type": "MultiPolygon", "coordinates": [[[[11.1448, 43.5858], [11.1408, 43.5828], [11.1422, 43.5746], [11.1474, 43.5708], [11.1487, 43.5654], [11.1328, 43.55], [11.1317, 43.543], [11.1345, 43.5425], [11.1356, 43.5383], [11.1311, 43.5335], [11.1197, 43.5306], [11.1138, 43.524], [11.0862, 43.5172], [11.0811, 43.5169], [11.073, 43.5284], [11.0707, 43.5272], [11.0623, 43.5284], [11.0385, 43.5377], [11.0355, 43.5427], [11.035, 43.5476], [11.0298, 43.5551], [11.0211, 43.555], [11.0026, 43.5723], [11.0006, 43.5759], [11.0046, 43.5755], [11.0213, 43.5832], [11.0287, 43.5912], [11.0255, 43.5996], [11.034, 43.6017], [11.044, 43.5992], [11.0459, 43.5972], [11.0558, 43.5956], [11.0619, 43.6003], [11.0801, 43.5988], [11.0874, 43.602], [11.1282, 43.5983], [11.1338, 43.6008], [11.1448, 43.5858]]]]}}, {"type": "Feature", "properties": {"GID_3": "ITA.16.2.11_1", "GID_0": "ITA", "COUNTRY": "Italy", "GID_1": "ITA.16_1", "NAME_1": "Toscana", "NL_NAME_1": "NA", "GID_2": "ITA.16.2_1", "NAME_2": "Florence", "NL_NAME_2": "NA", "NAME_3": "Dicomano", "VARNAME_3": "NA", "NL_NAME_3": "NA", "TYPE_3": "Commune", "ENGTYPE_3": "Commune", "CC_3": "NA", "HASC_3": "IT.FI.DI"}, "geometry": {"type": "MultiPolygon", "coordinates": [[[[11.6273, 43.8942], [11.6131, 43.8939], [11.6059, 43.8971], [11.5815, 43.8937], [11.5729, 43.8815], [11.5757, 43.873], [11.5664, 43.866], [11.5313, 43.8639], [11.5075, 43.8763], [11.4938, 43.8774], [11.4825, 43.8807], [11.4785, 43.8848], [11.4925, 43.9002], [11.4996, 43.9023], [11.5035, 43.918], [11.5072, 43.922], [11.5214, 43.9309], [11.5282, 43.9284], [11.5386, 43.9277], [11.5434, 43.9445], [11.5429, 43.9475], [11.5503, 43.9544], [11.5639, 43.9591], [11.5795, 43.9718], [11.5958, 43.9756], [11.5988, 43.989], [11.589, 44.0014], [11.5951, 44.007], [11.6018, 44.0084], [11.6233, 43.9998], [11.6208, 43.9948], [11.6094, 43.9856], [11.6009, 43.9692], [11.5731, 43.9352], [11.5655, 43.9317], [11.5616, 43.9323], [11.5564, 43.9305], [11.553, 43.9153], [11.5575, 43.9109], [11.5733, 43.9128], [11.5798, 43.9116], [11.58, 43.9099], [11.589, 43.9047], [11.6103, 43.9041], [11.6273, 43.8942]]]]}}, {"type": "Feature", "properties": {"GID_3": "ITA.16.2.12_1", "GID_0": "ITA", "COUNTRY": "Italy", "GID_1": "ITA.16_1", "NAME_1": "Toscana", "NL_NAME_1": "NA", "GID_2": "ITA.16.2_1", "NAME_2": "Florence", "NL_NAME_2": "NA", "NAME_3": "Empoli", "VARNAME_3": "NA", "NL_NAME_3": "NA", "TYPE_3": "Commune", "ENGTYPE_3": "Commune", "CC_3": "NA", "HASC_3": "IT.FI.EM"}, "geometry": {"type": "MultiPolygon", "coordinates": [[[[10.9653, 43.7363], [10.9809, 43.7421], [10.9909, 43.7283], [10.9819, 43.7214], [11.003, 43.7142], [10.9962, 43.7082], [10.9961, 43.7047], [11.0045, 43.6978], [11.0053, 43.6954], [11.0024, 43.6822], [10.996, 43.6783], [10.9889, 43.663], [10.9773, 43.6649], [10.9717, 43.6611], [10.9558, 43.6722], [10.9436, 43.6558], [10.9475, 43.6524], [10.9445, 43.6517], [10.9372, 43.6546], [10.9323, 43.6609], [10.9264, 43.66], [10.9169, 43.6634], [10.9055, 43.6835], [10.8889, 43.6974], [10.8879, 43.7003], [10.8922, 43.7033], [10.8914, 43.7079], [10.8798, 43.7119], [10.8782, 43.7202], [10.889, 43.7256], [10.8984, 43.7366], [10.9243, 43.73], [10.941, 43.7233], [10.9496, 43.7263], [10.9552, 43.7318], [10.9653, 43.7363]]]]}}, {"type": "Feature", "properties": {"GID_3": "ITA.16.2.13_1", "GID_0": "ITA", "COUNTRY": "Italy", "GID_1": "ITA.16_1", "NAME_1": "Toscana", "NL_NAME_1": "NA", "GID_2": "ITA.16.2_1", "NAME_2": "Florence", "NL_NAME_2": "NA", "NAME_3": "Fiesole", "VARNAME_3": "NA", "NL_NAME_3": "NA", "TYPE_3": "Commune", "ENGTYPE_3": "Commune", "CC_3": "NA", "HASC_3": "IT.FI.FO"}, "geometry": {"type": "MultiPolygon", "coordinates": [[[[11.3797, 43.7854], [11.3627, 43.7846], [11.3608, 43.7778], [11.3381, 43.766], [11.3347, 43.7668], [11.3326, 43.7708], [11.3401, 43.7863], [11.3323, 43.7931], [11.3249, 43.7956], [11.3146, 43.7922], [11.3091, 43.7847], [11.3005, 43.7823], [11.2982, 43.7839], [11.2938, 43.7952], [11.2871, 43.8013], [11.28, 43.805], [11.2809, 43.809], [11.2908, 43.8164], [11.2999, 43.8259], [11.2983, 43.8295], [11.2881, 43.8361], [11.2963, 43.8416], [11.3146, 43.849], [11.3406, 43.8651], [11.345, 43.8689], [11.3457, 43.8714], [11.3477, 43.8711], [11.3512, 43.8664], [11.3407, 43.8307], [11.3424, 43.8258], [11.3437, 43.8233], [11.3472, 43.8258], [11.3586, 43.817], [11.3758, 43.7963], [11.3797, 43.7854]]]]}}, {"type": "Feature", "properties": {"GID_3": "ITA.16.2.14_1", "GID_0": "ITA", "COUNTRY": "Italy", "GID_1": "ITA.16_1", "NAME_1": "Toscana", "NL_NAME_1": "NA", "GID_2": "ITA.16.2_1", "NAME_2": "Florence", "NL_NAME_2": "NA", "NAME_3": "FiglineValdarno", "VARNAME_3": "NA", "NL_NAME_3": "NA", "TYPE_3": "Commune", "ENGTYPE_3": "Commune", "CC_3": "NA", "HASC_3": "IT.FI.FV"}, "geometry": {"type": "MultiPolygon", "coordinates": [[[[11.5011, 43.615], [11.5049, 43.6068], [11.511, 43.6038], [11.517, 43.5977], [11.5176, 43.5952], [11.515, 43.5918], [11.5175, 43.5867], [11.5225, 43.582], [11.5208, 43.5808], [11.512, 43.5781], [11.5082, 43.58], [11.4655, 43.5878], [11.4661, 43.5824], [11.4463, 43.5674], [11.4395, 43.5642], [11.4188, 43.5611], [11.409, 43.5617], [11.4061, 43.5632], [11.4039, 43.5687], [11.408, 43.5955], [11.4035, 43.601], [11.4006, 43.6015], [11.3953, 43.5985], [11.3733, 43.6117], [11.3713, 43.6166], [11.3733, 43.6183], [11.3752, 43.629], [11.3692, 43.6333], [11.3814, 43.6484], [11.3875, 43.6523], [11.3934, 43.6488], [11.4195, 43.6491], [11.4304, 43.6434], [11.447, 43.6451], [11.4566, 43.6429], [11.4717, 43.6306], [11.4952, 43.6242], [11.5011, 43.615]]]]}}, {"type": "Feature", "properties": {"GID_3": "ITA.16.2.15_1", "GID_0": "ITA", "COUNTRY": "Italy", "GID_1": "ITA.16_1", "NAME_1": "Toscana", "NL_NAME_1": "NA", "GID_2": "ITA.16.2_1", "NAME_2": "Florence", "NL_NAME_2": "NA", "NAME_3": "Firenze", "VARNAME_3": "NA", "NL_NAME_3": "NA", "TYPE_3": "Commune", "ENGTYPE_3": "Commune", "CC_3": "NA", "HASC_3": "IT.FI.FI"}, "geometry": {"type": "MultiPolygon", "coordinates": [[[[11.3326, 43.7708], [11.3079, 43.7576], [11.3064, 43.7393], [11.281, 43.7444], [11.2696, 43.7421], [11.2655, 43.738], [11.2577, 43.736], [11.2492, 43.7308], [11.2144, 43.7273], [11.2074, 43.7324], [11.2081, 43.7434], [11.2107, 43.7459], [11.2011, 43.762], [11.1863, 43.7668], [11.1809, 43.7655], [11.1553, 43.7757], [11.1531, 43.7781], [11.1553, 43.7863], [11.1516, 43.7872], [11.1578, 43.8039], [11.1814, 43.8012], [11.1949, 43.8139], [11.2069, 43.8105], [11.2223, 43.8227], [11.2348, 43.8298], [11.252, 43.8361], [11.2599, 43.8352], [11.265, 43.8322], [11.2781, 43.8291], [11.2786, 43.8328], [11.2881, 43.8361], [11.2983, 43.8295], [11.2999, 43.8259], [11.2908, 43.8164], [11.2809, 43.809], [11.2803, 43.8042], [11.2871, 43.8013], [11.2938, 43.7952], [11.2982, 43.7839], [11.3005, 43.7823], [11.3091, 43.7847], [11.3146, 43.7922], [11.3249, 43.7956], [11.3323, 43.7931], [11.3401, 43.7863], [11.3326, 43.7708]]]]}}, {"type": "Feature", "properties": {"GID_3": "ITA.16.2.16_1", "GID_0": "ITA", "COUNTRY": "Italy", "GID_1": "ITA.16_1", "NAME_1": "Toscana", "NL_NAME_1": "NA", "GID_2": "ITA.16.2_1", "NAME_2": "Florence", "NL_NAME_2": "NA", "NAME_3": "Firenzuola", "VARNAME_3": "NA", "NL_NAME_3": "NA", "TYPE_3": "Commune", "ENGTYPE_3": "Commune", "CC_3": "NA", "HASC_3": "IT.FI.FN"}, "geometry": {"type": "MultiPolygon", "coordinates": [[[[11.4221, 44.2402], [11.4519, 44.2223], [11.4533, 44.2106], [11.4478, 44.2049], [11.4486, 44.2004], [11.4689, 44.1857], [11.4811, 44.1847], [11.4883, 44.1804], [11.4884, 44.1763], [11.4985, 44.1697], [11.5171, 44.1585], [11.5234, 44.1563], [11.525, 44.1572], [11.5175, 44.1495], [11.4991, 44.1441], [11.4925, 44.1371], [11.4908, 44.129], [11.4684, 44.1095], [11.4535, 44.1024], [11.4447, 44.1036], [11.4341, 44.0983], [11.4346, 44.0955], [11.4584, 44.0783], [11.4587, 44.0644], [11.4556, 44.0614], [11.4527, 44.0523], [11.4307, 44.0503], [11.4183, 44.051], [11.3914, 44.0445], [11.3667, 44.0688], [11.3616, 44.0709], [11.336, 44.0707], [11.3249, 44.0797], [11.3004, 44.0847], [11.2846, 44.091], [11.2826, 44.091], [11.2769, 44.0799], [11.2629, 44.0715], [11.2608, 44.0804], [11.2616, 44.0901], [11.2657, 44.0918], [11.2667, 44.0971], [11.2612, 44.1168], [11.2518, 44.1168], [11.2414, 44.1235], [11.2122, 44.1351], [11.2009, 44.1412], [11.1948, 44.1466], [11.1967, 44.1524], [11.215, 44.1511], [11.2278, 44.1545], [11.2356, 44.1594], [11.2725, 44.1602], [11.2817, 44.1563], [11.2991, 44.1689], [11.2969, 44.1725], [11.3097, 44.1735], [11.3178, 44.1782], [11.3236, 44.1832], [11.3254, 44.1956], [11.3435, 44.2062], [11.3645, 44.2049], [11.3766, 44.2003], [11.3815, 44.201], [11.3884, 44.2062], [11.39, 44.2136], [11.3941, 44.2169], [11.3956, 44.2207], [11.4188, 44.236], [11.4221, 44.2402]]]]}}, {"type": "Feature", "properties": {"GID_3": "ITA.16.2.17_1", "GID_0": "ITA", "COUNTRY": "Italy", "GID_1": "ITA.16_1", "NAME_1": "Toscana", "NL_NAME_1": "NA", "GID_2": "ITA.16.2_1", "NAME_2": "Florence", "NL_NAME_2": "NA", "NAME_3": "Fucecchio", "VARNAME_3": "NA", "NL_NAME_3": "NA", "TYPE_3": "Commune", "ENGTYPE_3": "Commune", "CC_3": "NA", "HASC_3": "IT.FI.FU"}, "geometry": {"type": "MultiPolygon", "coordinates": [[[[10.8137, 43.7898], [10.8131, 43.771], [10.8098, 43.7597], [10.828, 43.7553], [10.8391, 43.7498], [10.8204, 43.7155], [10.8255, 43.7138], [10.8279, 43.7093], [10.8246, 43.7045], [10.7993, 43.7046], [10.7964, 43.7095], [10.7973, 43.7117], [10.7933, 43.7213], [10.7798, 43.7381], [10.7782, 43.7392], [10.7752, 43.7361], [10.7658, 43.7394], [10.7611, 43.7451], [10.7553, 43.7466], [10.7508, 43.7512], [10.7394, 43.7548], [10.7199, 43.7747], [10.7121, 43.7873], [10.7284, 43.8123], [10.7288, 43.8151], [10.7685, 43.8016], [10.7876, 43.7995], [10.8167, 43.8097], [10.8189, 43.8001], [10.8137, 43.7898]]]]}}, {"type": "Feature", "properties": {"GID_3": "ITA.16.2.18_1", "GID_0": "ITA", "COUNTRY": "Italy", "GID_1": "ITA.16_1", "NAME_1": "Toscana", "NL_NAME_1": "NA", "GID_2": "ITA.16.2_1", "NAME_2": "Florence", "NL_NAME_2": "NA", "NAME_3": "GambassiTerme", "VARNAME_3": "NA", "NL_NAME_3": "NA", "TYPE_3": "Commune", "ENGTYPE_3": "Commune", "CC_3": "NA", "HASC_3": "IT.FI.GT"}, "geometry": {"type": "MultiPolygon", "coordinates": [[[[10.9468, 43.5747], [10.95, 43.5771], [10.9623, 43.5798], [10.9657, 43.5833], [10.968, 43.5891], [10.9784, 43.5931], [11.0006, 43.5774], [11.0026, 43.5723], [11.0211, 43.555], [11.0298, 43.5551], [11.035, 43.5476], [11.0164, 43.5395], [11.0022, 43.5293], [10.978, 43.5155], [10.9664, 43.515], [10.9551, 43.4962], [10.9571, 43.4865], [10.9622, 43.4831], [10.9603, 43.4712], [10.953, 43.4533], [10.9374, 43.4544], [10.9211, 43.4584], [10.9165, 43.4644], [10.9103, 43.4669], [10.9001, 43.4663], [10.8913, 43.4606], [10.8708, 43.4615], [10.8708, 43.4684], [10.8689, 43.4737], [10.8599, 43.4781], [10.8542, 43.4769], [10.8527, 43.48], [10.8617, 43.4881], [10.8842, 43.4953], [10.8938, 43.4949], [10.9132, 43.505], [10.9177, 43.509], [10.9205, 43.5138], [10.9178, 43.526], [10.9218, 43.5323], [10.9352, 43.5405], [10.9409, 43.5498], [10.9481, 43.5535], [10.9496, 43.5559], [10.9483, 43.5634], [10.9452, 43.5661], [10.9438, 43.5711], [10.9468, 43.5747]]]]}}, {"type": "Feature", "properties": {"GID_3": "ITA.16.2.19_1", "GID_0": "ITA", "COUNTRY": "Italy", "GID_1": "ITA.16_1", "NAME_1": "Toscana", "NL_NAME_1": "NA", "GID_2": "ITA.16.2_1", "NAME_2": "Florence", "NL_NAME_2": "NA", "NAME_3": "GreveInChianti", "VARNAME_3": "NA", "NL_NAME_3": "NA", "TYPE_3": "Commune", "ENGTYPE_3": "Commune", "CC_3": "NA", "HASC_3": "IT.FI.GI"}, "geometry": {"type": "MultiPolygon", "coordinates": [[[[11.409, 43.5617], [11.3985, 43.5492], [11.3869, 43.5482], [11.3828, 43.5425], [11.38, 43.5334], [11.365, 43.5271], [11.3384, 43.5296], [11.3171, 43.5237], [11.3082, 43.5192], [11.2937, 43.5249], [11.2915, 43.5338], [11.2764, 43.5449], [11.2706, 43.5468], [11.262, 43.5467], [11.2569, 43.5494], [11.2626, 43.5629], [11.2711, 43.5689], [11.2742, 43.5791], [11.2683, 43.589], [11.2632, 43.5903], [11.2601, 43.5956], [11.2716, 43.6034], [11.2814, 43.6061], [11.2857, 43.6181], [11.2859, 43.6225], [11.2698, 43.6379], [11.266, 43.6457], [11.2568, 43.6495], [11.2573, 43.6598], [11.2622, 43.6587], [11.2701, 43.6611], [11.2862, 43.6879], [11.2984, 43.6895], [11.3119, 43.6881], [11.3125, 43.679], [11.3189, 43.6724], [11.3247, 43.6712], [11.3306, 43.678], [11.3383, 43.6836], [11.3565, 43.6939], [11.3695, 43.6964], [11.3838, 43.6892], [11.3893, 43.6818], [11.3988, 43.6568], [11.3924, 43.6496], [11.3875, 43.6523], [11.3823, 43.6491], [11.3692, 43.6333], [11.3752, 43.629], [11.3733, 43.6183], [11.3713, 43.6166], [11.3733, 43.6117], [11.3946, 43.5988], [11.4024, 43.6014], [11.408, 43.5955], [11.4039, 43.5687], [11.4061, 43.5632], [11.409, 43.5617]]]]}}, {"type": "Feature", "properties": {"GID_3": "ITA.16.2.20_1", "GID_0": "ITA", "COUNTRY": "Italy", "GID_1": "ITA.16_1", "NAME_1": "Toscana", "NL_NAME_1": "NA", "GID_2": "ITA.16.2_1", "NAME_2": "Florence", "NL_NAME_2": "NA", "NAME_3": "Impruneta", "VARNAME_3": "NA", "NL_NAME_3": "NA", "TYPE_3": "Commune", "ENGTYPE_3": "Commune", "CC_3": "NA", "HASC_3": "IT.FI.IM"}, "geometry": {"type": "MultiPolygon", "coordinates": [[[[11.2581, 43.7356], [11.2823, 43.7198], [11.2844, 43.7159], [11.2841, 43.7093], [11.2892, 43.7056], [11.2978, 43.7019], [11.303, 43.7067], [11.3076, 43.7055], [11.3092, 43.7015], [11.3089, 43.6892], [11.2862, 43.6879], [11.2701, 43.6611], [11.2635, 43.659], [11.2406, 43.6585], [11.2149, 43.6673], [11.2134, 43.6835], [11.2097, 43.6979], [11.1882, 43.7094], [11.1903, 43.7132], [11.1997, 43.7256], [11.2074, 43.7324], [11.2153, 43.7273], [11.2492, 43.7308], [11.2581, 43.7356]]]]}}, {"type": "Feature", "properties": {"GID_3": "ITA.16.2.21_1", "GID_0": "ITA", "COUNTRY": "Italy", "GID_1": "ITA.16_1", "NAME_1": "Toscana", "NL_NAME_1": "NA", "GID_2": "ITA.16.2_1", "NAME_2": "Florence", "NL_NAME_2": "NA", "NAME_3": "IncisainVald'Arno", "VARNAME_3": "NA", "NL_NAME_3": "NA", "TYPE_3": "Commune", "ENGTYPE_3": "Commune", "CC_3": "NA", "HASC_3": "IT.FI.II"}, "geometry": {"type": "MultiPolygon", "coordinates": [[[[11.4566, 43.6429], [11.447, 43.6451], [11.4304, 43.6434], [11.4195, 43.6491], [11.3934, 43.6488], [11.3924, 43.6496], [11.3988, 43.6568], [11.3893, 43.6818], [11.3858, 43.6872], [11.3927, 43.6902], [11.4074, 43.6882], [11.4136, 43.696], [11.4259, 43.6991], [11.4543, 43.6931], [11.4571, 43.6911], [11.4565, 43.6809], [11.45, 43.6676], [11.4545, 43.6458], [11.4566, 43.6429]]]]}}, {"type": "Feature", "properties": {"GID_3": "ITA.16.2.22_1", "GID_0": "ITA", "COUNTRY": "Italy", "GID_1": "ITA.16_1", "NAME_1": "Toscana", "NL_NAME_1": "NA", "GID_2": "ITA.16.2_1", "NAME_2": "Florence", "NL_NAME_2": "NA", "NAME_3": "LastraASigna", "VARNAME_3": "NA", "NL_NAME_3": "NA", "TYPE_3": "Commune", "ENGTYPE_3": "Commune", "CC_3": "NA", "HASC_3": "IT.FI.LS"}, "geometry": {"type": "MultiPolygon", "coordinates": [[[[11.0672, 43.7093], [11.055, 43.7114], [11.0295, 43.7252], [11.0377, 43.7297], [11.046, 43.7371], [11.0537, 43.7495], [11.0498, 43.7573], [11.0437, 43.7594], [11.0458, 43.7645], [11.0468, 43.7653], [11.0526, 43.7601], [11.0577, 43.7597], [11.0631, 43.7751], [11.0729, 43.7834], [11.0877, 43.7774], [11.1074, 43.7779], [11.1143, 43.7808], [11.1246, 43.7822], [11.1304, 43.7803], [11.1297, 43.7682], [11.1319, 43.7583], [11.1353, 43.7533], [11.1106, 43.7375], [11.11, 43.7312], [11.1058, 43.724], [11.0938, 43.715], [11.0852, 43.7044], [11.0672, 43.7093]]]]}}, {"type": "Feature", "properties": {"GID_3": "ITA.16.2.23_1", "GID_0": "ITA", "COUNTRY": "Italy", "GID_1": "ITA.16_1", "NAME_1": "Toscana", "NL_NAME_1": "NA", "GID_2": "ITA.16.2_1", "NAME_2": "Florence", "NL_NAME_2": "NA", "NAME_3": "Londa", "VARNAME_3": "NA", "NL_NAME_3": "NA", "TYPE_3": "Commune", "ENGTYPE_3": "Commune", "CC_3": "NA", "HASC_3": "IT.FI.LO"}, "geometry": {"type": "MultiPolygon", "coordinates": [[[[11.6254, 43.8167], [11.6058, 43.8112], [11.5923, 43.8091], [11.5868, 43.81], [11.5743, 43.8184], [11.5724, 43.823], [11.5745, 43.828], [11.5706, 43.8382], [11.5581, 43.838], [11.5505, 43.833], [11.5325, 43.8386], [11.5257, 43.8428], [11.5446, 43.8539], [11.5547, 43.8633], [11.5556, 43.8662], [11.5668, 43.8661], [11.5757, 43.873], [11.5729, 43.8815], [11.5815, 43.8937], [11.6059, 43.8971], [11.6131, 43.8939], [11.6273, 43.8942], [11.6405, 43.8923], [11.6433, 43.8897], [11.6434, 43.8845], [11.6493, 43.8804], [11.6714, 43.8778], [11.6614, 43.8729], [11.6507, 43.8612], [11.6553, 43.8479], [11.6537, 43.8427], [11.6506, 43.8466], [11.6341, 43.8484], [11.6305, 43.8469], [11.6243, 43.8326], [11.6307, 43.8253], [11.6254, 43.8167]]]]}}, {"type": "Feature", "properties": {"GID_3": "ITA.16.2.24_1", "GID_0": "ITA", "COUNTRY": "Italy", "GID_1": "ITA.16_1", "NAME_1": "Toscana", "NL_NAME_1": "NA", "GID_2": "ITA.16.2_1", "NAME_2": "Florence", "NL_NAME_2": "NA", "NAME_3": "Marradi", "VARNAME_3": "NA", "NL_NAME_3": "NA", "TYPE_3": "Commune", "ENGTYPE_3": "Commune", "CC_3": "NA", "HASC_3": "IT.FI.MA"}, "geometry": {"type": "MultiPolygon", "coordinates": [[[[11.7169, 44.1235], [11.7213, 44.1217], [11.7326, 44.1253], [11.7452, 44.127], [11.7495, 44.1257], [11.7539, 44.1215], [11.7495, 44.1102], [11.7423, 44.1011], [11.7375, 44.0883], [11.7104, 44.0675], [11.7017, 44.0565], [11.6983, 44.0513], [11.6959, 44.0363], [11.6876, 44.031], [11.6829, 44.0222], [11.6704, 44.0225], [11.6575, 44.0184], [11.6649, 44.0065], [11.654, 44.0005], [11.647, 43.9916], [11.6404, 43.9953], [11.6233, 43.9998], [11.6028, 44.0083], [11.5951, 44.007], [11.589, 44.0014], [11.578, 44.0107], [11.5673, 44.0171], [11.5575, 44.0179], [11.5569, 44.0143], [11.552, 44.0103], [11.5292, 44.0126], [11.5247, 44.0163], [11.5233, 44.0195], [11.5354, 44.0283], [11.5327, 44.0333], [11.5258, 44.0392], [11.5001, 44.0453], [11.5015, 44.0493], [11.5065, 44.0525], [11.5112, 44.0514], [11.5519, 44.0583], [11.5643, 44.0628], [11.5878, 44.0809], [11.5882, 44.0921], [11.5845, 44.1116], [11.5856, 44.1131], [11.605, 44.1197], [11.6171, 44.1194], [11.6386, 44.1124], [11.6536, 44.1017], [11.675, 44.1143], [11.6798, 44.1238], [11.7069, 44.1212], [11.7169, 44.1235]]]]}}, {"type": "Feature", "properties": {"GID_3": "ITA.16.2.25_1", "GID_0": "ITA", "COUNTRY": "Italy", "GID_1": "ITA.16_1", "NAME_1": "Toscana", "NL_NAME_1": "NA", "GID_2": "ITA.16.2_1", "NAME_2": "Florence", "NL_NAME_2": "NA", "NAME_3": "Montaione", "VARNAME_3": "NA", "NL_NAME_3": "NA", "TYPE_3": "Commune", "ENGTYPE_3": "Commune", "CC_3": "NA", "HASC_3": "IT.FI.MO"}, "geometry": {"type": "MultiPolygon", "coordinates": [[[[10.8759, 43.6207], [10.8957, 43.6193], [10.9176, 43.6155], [10.921, 43.6131], [10.9278, 43.6043], [10.9292, 43.5978], [10.9394, 43.5756], [10.9468, 43.5747], [10.9438, 43.5711], [10.9452, 43.5661], [10.9483, 43.5634], [10.9497, 43.5562], [10.9481, 43.5535], [10.9409, 43.5498], [10.9352, 43.5405], [10.9218, 43.5323], [10.9178, 43.526], [10.9205, 43.5134], [10.9138, 43.5054], [10.8934, 43.4948], [10.8842, 43.4953], [10.8617, 43.4881], [10.8567, 43.4954], [10.8482, 43.4984], [10.8394, 43.497], [10.8409, 43.5007], [10.8454, 43.5044], [10.8478, 43.5108], [10.8401, 43.522], [10.8346, 43.525], [10.8265, 43.5365], [10.8265, 43.5411], [10.8304, 43.5513], [10.8351, 43.5558], [10.8417, 43.5574], [10.8495, 43.5636], [10.8449, 43.568], [10.8338, 43.569], [10.8316, 43.5708], [10.832, 43.5731], [10.8384, 43.5751], [10.8412, 43.5779], [10.8418, 43.5896], [10.8369, 43.594], [10.8356, 43.6067], [10.8309, 43.6117], [10.8234, 43.6149], [10.8268, 43.6216], [10.8342, 43.6223], [10.8348, 43.6209], [10.8383, 43.6209], [10.8508, 43.6267], [10.853, 43.6301], [10.875, 43.6152], [10.8769, 43.6161], [10.8759, 43.6207]]]]}}, {"type": "Feature", "properties": {"GID_3": "ITA.16.2.26_1", "GID_0": "ITA", "COUNTRY": "Italy", "GID_1": "ITA.16_1", "NAME_1": "Toscana", "NL_NAME_1": "NA", "GID_2": "ITA.16.2_1", "NAME_2": "Florence", "NL_NAME_2": "NA", "NAME_3": "MontelupoFiorentino", "VARNAME_3": "NA", "NL_NAME_3": "NA", "TYPE_3": "Commune", "ENGTYPE_3": "Commune", "CC_3": "NA", "HASC_3": "IT.FI.MF"}, "geometry": {"type": "MultiPolygon", "coordinates": [[[[10.9775, 43.7418], [10.98, 43.7443], [10.9847, 43.7446], [11.0065, 43.7348], [11.0155, 43.7338], [11.0338, 43.7484], [11.027, 43.7589], [11.0278, 43.763], [11.0357, 43.7679], [11.0468, 43.7653], [11.0437, 43.7594], [11.0498, 43.7573], [11.0537, 43.7495], [11.046, 43.7371], [11.0377, 43.7297], [11.0295, 43.7252], [11.055, 43.7114], [11.0672, 43.7093], [11.0688, 43.6983], [11.0586, 43.6952], [11.044, 43.696], [11.0301, 43.702], [11.0149, 43.7026], [11.0039, 43.698], [10.9961, 43.7047], [10.9962, 43.7082], [11.003, 43.7142], [10.9819, 43.7214], [10.9909, 43.7283], [10.9809, 43.7421], [10.9775, 43.7418]]]]}}, {"type": "Feature", "properties": {"GID_3": "ITA.16.2.27_1", "GID_0": "ITA", "COUNTRY": "Italy", "GID_1": "ITA.16_1", "NAME_1": "Toscana", "NL_NAME_1": "NA", "GID_2": "ITA.16.2_1", "NAME_2": "Florence", "NL_NAME_2": "NA", "NAME_3": "Montespertoli", "VARNAME_3": "NA", "NL_NAME_3": "NA", "TYPE_3": "Commune", "ENGTYPE_3": "Commune", "CC_3": "NA", "HASC_3": "IT.FI.ME"}, "geometry": {"type": "MultiPolygon", "coordinates": [[[[11.0255, 43.5996], [11.0207, 43.601], [11.0092, 43.6164], [11.009, 43.6247], [11.013, 43.6298], [11.0106, 43.637], [10.9953, 43.6397], [10.9862, 43.6494], [10.9724, 43.658], [10.9717, 43.6611], [10.9773, 43.6649], [10.9892, 43.6632], [10.996, 43.6783], [11.0024, 43.6822], [11.0055, 43.6948], [11.0045, 43.6978], [11.0076, 43.7005], [11.0149, 43.7026], [11.0301, 43.702], [11.044, 43.696], [11.0586, 43.6952], [11.0688, 43.6983], [11.0672, 43.7093], [11.0852, 43.7044], [11.1272, 43.6843], [11.1395, 43.6626], [11.1582, 43.6509], [11.1548, 43.6476], [11.1338, 43.6451], [11.1307, 43.6462], [11.1288, 43.6403], [11.1388, 43.6287], [11.1341, 43.6228], [11.1388, 43.6161], [11.1501, 43.612], [11.1642, 43.6034], [11.1511, 43.5931], [11.146, 43.5943], [11.1448, 43.5858], [11.1338, 43.6008], [11.1282, 43.5983], [11.0874, 43.602], [11.0801, 43.5988], [11.0619, 43.6003], [11.0558, 43.5956], [11.0459, 43.5972], [11.044, 43.5992], [11.0349, 43.6016], [11.0255, 43.5996]]]]}}, {"type": "Feature", "properties": {"GID_3": "ITA.16.2.28_1", "GID_0": "ITA", "COUNTRY": "Italy", "GID_1": "ITA.16_1", "NAME_1": "Toscana", "NL_NAME_1": "NA", "GID_2": "ITA.16.2_1", "NAME_2": "Florence", "NL_NAME_2": "NA", "NAME_3": "PalazzuoloSulSenio", "VARNAME_3": "NA", "NL_NAME_3": "NA", "TYPE_3": "Commune", "ENGTYPE_3": "Commune", "CC_3": "NA", "HASC_3": "IT.FI.PS"}, "geometry": {"type": "MultiPolygon", "coordinates": [[[[11.525, 44.1572], [11.5299, 44.1592], [11.5458, 44.1536], [11.5537, 44.1602], [11.5546, 44.163], [11.5534, 44.1663], [11.5642, 44.1688], [11.5809, 44.1626], [11.6118, 44.1609], [11.6163, 44.1592], [11.6169, 44.1534], [11.6133, 44.1427], [11.6071, 44.1396], [11.5983, 44.1261], [11.5888, 44.1247], [11.5849, 44.1172], [11.5845, 44.1116], [11.5882, 44.0921], [11.5881, 44.0814], [11.5649, 44.0631], [11.5549, 44.059], [11.5112, 44.0514], [11.5065, 44.0525], [11.5011, 44.0478], [11.4875, 44.0572], [11.4587, 44.0644], [11.458, 44.0792], [11.4346, 44.0955], [11.4341, 44.0983], [11.4447, 44.1036], [11.4535, 44.1024], [11.4684, 44.1095], [11.4908, 44.129], [11.4925, 44.1371], [11.4991, 44.1441], [11.5175, 44.1495], [11.525, 44.1572]]]]}}, {"type": "Feature", "properties": {"GID_3": "ITA.16.2.29_1", "GID_0": "ITA", "COUNTRY": "Italy", "GID_1": "ITA.16_1", "NAME_1": "Toscana", "NL_NAME_1": "NA", "GID_2": "ITA.16.2_1", "NAME_2": "Florence", "NL_NAME_2": "NA", "NAME_3": "Pelago", "VARNAME_3": "NA", "NL_NAME_3": "NA", "TYPE_3": "Commune", "ENGTYPE_3": "Commune", "CC_3": "NA", "HASC_3": "IT.FI.PE"}, "geometry": {"type": "MultiPolygon", "coordinates": [[[[11.6047, 43.7883], [11.5961, 43.7753], [11.5812, 43.7673], [11.5687, 43.7648], [11.553, 43.7597], [11.5457, 43.7549], [11.526, 43.7514], [11.5065, 43.7428], [11.4955, 43.7405], [11.4802, 43.7393], [11.4698, 43.7412], [11.4653, 43.7534], [11.4663, 43.7613], [11.4581, 43.7715], [11.4543, 43.7725], [11.4418, 43.771], [11.4451, 43.7795], [11.4515, 43.7863], [11.4552, 43.7881], [11.4637, 43.7884], [11.4656, 43.7909], [11.4644, 43.7932], [11.4906, 43.7994], [11.4967, 43.7994], [11.5142, 43.7934], [11.52, 43.7963], [11.5248, 43.8041], [11.5192, 43.8123], [11.5227, 43.8144], [11.5395, 43.8115], [11.5532, 43.8044], [11.5589, 43.7968], [11.57, 43.7888], [11.5868, 43.7812], [11.6047, 43.7883]]]]}}, {"type": "Feature", "properties": {"GID_3": "ITA.16.2.30_1", "GID_0": "ITA", "COUNTRY": "Italy", "GID_1": "ITA.16_1", "NAME_1": "Toscana", "NL_NAME_1": "NA", "GID_2": "ITA.16.2_1", "NAME_2": "Florence", "NL_NAME_2": "NA", "NAME_3": "Pontassieve", "VARNAME_3": "NA", "NL_NAME_3": "NA", "TYPE_3": "Commune", "ENGTYPE_3": "Commune", "CC_3": "NA", "HASC_3": "IT.FI.PO"}, "geometry": {"type": "MultiPolygon", "coordinates": [[[[11.4174, 43.7734], [11.4133, 43.7783], [11.3942, 43.7876], [11.3837, 43.7888], [11.3797, 43.7854], [11.3758, 43.7963], [11.3586, 43.817], [11.3472, 43.8258], [11.3432, 43.8238], [11.3407, 43.8307], [11.3512, 43.8664], [11.3477, 43.8711], [11.3863, 43.8735], [11.4017, 43.8714], [11.4271, 43.8735], [11.4369, 43.8808], [11.4517, 43.8762], [11.4668, 43.8857], [11.4767, 43.8842], [11.4825, 43.8807], [11.4938, 43.8774], [11.5075, 43.8763], [11.5313, 43.8639], [11.5216, 43.858], [11.5018, 43.8517], [11.4928, 43.8429], [11.497, 43.8306], [11.4854, 43.8294], [11.4813, 43.8267], [11.4834, 43.8182], [11.4623, 43.7997], [11.4618, 43.7964], [11.4656, 43.7909], [11.4645, 43.789], [11.4515, 43.7863], [11.4451, 43.7795], [11.4418, 43.771], [11.4388, 43.7696], [11.4329, 43.7696], [11.4174, 43.7734]]]]}}, {"type": "Feature", "properties": {"GID_3": "ITA.16.2.31_1", "GID_0": "ITA", "COUNTRY": "Italy", "GID_1": "ITA.16_1", "NAME_1": "Toscana", "NL_NAME_1": "NA", "GID_2": "ITA.16.2_1", "NAME_2": "Florence", "NL_NAME_2": "NA", "NAME_3": "Reggello", "VARNAME_3": "NA", "NL_NAME_3": "NA", "TYPE_3": "Commune", "ENGTYPE_3": "Commune", "CC_3": "NA", "HASC_3": "IT.FI.RE"}, "geometry": {"type": "MultiPolygon", "coordinates": [[[[11.5959, 43.7152], [11.6121, 43.6954], [11.6126, 43.6913], [11.6112, 43.688], [11.6052, 43.6851], [11.5975, 43.6869], [11.5823, 43.6783], [11.578, 43.6781], [11.5402, 43.6625], [11.5399, 43.6566], [11.5465, 43.6492], [11.5518, 43.6488], [11.5507, 43.6479], [11.5422, 43.6444], [11.5088, 43.6417], [11.4849, 43.6271], [11.4717, 43.6306], [11.4588, 43.6405], [11.4545, 43.6458], [11.45, 43.6676], [11.4558, 43.6778], [11.4571, 43.6911], [11.453, 43.7059], [11.453, 43.7209], [11.4632, 43.7263], [11.4694, 43.7415], [11.4802, 43.7393], [11.5065, 43.7428], [11.526, 43.7514], [11.5457, 43.7549], [11.553, 43.7597], [11.5687, 43.7648], [11.578, 43.7659], [11.5839, 43.7691], [11.5827, 43.7664], [11.5837, 43.7617], [11.5869, 43.7584], [11.5905, 43.7481], [11.5818, 43.7437], [11.573, 43.7344], [11.5787, 43.7215], [11.5829, 43.7186], [11.5927, 43.7181], [11.5959, 43.7152]]]]}}, {"type": "Feature", "properties": {"GID_3": "ITA.16.2.32_1", "GID_0": "ITA", "COUNTRY": "Italy", "GID_1": "ITA.16_1", "NAME_1": "Toscana", "NL_NAME_1": "NA", "GID_2": "ITA.16.2_1", "NAME_2": "Florence", "NL_NAME_2": "NA", "NAME_3": "Rignanosull'Arno", "VARNAME_3": "NA", "NL_NAME_3": "NA", "TYPE_3": "Commune", "ENGTYPE_3": "Commune", "CC_3": "NA", "HASC_3": "IT.FI.RA"}, "geometry": {"type": "MultiPolygon", "coordinates": [[[[11.3619, 43.6955], [11.3664, 43.7003], [11.3745, 43.7143], [11.3856, 43.7247], [11.3863, 43.7482], [11.3885, 43.7572], [11.4094, 43.7654], [11.4174, 43.7734], [11.4351, 43.7692], [11.4569, 43.7722], [11.4659, 43.762], [11.4653, 43.7534], [11.4694, 43.7415], [11.4632, 43.7263], [11.453, 43.7209], [11.453, 43.7059], [11.4571, 43.6911], [11.453, 43.6938], [11.4259, 43.6991], [11.4136, 43.696], [11.4074, 43.6882], [11.3927, 43.6902], [11.3858, 43.6872], [11.3695, 43.6964], [11.3619, 43.6955]]]]}}, {"type": "Feature", "properties": {"GID_3": "ITA.16.2.33_1", "GID_0": "ITA", "COUNTRY": "Italy", "GID_1": "ITA.16_1", "NAME_1": "Toscana", "NL_NAME_1": "NA", "GID_2": "ITA.16.2_1", "NAME_2": "Florence", "NL_NAME_2": "NA", "NAME_3": "Rufina", "VARNAME_3": "NA", "NL_NAME_3": "NA", "TYPE_3": "Commune", "ENGTYPE_3": "Commune", "CC_3": "NA", "HASC_3": "IT.FI.RU"}, "geometry": {"type": "MultiPolygon", "coordinates": [[[[11.6058, 43.8112], [11.6032, 43.7922], [11.6047, 43.7883], [11.5868, 43.7812], [11.57, 43.7888], [11.5589, 43.7968], [11.5532, 43.8044], [11.5395, 43.8115], [11.5237, 43.8144], [11.5192, 43.8123], [11.5248, 43.8041], [11.52, 43.7963], [11.5145, 43.7935], [11.4957, 43.7995], [11.4878, 43.7991], [11.4644, 43.7932], [11.4617, 43.797], [11.4623, 43.7997], [11.4834, 43.8182], [11.4813, 43.8267], [11.4854, 43.8294], [11.497, 43.8306], [11.4926, 43.8424], [11.501, 43.8513], [11.5216, 43.858], [11.5313, 43.8639], [11.5556, 43.8662], [11.5547, 43.8633], [11.5446, 43.8539], [11.5262, 43.8434], [11.5278, 43.841], [11.5505, 43.833], [11.5581, 43.838], [11.5706, 43.8382], [11.5746, 43.8274], [11.5724, 43.823], [11.5776, 43.8151], [11.5904, 43.8092], [11.6058, 43.8112]]]]}}, {"type": "Feature", "properties": {"GID_3": "ITA.16.2.34_1", "GID_0": "ITA", "COUNTRY": "Italy", "GID_1": "ITA.16_1", "NAME_1": "Toscana", "NL_NAME_1": "NA", "GID_2": "ITA.16.2_1", "NAME_2": "Florence", "NL_NAME_2": "NA", "NAME_3": "SanCascianoInValDiPesa", "VARNAME_3": "NA", "NL_NAME_3": "NA", "TYPE_3": "Commune", "ENGTYPE_3": "Commune", "CC_3": "NA", "HASC_3": "IT.FI.SC"}, "geometry": {"type": "MultiPolygon", "coordinates": [[[[11.2573, 43.6598], [11.2568, 43.6495], [11.266, 43.6457], [11.2698, 43.6379], [11.2856, 43.6231], [11.2857, 43.6181], [11.2814, 43.6061], [11.2716, 43.6034], [11.2602, 43.5952], [11.241, 43.5863], [11.2128, 43.5854], [11.2046, 43.5893], [11.1938, 43.6047], [11.1689, 43.5993], [11.1501, 43.612], [11.1388, 43.6161], [11.1341, 43.6228], [11.1388, 43.6287], [11.1289, 43.6396], [11.1307, 43.6462], [11.1338, 43.6451], [11.1548, 43.6476], [11.1582, 43.6509], [11.1395, 43.6626], [11.1285, 43.6827], [11.1226, 43.6866], [11.1333, 43.6897], [11.1508, 43.6985], [11.1781, 43.7085], [11.1824, 43.7079], [11.1882, 43.7094], [11.2097, 43.6979], [11.2134, 43.6835], [11.2146, 43.6676], [11.2406, 43.6585], [11.2499, 43.6582], [11.2573, 43.6598]]]]}}, {"type": "Feature", "properties": {"GID_3": "ITA.16.2.35_1", "GID_0": "ITA", "COUNTRY": "Italy", "GID_1": "ITA.16_1", "NAME_1": "Toscana", "NL_NAME_1": "NA", "GID_2": "ITA.16.2_1", "NAME_2": "Florence", "NL_NAME_2": "NA", "NAME_3": "SanGodenzo", "VARNAME_3": "NA", "NL_NAME_3": "NA", "TYPE_3": "Commune", "ENGTYPE_3": "Commune", "CC_3": "NA", "HASC_3": "IT.FI.SG"}, "geometry": {"type": "MultiPolygon", "coordinates": [[[[11.647, 43.9916], [11.6513, 43.9806], [11.655, 43.9762], [11.6826, 43.9617], [11.6898, 43.96], [11.6919, 43.9578], [11.6936, 43.9542], [11.69, 43.951], [11.6832, 43.9388], [11.6852, 43.9361], [11.6936, 43.9305], [11.6976, 43.9289], [11.7036, 43.9293], [11.718, 43.9228], [11.7165, 43.9042], [11.7113, 43.8943], [11.7102, 43.8853], [11.7112, 43.8784], [11.693, 43.8737], [11.6734, 43.8763], [11.6634, 43.8797], [11.6534, 43.8791], [11.644, 43.8837], [11.6426, 43.8862], [11.6433, 43.8897], [11.6413, 43.8921], [11.6273, 43.8942], [11.6113, 43.9038], [11.6029, 43.9052], [11.589, 43.9047], [11.58, 43.9099], [11.5798, 43.9116], [11.5733, 43.9128], [11.5575, 43.9109], [11.553, 43.9153], [11.5564, 43.9305], [11.5616, 43.9323], [11.5655, 43.9317], [11.5731, 43.9352], [11.6009, 43.9692], [11.6094, 43.9856], [11.6208, 43.9948], [11.6233, 43.9998], [11.6404, 43.9953], [11.647, 43.9916]]]]}}, {"type": "Feature", "properties": {"GID_3": "ITA.16.2.36_1", "GID_0": "ITA", "COUNTRY": "Italy", "GID_1": "ITA.16_1", "NAME_1": "Toscana", "NL_NAME_1": "NA", "GID_2": "ITA.16.2_1", "NAME_2": "Florence", "NL_NAME_2": "NA", "NAME_3": "SanPieroASieve", "VARNAME_3": "NA", "NL_NAME_3": "NA", "TYPE_3": "Commune", "ENGTYPE_3": "Commune", "CC_3": "NA", "HASC_3": "IT.FI.SP"}, "geometry": {"type": "MultiPolygon", "coordinates": [[[[11.2512, 43.9544], [11.2562, 43.9536], [11.2596, 43.9615], [11.2577, 43.9682], [11.2599, 43.9723], [11.2752, 43.9651], [11.304, 43.9653], [11.2944, 43.973], [11.2921, 43.9765], [11.297, 43.9935], [11.303, 43.9982], [11.3135, 43.9937], [11.3132, 44.0004], [11.3216, 44.0034], [11.3248, 44.0029], [11.3255, 44.0004], [11.3264, 43.994], [11.3248, 43.9902], [11.3251, 43.9839], [11.3366, 43.9712], [11.3351, 43.9629], [11.3416, 43.9581], [11.3492, 43.9579], [11.3421, 43.9522], [11.3352, 43.9499], [11.3235, 43.9424], [11.3119, 43.9282], [11.3109, 43.921], [11.2706, 43.9351], [11.2596, 43.9355], [11.2505, 43.9314], [11.2451, 43.9328], [11.2423, 43.9351], [11.2438, 43.9454], [11.2461, 43.9508], [11.2512, 43.9544]]]]}}, {"type": "Feature", "properties": {"GID_3": "ITA.16.2.37_1", "GID_0": "ITA", "COUNTRY": "Italy", "GID_1": "ITA.16_1", "NAME_1": "Toscana", "NL_NAME_1": "NA", "GID_2": "ITA.16.2_1", "NAME_2": "Florence", "NL_NAME_2": "NA", "NAME_3": "Scandicci", "VARNAME_3": "NA", "NL_NAME_3": "NA", "TYPE_3": "Commune", "ENGTYPE_3": "Commune", "CC_3": "NA", "HASC_3": "IT.FI.SD"}, "geometry": {"type": "MultiPolygon", "coordinates": [[[[11.144, 43.7861], [11.155, 43.7868], [11.1531, 43.7776], [11.1622, 43.7724], [11.1809, 43.7655], [11.1863, 43.7668], [11.2011, 43.762], [11.2107, 43.7459], [11.2081, 43.7434], [11.2074, 43.7324], [11.1997, 43.7256], [11.1882, 43.7094], [11.1824, 43.7079], [11.1781, 43.7085], [11.1508, 43.6985], [11.1333, 43.6897], [11.1226, 43.6866], [11.0852, 43.7044], [11.0938, 43.715], [11.1058, 43.724], [11.11, 43.7312], [11.1106, 43.7375], [11.1353, 43.7533], [11.1319, 43.7583], [11.1297, 43.7682], [11.1304, 43.7803], [11.1246, 43.7822], [11.144, 43.7861]]]]}}, {"type": "Feature", "properties": {"GID_3": "ITA.16.2.38_1", "GID_0": "ITA", "COUNTRY": "Italy", "GID_1": "ITA.16_1", "NAME_1": "Toscana", "NL_NAME_1": "NA", "GID_2": "ITA.16.2_1", "NAME_2": "Florence", "NL_NAME_2": "NA", "NAME_3": "Scarperia", "VARNAME_3": "NA", "NL_NAME_3": "NA", "TYPE_3": "Commune", "ENGTYPE_3": "Commune", "CC_3": "NA", "HASC_3": "IT.FI.SR"}, "geometry": {"type": "MultiPolygon", "coordinates": [[[[11.3132, 44.0004], [11.3103, 44.008], [11.3041, 44.0117], [11.3003, 44.0178], [11.3, 44.0264], [11.2866, 44.0382], [11.2715, 44.0402], [11.2702, 44.0418], [11.271, 44.0503], [11.285, 44.0671], [11.2853, 44.072], [11.3004, 44.0847], [11.3249, 44.0797], [11.3368, 44.0705], [11.3616, 44.0709], [11.3667, 44.0688], [11.3914, 44.0445], [11.3911, 44.036], [11.3837, 44.0178], [11.3852, 44.0017], [11.3805, 43.9897], [11.3764, 43.986], [11.3727, 43.9782], [11.3796, 43.9743], [11.376, 43.9657], [11.371, 43.9634], [11.3564, 43.962], [11.3492, 43.9579], [11.3412, 43.9584], [11.3349, 43.9633], [11.3366, 43.9712], [11.3251, 43.9839], [11.3248, 43.9902], [11.3264, 43.994], [11.3248, 44.0029], [11.3201, 44.0031], [11.3132, 44.0004]]]]}}, {"type": "Feature", "properties": {"GID_3": "ITA.16.2.39_1", "GID_0": "ITA", "COUNTRY": "Italy", "GID_1": "ITA.16_1", "NAME_1": "Toscana", "NL_NAME_1": "NA", "GID_2": "ITA.16.2_1", "NAME_2": "Florence", "NL_NAME_2": "NA", "NAME_3": "SestoFiorentino", "VARNAME_3": "NA", "NL_NAME_3": "NA", "TYPE_3": "Commune", "ENGTYPE_3": "Commune", "CC_3": "NA", "HASC_3": "IT.FI.SF"}, "geometry": {"type": "MultiPolygon", "coordinates": [[[[11.161, 43.8449], [11.164, 43.8477], [11.173, 43.8404], [11.186, 43.8432], [11.203, 43.8569], [11.2141, 43.8698], [11.2233, 43.8733], [11.2335, 43.8813], [11.2414, 43.8736], [11.2434, 43.8678], [11.2534, 43.8631], [11.2577, 43.8646], [11.2645, 43.8722], [11.2831, 43.8723], [11.2864, 43.871], [11.2863, 43.8688], [11.2749, 43.8652], [11.2847, 43.8594], [11.2899, 43.8626], [11.2923, 43.8591], [11.291, 43.8504], [11.2875, 43.8476], [11.2905, 43.8383], [11.2786, 43.8328], [11.2781, 43.8291], [11.265, 43.8322], [11.2599, 43.8352], [11.252, 43.8361], [11.2348, 43.8298], [11.2223, 43.8227], [11.2069, 43.8105], [11.1949, 43.8139], [11.1814, 43.8012], [11.1457, 43.8051], [11.155, 43.8133], [11.1649, 43.8154], [11.1664, 43.8189], [11.169, 43.8263], [11.1681, 43.829], [11.1596, 43.8328], [11.161, 43.8449]]]]}}, {"type": "Feature", "properties": {"GID_3": "ITA.16.2.40_1", "GID_0": "ITA", "COUNTRY": "Italy", "GID_1": "ITA.16_1", "NAME_1": "Toscana", "NL_NAME_1": "NA", "GID_2": "ITA.16.2_1", "NAME_2": "Florence", "NL_NAME_2": "NA", "NAME_3": "Signa", "VARNAME_3": "NA", "NL_NAME_3": "NA", "TYPE_3": "Commune", "ENGTYPE_3": "Commune", "CC_3": "NA", "HASC_3": "IT.FI.SI"}, "geometry": {"type": "MultiPolygon", "coordinates": [[[[11.0623, 43.8153], [11.1347, 43.8035], [11.1403, 43.8012], [11.1341, 43.7942], [11.136, 43.7899], [11.144, 43.7861], [11.1154, 43.781], [11.1074, 43.7779], [11.0877, 43.7774], [11.0729, 43.7834], [11.0659, 43.777], [11.058, 43.7808], [11.0572, 43.7834], [11.075, 43.7948], [11.0661, 43.8017], [11.0623, 43.8153]]]]}}, {"type": "Feature", "properties": {"GID_3": "ITA.16.2.41_1", "GID_0": "ITA", "COUNTRY": "Italy", "GID_1": "ITA.16_1", "NAME_1": "Toscana", "NL_NAME_1": "NA", "GID_2": "ITA.16.2_1", "NAME_2": "Florence", "NL_NAME_2": "NA", "NAME_3": "TavarnelleValDiPesa", "VARNAME_3": "NA", "NL_NAME_3": "NA", "TYPE_3": "Commune", "ENGTYPE_3": "Commune", "CC_3": "NA", "HASC_3": "IT.FI.TV"}, "geometry": {"type": "MultiPolygon", "coordinates": [[[[11.273, 43.5302], [11.2464, 43.5309], [11.2331, 43.5331], [11.2104, 43.5329], [11.1993, 43.5356], [11.1994, 43.5386], [11.1933, 43.5509], [11.1624, 43.5472], [11.1505, 43.5487], [11.1578, 43.5593], [11.1596, 43.5681], [11.1448, 43.5858], [11.146, 43.5943], [11.1511, 43.5931], [11.1642, 43.6034], [11.1699, 43.5992], [11.1938, 43.6047], [11.2046, 43.5893], [11.2128, 43.5854], [11.241, 43.5863], [11.2602, 43.5952], [11.2632, 43.5903], [11.2683, 43.589], [11.2742, 43.5791], [11.2711, 43.5689], [11.2626, 43.5629], [11.2569, 43.5494], [11.262, 43.5467], [11.2706, 43.5468], [11.2693, 43.5436], [11.273, 43.5302]]]]}}, {"type": "Feature", "properties": {"GID_3": "ITA.16.2.42_1", "GID_0": "ITA", "COUNTRY": "Italy", "GID_1": "ITA.16_1", "NAME_1": "Toscana", "NL_NAME_1": "NA", "GID_2": "ITA.16.2_1", "NAME_2": "Florence", "NL_NAME_2": "NA", "NAME_3": "Vaglia", "VARNAME_3": "NA", "NL_NAME_3": "NA", "TYPE_3": "Commune", "ENGTYPE_3": "Commune", "CC_3": "NA", "HASC_3": "IT.FI.VA"}, "geometry": {"type": "MultiPolygon", "coordinates": [[[[11.3109, 43.921], [11.3125, 43.9138], [11.3195, 43.9065], [11.3361, 43.8954], [11.3551, 43.8916], [11.3532, 43.8873], [11.3456, 43.8794], [11.345, 43.8689], [11.3146, 43.849], [11.2905, 43.8383], [11.2875, 43.8476], [11.291, 43.8504], [11.2923, 43.8591], [11.2909, 43.862], [11.288, 43.8625], [11.2847, 43.8594], [11.2748, 43.8655], [11.2857, 43.8684], [11.2864, 43.871], [11.2831, 43.8723], [11.2645, 43.8722], [11.2577, 43.8646], [11.2534, 43.8631], [11.2434, 43.8678], [11.2414, 43.8736], [11.2335, 43.8813], [11.2338, 43.8937], [11.2309, 43.9009], [11.2516, 43.9065], [11.2626, 43.9184], [11.2625, 43.9248], [11.2552, 43.9269], [11.2513, 43.9315], [11.2542, 43.9336], [11.2596, 43.9355], [11.2765, 43.9339], [11.304, 43.9224], [11.3109, 43.921]]]]}}, {"type": "Feature", "properties": {"GID_3": "ITA.16.2.43_1", "GID_0": "ITA", "COUNTRY": "Italy", "GID_1": "ITA.16_1", "NAME_1": "Toscana", "NL_NAME_1": "NA", "GID_2": "ITA.16.2_1", "NAME_2": "Florence", "NL_NAME_2": "NA", "NAME_3": "Vicchio", "VARNAME_3": "NA", "NL_NAME_3": "NA", "TYPE_3": "Commune", "ENGTYPE_3": "Commune", "CC_3": "NA", "HASC_3": "IT.FI.VC"}, "geometry": {"type": "MultiPolygon", "coordinates": [[[[11.4369, 43.8808], [11.4433, 43.8823], [11.4439, 43.8872], [11.4369, 43.8954], [11.4241, 43.9202], [11.4188, 43.9257], [11.4226, 43.9347], [11.4214, 43.9675], [11.4312, 43.9693], [11.438, 43.9769], [11.4507, 44.0022], [11.4705, 44.0131], [11.4792, 44.0259], [11.4869, 44.032], [11.4949, 44.0322], [11.5078, 44.0236], [11.5213, 44.0207], [11.525, 44.0159], [11.5315, 44.012], [11.552, 44.0103], [11.5569, 44.0143], [11.5575, 44.0179], [11.5673, 44.0171], [11.578, 44.0107], [11.5923, 43.9985], [11.5988, 43.989], [11.5958, 43.9756], [11.5795, 43.9718], [11.5639, 43.9591], [11.5503, 43.9544], [11.5429, 43.9475], [11.5434, 43.9445], [11.5386, 43.9277], [11.5282, 43.9284], [11.5214, 43.9309], [11.5072, 43.922], [11.5035, 43.918], [11.4996, 43.9023], [11.4925, 43.9002], [11.4791, 43.8861], [11.479, 43.8829], [11.4668, 43.8857], [11.4517, 43.8762], [11.4369, 43.8808]]]]}}, {"type": "Feature", "properties": {"GID_3": "ITA.16.2.44_1", "GID_0": "ITA", "COUNTRY": "Italy", "GID_1": "ITA.16_1", "NAME_1": "Toscana", "NL_NAME_1": "NA", "GID_2": "ITA.16.2_1", "NAME_2": "Florence", "NL_NAME_2": "NA", "NAME_3": "Vinci", "VARNAME_3": "NA", "NL_NAME_3": "NA", "TYPE_3": "Commune", "ENGTYPE_3": "Commune", "CC_3": "NA", "HASC_3": "IT.FI.VN"}, "geometry": {"type": "MultiPolygon", "coordinates": [[[[10.9788, 43.7863], [10.9709, 43.7843], [10.9598, 43.7633], [10.9667, 43.7531], [10.9657, 43.7466], [10.9607, 43.7436], [10.9653, 43.7363], [10.9552, 43.7318], [10.9496, 43.7263], [10.9404, 43.7234], [10.9243, 43.73], [10.9115, 43.7323], [10.9012, 43.7363], [10.9013, 43.7433], [10.9076, 43.7594], [10.9047, 43.7645], [10.88, 43.7784], [10.8765, 43.7854], [10.8549, 43.8024], [10.8729, 43.7956], [10.8809, 43.795], [10.9168, 43.8015], [10.9219, 43.8041], [10.943, 43.8244], [10.9548, 43.8203], [10.9651, 43.8134], [10.9698, 43.8055], [10.9755, 43.8019], [10.9801, 43.7961], [10.9808, 43.793], [10.9788, 43.7863]]]]}}, {"type": "Feature", "properties": {"GID_3": "ITA.16.3.1_1", "GID_0": "ITA", "COUNTRY": "Italy", "GID_1": "ITA.16_1", "NAME_1": "Toscana", "NL_NAME_1": "NA", "GID_2": "ITA.16.3_1", "NAME_2": "Grosseto", "NL_NAME_2": "NA", "NAME_3": "Arcidosso", "VARNAME_3": "NA", "NL_NAME_3": "NA", "TYPE_3": "Commune", "ENGTYPE_3": "Commune", "CC_3": "NA", "HASC_3": "IT.GR.AR"}, "geometry": {"type": "MultiPolygon", "coordinates": [[[[11.3752, 42.8423], [11.3628, 42.8428], [11.3695, 42.8462], [11.3723, 42.8534], [11.3865, 42.8659], [11.4095, 42.8629], [11.4267, 42.8652], [11.4725, 42.8606], [11.492, 42.8672], [11.5015, 42.8761], [11.5054, 42.884], [11.5045, 42.8868], [11.4937, 42.8898], [11.4892, 42.8947], [11.4922, 42.9118], [11.495, 42.9164], [11.498, 42.9158], [11.5116, 42.9052], [11.5247, 42.9023], [11.5249, 42.8876], [11.5299, 42.8827], [11.5559, 42.8871], [11.5758, 42.8856], [11.5936, 42.8801], [11.6011, 42.8807], [11.5931, 42.8719], [11.5648, 42.855], [11.5332, 42.8186], [11.5051, 42.8265], [11.5012, 42.8295], [11.4863, 42.8275], [11.4719, 42.8143], [11.4623, 42.7953], [11.4516, 42.8004], [11.4425, 42.8094], [11.4418, 42.8123], [11.4301, 42.8157], [11.423, 42.8147], [11.417, 42.825], [11.3925, 42.8321], [11.3882, 42.8344], [11.382, 42.8412], [11.3752, 42.8423]]]]}}, {"type": "Feature", "properties": {"GID_3": "ITA.16.3.2_1", "GID_0": "ITA", "COUNTRY": "Italy", "GID_1": "ITA.16_1", "NAME_1": "Toscana", "NL_NAME_1": "NA", "GID_2": "ITA.16.3_1", "NAME_2": "Grosseto", "NL_NAME_2": "NA", "NAME_3": "Campagnatico", "VARNAME_3": "NA", "NL_NAME_3": "NA", "TYPE_3": "Commune", "ENGTYPE_3": "Commune", "CC_3": "NA", "HASC_3": "IT.GR.CM"}, "geometry": {"type": "MultiPolygon", "coordinates": [[[[11.3628, 42.8428], [11.3752, 42.8423], [11.3755, 42.833], [11.3578, 42.8095], [11.3598, 42.8076], [11.3537, 42.807], [11.3209, 42.796], [11.3068, 42.795], [11.2979, 42.7927], [11.2864, 42.7836], [11.2744, 42.7817], [11.2681, 42.7824], [11.2421, 42.7954], [11.2318, 42.7987], [11.224, 42.7934], [11.2146, 42.7902], [11.2139, 42.7971], [11.2075, 42.8118], [11.2001, 42.8108], [11.1913, 42.8125], [11.179, 42.8324], [11.1842, 42.8444], [11.2008, 42.8548], [11.17, 42.8967], [11.1587, 42.8977], [11.1499, 42.9019], [11.1616, 42.9104], [11.165, 42.9187], [11.1698, 42.9214], [11.1807, 42.9238], [11.1819, 42.9273], [11.1771, 42.9349], [11.1768, 42.9389], [11.1975, 42.9393], [11.2036, 42.9356], [11.2182, 42.9328], [11.2173, 42.9309], [11.2301, 42.9246], [11.2356, 42.9235], [11.2373, 42.9259], [11.2406, 42.9259], [11.2467, 42.9115], [11.2507, 42.9094], [11.2764, 42.9195], [11.284, 42.9081], [11.2853, 42.898], [11.2844, 42.8925], [11.2862, 42.8838], [11.2962, 42.8792], [11.3082, 42.8697], [11.3106, 42.8547], [11.3053, 42.849], [11.3127, 42.841], [11.3292, 42.8331], [11.3439, 42.8334], [11.3473, 42.834], [11.3584, 42.8424], [11.3628, 42.8428]]]]}}, {"type": "Feature", "properties": {"GID_3": "ITA.16.3.3_1", "GID_0": "ITA", "COUNTRY": "Italy", "GID_1": "ITA.16_1", "NAME_1": "Toscana", "NL_NAME_1": "NA", "GID_2": "ITA.16.3_1", "NAME_2": "Grosseto", "NL_NAME_2": "NA", "NAME_3": "Capalbio", "VARNAME_3": "NA", "NL_NAME_3": "NA", "TYPE_3": "Commune", "ENGTYPE_3": "Commune", "CC_3": "NA", "HASC_3": "IT.GR.CB"}, "geometry": {"type": "MultiPolygon", "coordinates": [[[[11.5226, 42.4351], [11.5129, 42.4355], [11.5005, 42.4401], [11.4898, 42.4404], [11.4829, 42.4355], [11.4819, 42.429], [11.483, 42.4209], [11.4765, 42.4136], [11.459, 42.4041], [11.4507, 42.395], [11.4512, 42.3922], [11.456, 42.3891], [11.4504, 42.3779], [11.3796, 42.3963], [11.3165, 42.4054], [11.3171, 42.4148], [11.3126, 42.4176], [11.306, 42.4188], [11.32, 42.4285], [11.328, 42.4275], [11.3347, 42.4338], [11.3319, 42.4471], [11.3307, 42.4656], [11.3341, 42.4739], [11.3328, 42.4837], [11.3535, 42.4957], [11.358, 42.4938], [11.3633, 42.4938], [11.3773, 42.4977], [11.4049, 42.5186], [11.4162, 42.5299], [11.4383, 42.5269], [11.4405, 42.526], [11.4407, 42.5238], [11.4442, 42.5204], [11.4964, 42.5075], [11.4992, 42.5054], [11.5041, 42.497], [11.5126, 42.4918], [11.515, 42.4954], [11.5212, 42.4928], [11.536, 42.4796], [11.5371, 42.4731], [11.5308, 42.4637], [11.5309, 42.4567], [11.5336, 42.4527], [11.5329, 42.4481], [11.5226, 42.4351]]]]}}, {"type": "Feature", "properties": {"GID_3": "ITA.16.3.4_1", "GID_0": "ITA", "COUNTRY": "Italy", "GID_1": "ITA.16_1", "NAME_1": "Toscana", "NL_NAME_1": "NA", "GID_2": "ITA.16.3_1", "NAME_2": "Grosseto", "NL_NAME_2": "NA", "NAME_3": "CastelDelPiano", "VARNAME_3": "NA", "NL_NAME_3": "NA", "TYPE_3": "Commune", "ENGTYPE_3": "Commune", "CC_3": "NA", "HASC_3": "IT.GR.CP"}, "geometry": {"type": "MultiPolygon", "coordinates": [[[[11.6011, 42.8807], [11.5936, 42.8801], [11.5758, 42.8856], [11.5559, 42.8871], [11.5299, 42.8827], [11.5249, 42.8876], [11.5247, 42.9023], [11.5116, 42.9052], [11.4974, 42.9161], [11.4941, 42.9157], [11.4922, 42.9118], [11.475, 42.9108], [11.4549, 42.9134], [11.4322, 42.9253], [11.4341, 42.9312], [11.4413, 42.9366], [11.4279, 42.9466], [11.4234, 42.9606], [11.4601, 42.9586], [11.488, 42.9651], [11.4924, 42.9681], [11.4947, 42.9734], [11.4989, 42.977], [11.5068, 42.9802], [11.5201, 42.9819], [11.5296, 42.9747], [11.5272, 42.9687], [11.528, 42.965], [11.524, 42.9481], [11.5201, 42.9373], [11.5208, 42.925], [11.5251, 42.9159], [11.5347, 42.917], [11.5477, 42.9144], [11.5594, 42.9091], [11.5703, 42.9073], [11.5729, 42.9085], [11.5858, 42.9075], [11.5967, 42.9054], [11.6202, 42.8942], [11.6257, 42.8891], [11.6206, 42.8824], [11.6097, 42.8792], [11.6011, 42.8807]]]]}}, {"type": "Feature", "properties": {"GID_3": "ITA.16.3.5_1", "GID_0": "ITA", "COUNTRY": "Italy", "GID_1": "ITA.16_1", "NAME_1": "Toscana", "NL_NAME_1": "NA", "GID_2": "ITA.16.3_1", "NAME_2": "Grosseto", "NL_NAME_2": "NA", "NAME_3": "Castell'Azzara", "VARNAME_3": "NA", "NL_NAME_3": "NA", "TYPE_3": "Commune", "ENGTYPE_3": "Commune", "CC_3": "NA", "HASC_3": "IT.GR.CA"}, "geometry": {"type": "MultiPolygon", "coordinates": [[[[11.747, 42.7867], [11.763, 42.7806], [11.7431, 42.7756], [11.7411, 42.7738], [11.7421, 42.7651], [11.732, 42.7605], [11.7296, 42.7601], [11.7262, 42.7628], [11.7202, 42.7644], [11.7155, 42.7636], [11.7058, 42.7576], [11.7077, 42.7525], [11.7036, 42.7464], [11.689, 42.7455], [11.6737, 42.7512], [11.6624, 42.7445], [11.651, 42.7352], [11.6279, 42.7245], [11.6172, 42.7158], [11.6172, 42.7192], [11.6136, 42.7248], [11.6075, 42.744], [11.6055, 42.7551], [11.5997, 42.7642], [11.5937, 42.7699], [11.608, 42.7774], [11.6265, 42.7989], [11.631, 42.7974], [11.6404, 42.8009], [11.6619, 42.7891], [11.6785, 42.7903], [11.695, 42.7964], [11.6982, 42.7991], [11.7267, 42.7941], [11.739, 42.7908], [11.747, 42.7867]]]]}}, {"type": "Feature", "properties": {"GID_3": "ITA.16.3.6_1", "GID_0": "ITA", "COUNTRY": "Italy", "GID_1": "ITA.16_1", "NAME_1": "Toscana", "NL_NAME_1": "NA", "GID_2": "ITA.16.3_1", "NAME_2": "Grosseto", "NL_NAME_2": "NA", "NAME_3": "CastiglioneDellaPescaia", "VARNAME_3": "NA", "NL_NAME_3": "NA", "TYPE_3": "Commune", "ENGTYPE_3": "Commune", "CC_3": "NA", "HASC_3": "IT.GR.CD"}, "geometry": {"type": "MultiPolygon", "coordinates": [[[[10.7121, 42.7982], [10.714, 42.7974], [10.714, 42.7968], [10.7121, 42.796], [10.7121, 42.7982]]], [[[11.0405, 42.8738], [11.0446, 42.8575], [11.043, 42.8501], [11.0393, 42.8434], [11.0184, 42.8248], [10.9919, 42.7954], [10.9818, 42.7897], [10.9721, 42.7874], [10.9441, 42.7892], [10.9369, 42.7911], [10.9275, 42.7905], [10.9192, 42.7634], [10.912, 42.7532], [10.8868, 42.7593], [10.8835, 42.7615], [10.8774, 42.7599], [10.8765, 42.7624], [10.8704, 42.7643], [10.8271, 42.7726], [10.7957, 42.7765], [10.7938, 42.7762], [10.7907, 42.7724], [10.7763, 42.7793], [10.7746, 42.7829], [10.7682, 42.7843], [10.7499, 42.7951], [10.7446, 42.796], [10.7424, 42.7988], [10.7296, 42.801], [10.7351, 42.8093], [10.7354, 42.8071], [10.7396, 42.8099], [10.7432, 42.8065], [10.7501, 42.8063], [10.7574, 42.8079], [10.761, 42.8107], [10.7668, 42.8185], [10.7729, 42.8307], [10.7757, 42.8413], [10.7751, 42.8445], [10.8405, 42.8516], [10.8801, 42.8625], [10.8882, 42.8668], [10.8896, 42.869], [10.8913, 42.8672], [10.916, 42.869], [10.9408, 42.8774], [10.9499, 42.8758], [10.9784, 42.8876], [10.9874, 42.8889], [10.993, 42.8891], [11.0076, 42.8853], [11.0159, 42.8775], [11.0405, 42.8738]]]]}}, {"type": "Feature", "properties": {"GID_3": "ITA.16.3.7_1", "GID_0": "ITA", "COUNTRY": "Italy", "GID_1": "ITA.16_1", "NAME_1": "Toscana", "NL_NAME_1": "NA", "GID_2": "ITA.16.3_1", "NAME_2": "Grosseto", "NL_NAME_2": "NA", "NAME_3": "Cinigiano", "VARNAME_3": "NA", "NL_NAME_3": "NA", "TYPE_3": "Commune", "ENGTYPE_3": "Commune", "CC_3": "NA", "HASC_3": "IT.GR.CI"}, "geometry": {"type": "MultiPolygon", "coordinates": [[[[11.4922, 42.9118], [11.4892, 42.8947], [11.4937, 42.8898], [11.5045, 42.8868], [11.5054, 42.884], [11.5015, 42.8761], [11.492, 42.8672], [11.4725, 42.8606], [11.4267, 42.8652], [11.4095, 42.8629], [11.3865, 42.8659], [11.3723, 42.8534], [11.3698, 42.8465], [11.3663, 42.8443], [11.3584, 42.8424], [11.3473, 42.834], [11.3292, 42.8331], [11.3127, 42.841], [11.3053, 42.849], [11.3106, 42.8547], [11.3082, 42.8697], [11.2962, 42.8792], [11.2862, 42.8838], [11.2844, 42.8925], [11.2853, 42.898], [11.284, 42.9081], [11.2741, 42.9256], [11.2768, 42.9298], [11.2869, 42.9288], [11.3162, 42.932], [11.3436, 42.9413], [11.3518, 42.9518], [11.3435, 42.9614], [11.3431, 42.965], [11.3461, 42.9705], [11.3514, 42.973], [11.3539, 42.9702], [11.359, 42.9684], [11.3927, 42.9651], [11.4126, 42.9608], [11.4234, 42.9606], [11.4279, 42.9466], [11.4413, 42.9366], [11.4341, 42.9312], [11.4322, 42.9253], [11.4576, 42.9126], [11.475, 42.9108], [11.4922, 42.9118]]]]}}, {"type": "Feature", "properties": {"GID_3": "ITA.16.3.8_1", "GID_0": "ITA", "COUNTRY": "Italy", "GID_1": "ITA.16_1", "NAME_1": "Toscana", "NL_NAME_1": "NA", "GID_2": "ITA.16.3_1", "NAME_2": "Grosseto", "NL_NAME_2": "NA", "NAME_3": "CivitellaPaganico", "VARNAME_3": "NA", "NL_NAME_3": "NA", "TYPE_3": "Commune", "ENGTYPE_3": "Commune", "CC_3": "NA", "HASC_3": "IT.GR.CV"}, "geometry": {"type": "MultiPolygon", "coordinates": [[[[11.2764, 42.9195], [11.2507, 42.9094], [11.2467, 42.9115], [11.2406, 42.9259], [11.2373, 42.9259], [11.2356, 42.9235], [11.2301, 42.9246], [11.2173, 42.9309], [11.2182, 42.9328], [11.2032, 42.9365], [11.2006, 42.9462], [11.2036, 42.9479], [11.2125, 42.9521], [11.2208, 42.9502], [11.2253, 42.9508], [11.2413, 42.9562], [11.2419, 42.9582], [11.2329, 42.9649], [11.226, 42.9895], [11.2245, 43.0005], [11.216, 43.0153], [11.2187, 43.0227], [11.2174, 43.0271], [11.2136, 43.031], [11.2009, 43.032], [11.1973, 43.0464], [11.1886, 43.0499], [11.1936, 43.0569], [11.1959, 43.057], [11.2265, 43.0542], [11.2308, 43.0534], [11.2341, 43.0493], [11.2374, 43.0495], [11.2456, 43.0528], [11.2458, 43.0651], [11.2489, 43.0726], [11.2584, 43.0703], [11.2683, 43.0725], [11.2715, 43.0826], [11.2793, 43.0845], [11.2829, 43.0844], [11.2982, 43.0781], [11.3124, 43.0874], [11.3329, 43.0927], [11.3388, 43.0913], [11.3398, 43.0885], [11.3539, 43.0807], [11.358, 43.0834], [11.363, 43.0839], [11.3649, 43.0821], [11.3667, 43.0552], [11.3622, 43.0431], [11.3621, 43.011], [11.3638, 43.0071], [11.3702, 43.0082], [11.3752, 43.0056], [11.3813, 42.9974], [11.3767, 42.9802], [11.3676, 42.9779], [11.3624, 42.9795], [11.3458, 42.9701], [11.3428, 42.9626], [11.3518, 42.9518], [11.3436, 42.9413], [11.3162, 42.932], [11.2869, 42.9288], [11.2768, 42.9298], [11.2741, 42.9256], [11.2764, 42.9195]]]]}}, {"type": "Feature", "properties": {"GID_3": "ITA.16.3.9_1", "GID_0": "ITA", "COUNTRY": "Italy", "GID_1": "ITA.16_1", "NAME_1": "Toscana", "NL_NAME_1": "NA", "GID_2": "ITA.16.3_1", "NAME_2": "Grosseto", "NL_NAME_2": "NA", "NAME_3": "Follonica", "VARNAME_3": "NA", "NL_NAME_3": "NA", "TYPE_3": "Commune", "ENGTYPE_3": "Commune", "CC_3": "NA", "HASC_3": "IT.GR.FO"}, "geometry": {"type": "MultiPolygon", "coordinates": [[[[10.7718, 42.9106], [10.7426, 42.9276], [10.7251, 42.9332], [10.7188, 42.9374], [10.7062, 42.9418], [10.7154, 42.9601], [10.7375, 42.9742], [10.7515, 42.9865], [10.7523, 42.9907], [10.7462, 42.9974], [10.7388, 43.0024], [10.7423, 43.0155], [10.7646, 43.0143], [10.7812, 43.0052], [10.7934, 43.0007], [10.8039, 42.9829], [10.8071, 42.9611], [10.8018, 42.9389], [10.7918, 42.9268], [10.7718, 42.9106]]]]}}, {"type": "Feature", "properties": {"GID_3": "ITA.16.3.10_1", "GID_0": "ITA", "COUNTRY": "Italy", "GID_1": "ITA.16_1", "NAME_1": "Toscana", "NL_NAME_1": "NA", "GID_2": "ITA.16.3_1", "NAME_2": "Grosseto", "NL_NAME_2": "NA", "NAME_3": "Gavorrano", "VARNAME_3": "NA", "NL_NAME_3": "NA", "TYPE_3": "Commune", "ENGTYPE_3": "Commune", "CC_3": "NA", "HASC_3": "IT.GR.GA"}, "geometry": {"type": "MultiPolygon", "coordinates": [[[[11.0402, 42.8743], [11.0159, 42.8775], [11.0082, 42.885], [10.9906, 42.8893], [10.9784, 42.8876], [10.9502, 42.8758], [10.9408, 42.8774], [10.9168, 42.8691], [10.8906, 42.8672], [10.8848, 42.8755], [10.8826, 42.8839], [10.8893, 42.9062], [10.8769, 42.9185], [10.8666, 42.9327], [10.8579, 42.9368], [10.8472, 42.9461], [10.8467, 42.9504], [10.8496, 42.9528], [10.8545, 42.9642], [10.8623, 42.9687], [10.8669, 42.9761], [10.8984, 42.9791], [10.9187, 42.9792], [10.9338, 42.977], [10.949, 42.9871], [10.9504, 42.9921], [10.9689, 42.9955], [10.9726, 43.0109], [10.975, 43.0133], [10.9947, 43.0089], [11.0033, 43.0104], [11.0221, 43.0052], [11.0247, 42.9997], [11.0218, 42.9775], [11.0126, 42.9556], [11.0268, 42.9487], [11.0314, 42.943], [11.0371, 42.9312], [11.0386, 42.9184], [11.0382, 42.8812], [11.0402, 42.8743]]]]}}, {"type": "Feature", "properties": {"GID_3": "ITA.16.3.11_1", "GID_0": "ITA", "COUNTRY": "Italy", "GID_1": "ITA.16_1", "NAME_1": "Toscana", "NL_NAME_1": "NA", "GID_2": "ITA.16.3_1", "NAME_2": "Grosseto", "NL_NAME_2": "NA", "NAME_3": "Grosseto", "VARNAME_3": "NA", "NL_NAME_3": "NA", "TYPE_3": "Commune", "ENGTYPE_3": "Commune", "CC_3": "NA", "HASC_3": "IT.GR.GR"}, "geometry": {"type": "MultiPolygon", "coordinates": [[[[10.8824, 42.5776], [10.8846, 42.576], [10.8846, 42.5751], [10.8799, 42.5768], [10.8824, 42.5776]]], [[[11.1584, 42.8978], [11.17, 42.8967], [11.2008, 42.8548], [11.1842, 42.8444], [11.179, 42.8324], [11.1913, 42.8125], [11.2001, 42.8108], [11.2075, 42.8118], [11.2139, 42.7971], [11.2146, 42.7902], [11.2089, 42.7908], [11.2039, 42.7938], [11.2059, 42.7981], [11.2041, 42.7998], [11.1983, 42.7981], [11.1943, 42.7944], [11.1947, 42.7919], [11.2155, 42.7743], [11.2317, 42.7565], [11.2293, 42.7499], [11.2154, 42.7339], [11.2253, 42.7257], [11.203, 42.7072], [11.1824, 42.6938], [11.1466, 42.6542], [11.1541, 42.6465], [11.1503, 42.6409], [11.1174, 42.6392], [11.0891, 42.6331], [11.0846, 42.6286], [11.0743, 42.6349], [11.0537, 42.6432], [11.0179, 42.6543], [11.0138, 42.6571], [11.0143, 42.6596], [11.0121, 42.659], [11.009, 42.6613], [11.0004, 42.6851], [10.9868, 42.7096], [10.9765, 42.7207], [10.9712, 42.724], [10.971, 42.726], [10.9671, 42.7271], [10.9635, 42.7313], [10.9563, 42.7351], [10.9338, 42.746], [10.912, 42.7532], [10.9192, 42.7634], [10.9275, 42.7905], [10.9369, 42.7911], [10.9441, 42.7892], [10.9701, 42.7874], [10.9822, 42.7899], [10.9919, 42.7954], [11.0184, 42.8248], [11.0377, 42.8414], [11.043, 42.8501], [11.0446, 42.8575], [11.0382, 42.8812], [11.0383, 42.9043], [11.0587, 42.8964], [11.0651, 42.9026], [11.0717, 42.9232], [11.132, 42.9004], [11.1437, 42.8944], [11.1499, 42.9019], [11.1584, 42.8978]]]]}}, {"type": "Feature", "properties": {"GID_3": "ITA.16.3.12_1", "GID_0": "ITA", "COUNTRY": "Italy", "GID_1": "ITA.16_1", "NAME_1": "Toscana", "NL_NAME_1": "NA", "GID_2": "ITA.16.3_1", "NAME_2": "Grosseto", "NL_NAME_2": "NA", "NAME_3": "IsolaDelGiglio", "VARNAME_3": "NA", "NL_NAME_3": "NA", "TYPE_3": "Commune", "ENGTYPE_3": "Commune", "CC_3": "NA", "HASC_3": "IT.GR.IG"}, "geometry": {"type": "MultiPolygon", "coordinates": [[[[10.8862, 42.3896], [10.8899, 42.3893], [10.8896, 42.3879], [10.8935, 42.3865], [10.8946, 42.3843], [10.8982, 42.3849], [10.9062, 42.3815], [10.9076, 42.3763], [10.9115, 42.3743], [10.9129, 42.3693], [10.9207, 42.3676], [10.9193, 42.3621], [10.9257, 42.3571], [10.9296, 42.3563], [10.9235, 42.3549], [10.921, 42.3512], [10.9257, 42.349], [10.9226, 42.3438], [10.9318, 42.3387], [10.9318, 42.3307], [10.9293, 42.3246], [10.9224, 42.3215], [10.9204, 42.316], [10.914, 42.3226], [10.9079, 42.3254], [10.9032, 42.3254], [10.8993, 42.3296], [10.9001, 42.3318], [10.8951, 42.3351], [10.8935, 42.3387], [10.891, 42.3385], [10.8896, 42.3415], [10.8865, 42.3424], [10.8821, 42.3521], [10.8763, 42.3507], [10.8662, 42.3535], [10.864, 42.3638], [10.8679, 42.3662], [10.8671, 42.3693], [10.8696, 42.3693], [10.8765, 42.3651], [10.8815, 42.3674], [10.8801, 42.3696], [10.8829, 42.376], [10.8815, 42.3804], [10.8796, 42.3818], [10.8813, 42.3846], [10.8796, 42.3882], [10.8862, 42.3896]]]]}}, {"type": "Feature", "properties": {"GID_3": "ITA.16.3.13_1", "GID_0": "ITA", "COUNTRY": "Italy", "GID_1": "ITA.16_1", "NAME_1": "Toscana", "NL_NAME_1": "NA", "GID_2": "ITA.16.3_1", "NAME_2": "Grosseto", "NL_NAME_2": "NA", "NAME_3": "MaglianoInToscana", "VARNAME_3": "NA", "NL_NAME_3": "NA", "TYPE_3": "Commune", "ENGTYPE_3": "Commune", "CC_3": "NA", "HASC_3": "IT.GR.MT"}, "geometry": {"type": "MultiPolygon", "coordinates": [[[[11.0846, 42.6286], [11.0891, 42.6331], [11.1174, 42.6392], [11.1503, 42.6409], [11.1541, 42.6465], [11.1466, 42.6542], [11.1824, 42.6938], [11.203, 42.7072], [11.2253, 42.7257], [11.2154, 42.7339], [11.2293, 42.7499], [11.2317, 42.7565], [11.253, 42.7415], [11.2527, 42.7394], [11.2489, 42.7365], [11.2654, 42.7097], [11.2624, 42.6899], [11.2701, 42.683], [11.2813, 42.6813], [11.2846, 42.6787], [11.2853, 42.6736], [11.2904, 42.6661], [11.3046, 42.6683], [11.3112, 42.6737], [11.3304, 42.6662], [11.3407, 42.6529], [11.353, 42.6449], [11.3564, 42.6455], [11.3578, 42.6439], [11.3615, 42.6093], [11.3702, 42.6032], [11.375, 42.6035], [11.3796, 42.6018], [11.3893, 42.5894], [11.3786, 42.5868], [11.3724, 42.5791], [11.3736, 42.5755], [11.343, 42.5455], [11.3138, 42.5413], [11.3091, 42.5436], [11.2942, 42.5438], [11.2818, 42.5402], [11.2789, 42.5423], [11.2761, 42.5483], [11.2786, 42.5574], [11.264, 42.5685], [11.2561, 42.5796], [11.2442, 42.5887], [11.2416, 42.5999], [11.2433, 42.6017], [11.2422, 42.6034], [11.2202, 42.6044], [11.2132, 42.6008], [11.199, 42.6003], [11.1856, 42.5919], [11.1606, 42.5996], [11.1364, 42.6021], [11.1084, 42.6005], [11.1046, 42.5965], [11.0982, 42.6057], [11.0899, 42.606], [11.0887, 42.6082], [11.0846, 42.6096], [11.081, 42.6146], [11.0824, 42.6174], [11.0885, 42.6174], [11.0846, 42.6286]]]]}}, {"type": "Feature", "properties": {"GID_3": "ITA.16.3.14_1", "GID_0": "ITA", "COUNTRY": "Italy", "GID_1": "ITA.16_1", "NAME_1": "Toscana", "NL_NAME_1": "NA", "GID_2": "ITA.16.3_1", "NAME_2": "Grosseto", "NL_NAME_2": "NA", "NAME_3": "Manciano", "VARNAME_3": "NA", "NL_NAME_3": "NA", "TYPE_3": "Commune", "ENGTYPE_3": "Commune", "CC_3": "NA", "HASC_3": "IT.GR.MC"}, "geometry": {"type": "MultiPolygon", "coordinates": [[[[11.6178, 42.4885], [11.621, 42.4757], [11.6175, 42.4679], [11.6163, 42.4539], [11.6201, 42.4418], [11.6187, 42.437], [11.5555, 42.4398], [11.5452, 42.4431], [11.5226, 42.4351], [11.5337, 42.4504], [11.5303, 42.4606], [11.5308, 42.464], [11.5371, 42.4731], [11.536, 42.4796], [11.5212, 42.4928], [11.515, 42.4954], [11.5126, 42.4918], [11.5041, 42.497], [11.4992, 42.5054], [11.4964, 42.5075], [11.4442, 42.5204], [11.4407, 42.5238], [11.4405, 42.526], [11.4383, 42.5269], [11.4162, 42.5299], [11.4049, 42.5186], [11.3767, 42.4974], [11.3633, 42.4938], [11.358, 42.4938], [11.3467, 42.4972], [11.3375, 42.4961], [11.2963, 42.5241], [11.2837, 42.5417], [11.2994, 42.5438], [11.3091, 42.5436], [11.3138, 42.5413], [11.343, 42.5455], [11.3736, 42.5755], [11.3724, 42.5791], [11.3786, 42.5868], [11.3893, 42.5894], [11.3967, 42.5873], [11.4119, 42.5961], [11.4329, 42.6173], [11.4342, 42.6251], [11.4458, 42.6295], [11.457, 42.6378], [11.4571, 42.6702], [11.4621, 42.6769], [11.4612, 42.6845], [11.4569, 42.6966], [11.4558, 42.7113], [11.4585, 42.7134], [11.4606, 42.7104], [11.4701, 42.7042], [11.4869, 42.6973], [11.4893, 42.6949], [11.4979, 42.6989], [11.5198, 42.6979], [11.5228, 42.6897], [11.5491, 42.6984], [11.5574, 42.6933], [11.5583, 42.6893], [11.5673, 42.682], [11.5709, 42.681], [11.604, 42.6877], [11.6218, 42.6818], [11.6227, 42.6804], [11.6176, 42.6678], [11.6192, 42.6614], [11.6224, 42.6575], [11.6202, 42.6517], [11.6144, 42.6467], [11.588, 42.6359], [11.5828, 42.6257], [11.584, 42.621], [11.5886, 42.6172], [11.5665, 42.6162], [11.558, 42.6116], [11.5602, 42.6033], [11.5685, 42.5907], [11.5665, 42.5838], [11.5795, 42.5672], [11.5853, 42.5437], [11.5698, 42.5348], [11.5644, 42.5256], [11.5622, 42.5183], [11.5683, 42.5109], [11.5742, 42.5121], [11.5811, 42.5099], [11.5871, 42.5064], [11.5878, 42.5038], [11.5962, 42.4966], [11.6103, 42.4936], [11.6178, 42.4885]]]]}}, {"type": "Feature", "properties": {"GID_3": "ITA.16.3.15_1", "GID_0": "ITA", "COUNTRY": "Italy", "GID_1": "ITA.16_1", "NAME_1": "Toscana", "NL_NAME_1": "NA", "GID_2": "ITA.16.3_1", "NAME_2": "Grosseto", "NL_NAME_2": "NA", "NAME_3": "MassaMarittima", "VARNAME_3": "NA", "NL_NAME_3": "NA", "TYPE_3": "Commune", "ENGTYPE_3": "Commune", "CC_3": "NA", "HASC_3": "IT.GR.MS"}, "geometry": {"type": "MultiPolygon", "coordinates": [[[[10.8071, 42.9611], [10.8039, 42.9829], [10.7989, 42.993], [10.7934, 43.0007], [10.7812, 43.0052], [10.7823, 43.0212], [10.7778, 43.0244], [10.774, 43.0452], [10.777, 43.0513], [10.7846, 43.0581], [10.7836, 43.0623], [10.7689, 43.0703], [10.7567, 43.0739], [10.7546, 43.076], [10.7571, 43.0765], [10.7631, 43.0821], [10.7637, 43.0859], [10.7699, 43.0881], [10.7936, 43.0911], [10.8157, 43.0896], [10.8268, 43.0906], [10.8469, 43.0965], [10.8606, 43.1049], [10.8801, 43.1049], [10.893, 43.1149], [10.9256, 43.1323], [10.9249, 43.1403], [10.9285, 43.1435], [10.9589, 43.1225], [10.9621, 43.1212], [10.9782, 43.1222], [10.9918, 43.1153], [11.0064, 43.1039], [11.021, 43.0584], [11.0377, 43.0483], [11.0433, 43.0432], [11.0464, 43.0372], [11.0493, 43.0226], [11.0445, 43.0177], [11.0392, 43.015], [11.0246, 42.9993], [11.0221, 43.0052], [11.0033, 43.0104], [10.9947, 43.0089], [10.975, 43.0133], [10.9726, 43.0109], [10.9689, 42.9955], [10.9504, 42.9921], [10.949, 42.9871], [10.9338, 42.977], [10.9187, 42.9792], [10.8984, 42.9791], [10.8681, 42.9763], [10.8657, 42.9752], [10.8623, 42.9687], [10.8545, 42.9642], [10.8418, 42.9638], [10.824, 42.9598], [10.8071, 42.9611]]]]}}, {"type": "Feature", "properties": {"GID_3": "ITA.16.3.16_1", "GID_0": "ITA", "COUNTRY": "Italy", "GID_1": "ITA.16_1", "NAME_1": "Toscana", "NL_NAME_1": "NA", "GID_2": "ITA.16.3_1", "NAME_2": "Grosseto", "NL_NAME_2": "NA", "NAME_3": "MonteArgentario", "VARNAME_3": "NA", "NL_NAME_3": "NA", "TYPE_3": "Commune", "ENGTYPE_3": "Commune", "CC_3": "NA", "HASC_3": "IT.GR.MA"}, "geometry": {"type": "MultiPolygon", "coordinates": [[[[11.2101, 42.3826], [11.2124, 42.3826], [11.2124, 42.3804], [11.2143, 42.379], [11.2093, 42.3807], [11.209, 42.3829], [11.2101, 42.3826]]], [[[11.211, 42.4096], [11.2093, 42.4087], [11.2093, 42.4051], [11.2074, 42.4035], [11.2129, 42.4038], [11.2104, 42.3999], [11.2124, 42.3974], [11.2101, 42.3971], [11.2096, 42.3943], [11.2057, 42.3946], [11.2054, 42.3932], [11.2104, 42.3915], [11.2107, 42.3935], [11.2132, 42.3913], [11.2137, 42.3882], [11.2007, 42.3815], [11.1954, 42.3821], [11.1926, 42.3799], [11.1915, 42.3765], [11.1888, 42.3754], [11.1885, 42.3721], [11.1904, 42.3685], [11.1888, 42.3665], [11.1904, 42.3629], [11.1818, 42.3626], [11.1813, 42.3651], [11.1782, 42.3643], [11.1793, 42.366], [11.1776, 42.3676], [11.1649, 42.3674], [11.1596, 42.3621], [11.1532, 42.3607], [11.1501, 42.3649], [11.1515, 42.369], [11.1504, 42.371], [11.1435, 42.3746], [11.1415, 42.3774], [11.1393, 42.3765], [11.1349, 42.3785], [11.1299, 42.3763], [11.1313, 42.3832], [11.1274, 42.3854], [11.1176, 42.3899], [11.1099, 42.3887], [11.1004, 42.3929], [11.0957, 42.3929], [11.0968, 42.3963], [11.0935, 42.4024], [11.0874, 42.4057], [11.0915, 42.411], [11.0904, 42.4121], [11.0913, 42.4162], [11.0885, 42.4165], [11.0893, 42.4188], [11.0876, 42.4196], [11.0896, 42.4257], [11.0871, 42.4299], [11.0946, 42.4299], [11.0974, 42.4332], [11.0954, 42.4393], [11.1001, 42.4399], [11.1004, 42.4435], [11.1026, 42.4437], [11.1035, 42.4474], [11.1121, 42.4476], [11.1163, 42.4399], [11.1232, 42.4385], [11.1215, 42.4357], [11.1335, 42.4393], [11.1346, 42.4376], [11.1374, 42.4385], [11.1399, 42.4338], [11.1435, 42.4351], [11.1463, 42.434], [11.1482, 42.4371], [11.1504, 42.4371], [11.1578, 42.4343], [11.1579, 42.4328], [11.1648, 42.431], [11.1839, 42.4335], [11.2001, 42.43], [11.2112, 42.4121], [11.211, 42.4096]]]]}}, {"type": "Feature", "properties": {"GID_3": "ITA.16.3.17_1", "GID_0": "ITA", "COUNTRY": "Italy", "GID_1": "ITA.16_1", "NAME_1": "Toscana", "NL_NAME_1": "NA", "GID_2": "ITA.16.3_1", "NAME_2": "Grosseto", "NL_NAME_2": "NA", "NAME_3": "MonterotondoMarittimo", "VARNAME_3": "NA", "NL_NAME_3": "NA", "TYPE_3": "Commune", "ENGTYPE_3": "Commune", "CC_3": "NA", "HASC_3": "IT.GR.MM"}, "geometry": {"type": "MultiPolygon", "coordinates": [[[[10.9285, 43.1435], [10.9249, 43.1403], [10.9256, 43.1323], [10.893, 43.1149], [10.8801, 43.1049], [10.8606, 43.1049], [10.8469, 43.0965], [10.8268, 43.0906], [10.8157, 43.0896], [10.7936, 43.0911], [10.7699, 43.0881], [10.7637, 43.0859], [10.7633, 43.0824], [10.7571, 43.0765], [10.748, 43.0747], [10.7345, 43.0684], [10.7241, 43.0683], [10.7141, 43.0739], [10.7243, 43.0861], [10.725, 43.1011], [10.7182, 43.1095], [10.7482, 43.1233], [10.7501, 43.1254], [10.7516, 43.1282], [10.7513, 43.1371], [10.7564, 43.155], [10.7648, 43.1536], [10.7643, 43.148], [10.769, 43.1441], [10.8015, 43.1636], [10.8122, 43.161], [10.8151, 43.1581], [10.8148, 43.1539], [10.8163, 43.1517], [10.8407, 43.1582], [10.8761, 43.1581], [10.8952, 43.1623], [10.9096, 43.1607], [10.9141, 43.1522], [10.9248, 43.1446], [10.9285, 43.1435]]]]}}, {"type": "Feature", "properties": {"GID_3": "ITA.16.3.18_1", "GID_0": "ITA", "COUNTRY": "Italy", "GID_1": "ITA.16_1", "NAME_1": "Toscana", "NL_NAME_1": "NA", "GID_2": "ITA.16.3_1", "NAME_2": "Grosseto", "NL_NAME_2": "NA", "NAME_3": "Montieri", "VARNAME_3": "NA", "NL_NAME_3": "NA", "TYPE_3": "Commune", "ENGTYPE_3": "Commune", "CC_3": "NA", "HASC_3": "IT.GR.MO"}, "geometry": {"type": "MultiPolygon", "coordinates": [[[[11.0433, 43.0432], [11.0377, 43.0483], [11.021, 43.0584], [11.0064, 43.1039], [10.9918, 43.1153], [10.9782, 43.1222], [10.9621, 43.1212], [10.9589, 43.1225], [10.9141, 43.1522], [10.9096, 43.1607], [10.9125, 43.1636], [10.9434, 43.1613], [10.9699, 43.1717], [10.9754, 43.1766], [10.9874, 43.1792], [11.0098, 43.1795], [11.0196, 43.1865], [11.0339, 43.185], [11.0471, 43.1814], [11.0601, 43.1848], [11.0578, 43.1766], [11.0607, 43.1683], [11.0613, 43.1558], [11.0543, 43.1508], [11.0521, 43.1446], [11.06, 43.1336], [11.0721, 43.1245], [11.0669, 43.1191], [11.0657, 43.1118], [11.0779, 43.0889], [11.0834, 43.085], [11.083, 43.0772], [11.0846, 43.0742], [11.0924, 43.0714], [11.0854, 43.063], [11.0704, 43.0563], [11.0597, 43.0438], [11.0433, 43.0432]]]]}}, {"type": "Feature", "properties": {"GID_3": "ITA.16.3.19_1", "GID_0": "ITA", "COUNTRY": "Italy", "GID_1": "ITA.16_1", "NAME_1": "Toscana", "NL_NAME_1": "NA", "GID_2": "ITA.16.3_1", "NAME_2": "Grosseto", "NL_NAME_2": "NA", "NAME_3": "Orbetello", "VARNAME_3": "NA", "NL_NAME_3": "NA", "TYPE_3": "Commune", "ENGTYPE_3": "Commune", "CC_3": "NA", "HASC_3": "IT.GR.OR"}, "geometry": {"type": "MultiPolygon", "coordinates": [[[[11.3535, 42.4957], [11.3417, 42.4899], [11.3324, 42.4831], [11.3342, 42.4791], [11.3341, 42.4739], [11.3307, 42.4656], [11.3319, 42.4471], [11.3347, 42.4338], [11.328, 42.4275], [11.32, 42.4285], [11.306, 42.4188], [11.3126, 42.4176], [11.3171, 42.4148], [11.3166, 42.4057], [11.294, 42.4082], [11.2899, 42.4043], [11.2796, 42.409], [11.2788, 42.4171], [11.2632, 42.4199], [11.2326, 42.4168], [11.211, 42.4099], [11.2112, 42.4121], [11.2011, 42.4295], [11.1865, 42.4334], [11.1754, 42.4332], [11.1675, 42.4307], [11.1577, 42.4331], [11.1578, 42.4343], [11.1668, 42.4382], [11.1751, 42.4474], [11.1832, 42.461], [11.1879, 42.4738], [11.1915, 42.4918], [11.1921, 42.5101], [11.1901, 42.5185], [11.1849, 42.529], [11.1724, 42.5465], [11.1679, 42.5504], [11.1643, 42.5507], [11.1637, 42.5554], [11.1599, 42.5574], [11.1574, 42.5621], [11.1493, 42.5635], [11.1401, 42.5612], [11.1365, 42.5588], [11.1351, 42.5549], [11.1382, 42.5537], [11.1343, 42.5507], [11.129, 42.5537], [11.1279, 42.5563], [11.1226, 42.5565], [11.1224, 42.5601], [11.116, 42.5654], [11.1157, 42.5693], [11.1071, 42.581], [11.106, 42.5846], [11.1085, 42.5879], [11.1043, 42.5918], [11.1054, 42.5929], [11.1046, 42.5965], [11.1084, 42.6005], [11.1364, 42.6021], [11.1606, 42.5996], [11.1856, 42.5919], [11.199, 42.6003], [11.2132, 42.6008], [11.2202, 42.6044], [11.2422, 42.6034], [11.2433, 42.6017], [11.2416, 42.5999], [11.2442, 42.5887], [11.2561, 42.5796], [11.264, 42.5685], [11.2786, 42.5574], [11.2761, 42.5483], [11.2787, 42.5426], [11.2818, 42.5402], [11.2837, 42.5417], [11.2963, 42.5241], [11.3375, 42.4961], [11.3467, 42.4972], [11.3535, 42.4957]]]]}}, {"type": "Feature", "properties": {"GID_3": "ITA.16.3.20_1", "GID_0": "ITA", "COUNTRY": "Italy", "GID_1": "ITA.16_1", "NAME_1": "Toscana", "NL_NAME_1": "NA", "GID_2": "ITA.16.3_1", "NAME_2": "Grosseto", "NL_NAME_2": "NA", "NAME_3": "Pitigliano", "VARNAME_3": "NA", "NL_NAME_3": "NA", "TYPE_3": "Commune", "ENGTYPE_3": "Commune", "CC_3": "NA", "HASC_3": "IT.GR.PI"}, "geometry": {"type": "MultiPolygon", "coordinates": [[[[11.7373, 42.608], [11.7284, 42.6074], [11.7277, 42.6118], [11.7132, 42.6117], [11.696, 42.6013], [11.6813, 42.5948], [11.6869, 42.5863], [11.6824, 42.5823], [11.6669, 42.5772], [11.6581, 42.5781], [11.655, 42.5733], [11.6447, 42.5677], [11.6377, 42.566], [11.6346, 42.5665], [11.6313, 42.5704], [11.6267, 42.5703], [11.6171, 42.5609], [11.6097, 42.5644], [11.6092, 42.5672], [11.6061, 42.5689], [11.5937, 42.5717], [11.59, 42.5723], [11.5795, 42.5672], [11.5665, 42.5838], [11.5685, 42.5907], [11.5602, 42.6033], [11.558, 42.6116], [11.5665, 42.6162], [11.5886, 42.6172], [11.5873, 42.6212], [11.5904, 42.6247], [11.6021, 42.6234], [11.6342, 42.6371], [11.6659, 42.6467], [11.6754, 42.6531], [11.6846, 42.6621], [11.6924, 42.6637], [11.7067, 42.6609], [11.7107, 42.6532], [11.7162, 42.6516], [11.738, 42.6536], [11.7503, 42.6595], [11.7603, 42.6591], [11.7836, 42.6465], [11.7974, 42.6445], [11.7928, 42.6412], [11.7875, 42.6403], [11.7818, 42.6357], [11.76, 42.6391], [11.7513, 42.636], [11.7528, 42.6266], [11.7501, 42.6227], [11.7395, 42.6143], [11.7369, 42.6108], [11.7373, 42.608]]]]}}, {"type": "Feature", "properties": {"GID_3": "ITA.16.3.21_1", "GID_0": "ITA", "COUNTRY": "Italy", "GID_1": "ITA.16_1", "NAME_1": "Toscana", "NL_NAME_1": "NA", "GID_2": "ITA.16.3_1", "NAME_2": "Grosseto", "NL_NAME_2": "NA", "NAME_3": "Roccalbegna", "VARNAME_3": "NA", "NL_NAME_3": "NA", "TYPE_3": "Commune", "ENGTYPE_3": "Commune", "CC_3": "NA", "HASC_3": "IT.GR.RB"}, "geometry": {"type": "MultiPolygon", "coordinates": [[[[11.3752, 42.8423], [11.382, 42.8412], [11.3882, 42.8344], [11.3925, 42.8321], [11.417, 42.825], [11.423, 42.8147], [11.4301, 42.8157], [11.4418, 42.8123], [11.4425, 42.8094], [11.4516, 42.8004], [11.4617, 42.7953], [11.4719, 42.8143], [11.4859, 42.8273], [11.5012, 42.8295], [11.5051, 42.8265], [11.5332, 42.8186], [11.5347, 42.8142], [11.5333, 42.8035], [11.5343, 42.7984], [11.5413, 42.7998], [11.5741, 42.8006], [11.5816, 42.7989], [11.5798, 42.7957], [11.5806, 42.7905], [11.5846, 42.7788], [11.551, 42.7725], [11.5263, 42.7601], [11.5206, 42.7501], [11.5203, 42.7437], [11.512, 42.7385], [11.5079, 42.7386], [11.5047, 42.7418], [11.4898, 42.741], [11.4873, 42.7252], [11.49, 42.721], [11.4832, 42.7077], [11.4839, 42.7011], [11.4869, 42.6973], [11.4707, 42.7039], [11.4606, 42.7104], [11.4385, 42.7389], [11.4389, 42.7423], [11.4331, 42.7517], [11.394, 42.7731], [11.3921, 42.7851], [11.3578, 42.8095], [11.3755, 42.833], [11.3752, 42.8423]]]]}}, {"type": "Feature", "properties": {"GID_3": "ITA.16.3.22_1", "GID_0": "ITA", "COUNTRY": "Italy", "GID_1": "ITA.16_1", "NAME_1": "Toscana", "NL_NAME_1": "NA", "GID_2": "ITA.16.3_1", "NAME_2": "Grosseto", "NL_NAME_2": "NA", "NAME_3": "Roccastrada", "VARNAME_3": "NA", "NL_NAME_3": "NA", "TYPE_3": "Commune", "ENGTYPE_3": "Commune", "CC_3": "NA", "HASC_3": "IT.GR.RS"}, "geometry": {"type": "MultiPolygon", "coordinates": [[[[11.2056, 42.9354], [11.203, 42.9358], [11.1966, 42.9394], [11.1768, 42.9389], [11.1771, 42.9349], [11.1819, 42.9273], [11.1807, 42.9238], [11.1698, 42.9214], [11.165, 42.9187], [11.1616, 42.9104], [11.1499, 42.9019], [11.1437, 42.8944], [11.132, 42.9004], [11.0717, 42.9232], [11.0651, 42.9026], [11.0587, 42.8964], [11.0383, 42.9043], [11.0371, 42.9312], [11.0314, 42.943], [11.0254, 42.9499], [11.0126, 42.9556], [11.0218, 42.9775], [11.0244, 42.9991], [11.0392, 43.015], [11.0445, 43.0177], [11.0493, 43.0226], [11.0466, 43.0366], [11.0433, 43.0432], [11.0597, 43.0438], [11.0704, 43.0563], [11.0854, 43.063], [11.0924, 43.0714], [11.0846, 43.0742], [11.083, 43.0772], [11.0834, 43.085], [11.111, 43.0913], [11.1264, 43.092], [11.1299, 43.0858], [11.1675, 43.0795], [11.1712, 43.0798], [11.1743, 43.0837], [11.1761, 43.091], [11.1978, 43.0928], [11.221, 43.09], [11.2334, 43.0915], [11.2439, 43.0853], [11.2718, 43.0831], [11.2683, 43.0725], [11.2584, 43.0703], [11.2489, 43.0726], [11.2458, 43.0651], [11.2456, 43.0528], [11.2374, 43.0495], [11.2341, 43.0493], [11.2308, 43.0534], [11.2265, 43.0542], [11.1959, 43.057], [11.1936, 43.0569], [11.1886, 43.0499], [11.1973, 43.0464], [11.2009, 43.032], [11.2136, 43.031], [11.2174, 43.0271], [11.2187, 43.0227], [11.216, 43.0153], [11.2245, 43.0005], [11.226, 42.9895], [11.2329, 42.9649], [11.2419, 42.9582], [11.2413, 42.9562], [11.2253, 42.9508], [11.2208, 42.9502], [11.212, 42.952], [11.2006, 42.9462], [11.203, 42.9368], [11.2056, 42.9354]]]]}}, {"type": "Feature", "properties": {"GID_3": "ITA.16.3.23_1", "GID_0": "ITA", "COUNTRY": "Italy", "GID_1": "ITA.16_1", "NAME_1": "Toscana", "NL_NAME_1": "NA", "GID_2": "ITA.16.3_1", "NAME_2": "Grosseto", "NL_NAME_2": "NA", "NAME_3": "SantaFiora", "VARNAME_3": "NA", "NL_NAME_3": "NA", "TYPE_3": "Commune", "ENGTYPE_3": "Commune", "CC_3": "NA", "HASC_3": "IT.GR.SF"}, "geometry": {"type": "MultiPolygon", "coordinates": [[[[11.5332, 42.8186], [11.5648, 42.855], [11.5931, 42.8719], [11.6011, 42.8807], [11.6097, 42.8792], [11.6206, 42.8824], [11.6251, 42.8723], [11.6256, 42.8661], [11.6372, 42.8594], [11.6381, 42.8503], [11.6332, 42.8282], [11.6366, 42.8196], [11.6327, 42.8083], [11.6245, 42.8062], [11.6263, 42.7977], [11.608, 42.7774], [11.5937, 42.7699], [11.5846, 42.7788], [11.5806, 42.7905], [11.5798, 42.7957], [11.5816, 42.7989], [11.5741, 42.8006], [11.5339, 42.7986], [11.5347, 42.8142], [11.5332, 42.8186]]]]}}, {"type": "Feature", "properties": {"GID_3": "ITA.16.3.24_1", "GID_0": "ITA", "COUNTRY": "Italy", "GID_1": "ITA.16_1", "NAME_1": "Toscana", "NL_NAME_1": "NA", "GID_2": "ITA.16.3_1", "NAME_2": "Grosseto", "NL_NAME_2": "NA", "NAME_3": "Scansano", "VARNAME_3": "NA", "NL_NAME_3": "NA", "TYPE_3": "Commune", "ENGTYPE_3": "Commune", "CC_3": "NA", "HASC_3": "IT.GR.SN"}, "geometry": {"type": "MultiPolygon", "coordinates": [[[[11.2146, 42.7902], [11.224, 42.7934], [11.2318, 42.7987], [11.2421, 42.7954], [11.2681, 42.7824], [11.2744, 42.7817], [11.2864, 42.7836], [11.2948, 42.7915], [11.2985, 42.7928], [11.3209, 42.796], [11.3537, 42.807], [11.3617, 42.8066], [11.3809, 42.7943], [11.3921, 42.7851], [11.394, 42.7731], [11.4331, 42.7517], [11.4389, 42.7423], [11.4385, 42.7389], [11.4585, 42.7134], [11.4558, 42.7113], [11.4569, 42.6966], [11.4612, 42.6845], [11.4621, 42.6769], [11.4571, 42.6702], [11.4563, 42.6573], [11.4577, 42.6387], [11.4458, 42.6295], [11.4342, 42.6251], [11.4329, 42.6173], [11.4119, 42.5961], [11.3979, 42.5877], [11.3893, 42.5894], [11.3796, 42.6018], [11.375, 42.6035], [11.3702, 42.6032], [11.3615, 42.6093], [11.3578, 42.6439], [11.3564, 42.6455], [11.353, 42.6449], [11.3407, 42.6529], [11.3304, 42.6662], [11.3112, 42.6737], [11.3046, 42.6683], [11.2904, 42.6661], [11.2853, 42.6736], [11.2846, 42.6787], [11.2813, 42.6813], [11.2701, 42.683], [11.2624, 42.6899], [11.2654, 42.7097], [11.2489, 42.7365], [11.2527, 42.7394], [11.253, 42.7415], [11.2317, 42.7565], [11.2155, 42.7743], [11.1952, 42.7913], [11.1942, 42.7939], [11.1983, 42.7981], [11.2045, 42.7997], [11.2059, 42.7981], [11.2039, 42.7938], [11.2089, 42.7908], [11.2146, 42.7902]]]]}}, {"type": "Feature", "properties": {"GID_3": "ITA.16.3.25_1", "GID_0": "ITA", "COUNTRY": "Italy", "GID_1": "ITA.16_1", "NAME_1": "Toscana", "NL_NAME_1": "NA", "GID_2": "ITA.16.3_1", "NAME_2": "Grosseto", "NL_NAME_2": "NA", "NAME_3": "Scarlino", "VARNAME_3": "NA", "NL_NAME_3": "NA", "TYPE_3": "Commune", "ENGTYPE_3": "Commune", "CC_3": "NA", "HASC_3": "IT.GR.SR"}, "geometry": {"type": "MultiPolygon", "coordinates": [[[[10.8896, 42.869], [10.8882, 42.8668], [10.8801, 42.8625], [10.8405, 42.8516], [10.7751, 42.8445], [10.7751, 42.849], [10.7712, 42.8512], [10.774, 42.8535], [10.774, 42.8576], [10.7679, 42.8596], [10.7712, 42.8654], [10.7688, 42.869], [10.7765, 42.8768], [10.7765, 42.8801], [10.7788, 42.8807], [10.7804, 42.8838], [10.7843, 42.8846], [10.7862, 42.8885], [10.7849, 42.8943], [10.7807, 42.901], [10.7718, 42.9106], [10.7918, 42.9268], [10.8015, 42.9384], [10.8071, 42.9611], [10.824, 42.9598], [10.8418, 42.9638], [10.8545, 42.9642], [10.8496, 42.9528], [10.8467, 42.9504], [10.8472, 42.9461], [10.8579, 42.9368], [10.8666, 42.9327], [10.8769, 42.9185], [10.8893, 42.9062], [10.8826, 42.8839], [10.8848, 42.8755], [10.8896, 42.869]]]]}}, {"type": "Feature", "properties": {"GID_3": "ITA.16.3.26_1", "GID_0": "ITA", "COUNTRY": "Italy", "GID_1": "ITA.16_1", "NAME_1": "Toscana", "NL_NAME_1": "NA", "GID_2": "ITA.16.3_1", "NAME_2": "Grosseto", "NL_NAME_2": "NA", "NAME_3": "Seggiano", "VARNAME_3": "NA", "NL_NAME_3": "NA", "TYPE_3": "Commune", "ENGTYPE_3": "Commune", "CC_3": "NA", "HASC_3": "IT.GR.SG"}, "geometry": {"type": "MultiPolygon", "coordinates": [[[[11.6257, 42.8891], [11.6202, 42.8942], [11.5967, 42.9054], [11.5858, 42.9075], [11.5729, 42.9085], [11.5703, 42.9073], [11.5594, 42.9091], [11.5477, 42.9144], [11.5347, 42.917], [11.5251, 42.9159], [11.5208, 42.925], [11.5201, 42.9373], [11.528, 42.965], [11.5272, 42.9687], [11.5303, 42.9664], [11.5384, 42.9649], [11.5726, 42.9712], [11.5845, 42.9651], [11.5863, 42.9608], [11.5968, 42.9519], [11.6108, 42.9524], [11.6248, 42.9292], [11.6239, 42.915], [11.6278, 42.9126], [11.6256, 42.9046], [11.6257, 42.8891]]]]}}, {"type": "Feature", "properties": {"GID_3": "ITA.16.3.27_1", "GID_0": "ITA", "COUNTRY": "Italy", "GID_1": "ITA.16_1", "NAME_1": "Toscana", "NL_NAME_1": "NA", "GID_2": "ITA.16.3_1", "NAME_2": "Grosseto", "NL_NAME_2": "NA", "NAME_3": "Semproniano", "VARNAME_3": "NA", "NL_NAME_3": "NA", "TYPE_3": "Commune", "ENGTYPE_3": "Commune", "CC_3": "NA", "HASC_3": "IT.GR.SM"}, "geometry": {"type": "MultiPolygon", "coordinates": [[[[11.5937, 42.7699], [11.5997, 42.7642], [11.6055, 42.7551], [11.6136, 42.7248], [11.6172, 42.7192], [11.6202, 42.6984], [11.625, 42.6841], [11.6227, 42.6804], [11.6199, 42.6832], [11.604, 42.6877], [11.5709, 42.681], [11.5673, 42.682], [11.5583, 42.6893], [11.5574, 42.6933], [11.5491, 42.6984], [11.5228, 42.6897], [11.5198, 42.6979], [11.4979, 42.6989], [11.4893, 42.6949], [11.4841, 42.7006], [11.4832, 42.7081], [11.49, 42.721], [11.4873, 42.7252], [11.4902, 42.7413], [11.5052, 42.7417], [11.5079, 42.7386], [11.512, 42.7385], [11.5203, 42.7437], [11.5206, 42.7501], [11.5263, 42.7601], [11.551, 42.7725], [11.5607, 42.7753], [11.5846, 42.7788], [11.5937, 42.7699]]]]}}, {"type": "Feature", "properties": {"GID_3": "ITA.16.3.28_1", "GID_0": "ITA", "COUNTRY": "Italy", "GID_1": "ITA.16_1", "NAME_1": "Toscana", "NL_NAME_1": "NA", "GID_2": "ITA.16.3_1", "NAME_2": "Grosseto", "NL_NAME_2": "NA", "NAME_3": "Sorano", "VARNAME_3": "NA", "NL_NAME_3": "NA", "TYPE_3": "Commune", "ENGTYPE_3": "Commune", "CC_3": "NA", "HASC_3": "IT.GR.SO"}, "geometry": {"type": "MultiPolygon", "coordinates": [[[[11.8196, 42.7468], [11.8199, 42.7439], [11.8095, 42.7312], [11.8016, 42.7097], [11.7831, 42.7083], [11.7821, 42.7063], [11.786, 42.6876], [11.7848, 42.6824], [11.7855, 42.6723], [11.8018, 42.6694], [11.8099, 42.6597], [11.8102, 42.6539], [11.8057, 42.645], [11.7974, 42.6445], [11.7836, 42.6465], [11.7608, 42.6589], [11.7538, 42.66], [11.7452, 42.6581], [11.7425, 42.6552], [11.738, 42.6536], [11.7162, 42.6516], [11.7107, 42.6532], [11.7067, 42.6609], [11.6924, 42.6637], [11.6846, 42.6621], [11.6754, 42.6531], [11.6659, 42.6467], [11.6342, 42.6371], [11.6021, 42.6234], [11.5904, 42.6247], [11.5873, 42.6212], [11.5886, 42.6172], [11.584, 42.621], [11.5828, 42.6257], [11.5883, 42.6362], [11.6144, 42.6467], [11.6211, 42.653], [11.6223, 42.658], [11.6192, 42.6614], [11.6176, 42.6678], [11.625, 42.6841], [11.6202, 42.6984], [11.6172, 42.7158], [11.6279, 42.7245], [11.651, 42.7352], [11.6624, 42.7445], [11.6737, 42.7512], [11.689, 42.7455], [11.7036, 42.7464], [11.7077, 42.7525], [11.7058, 42.7576], [11.7155, 42.7636], [11.7202, 42.7644], [11.7262, 42.7628], [11.7296, 42.7601], [11.732, 42.7605], [11.7421, 42.7651], [11.7411, 42.7738], [11.7431, 42.7756], [11.7639, 42.7809], [11.775, 42.7696], [11.7804, 42.759], [11.8101, 42.7542], [11.8143, 42.7497], [11.8144, 42.7469], [11.8196, 42.7468]]]]}}, {"type": "Feature", "properties": {"GID_3": "ITA.16.3.29_1", "GID_0": "ITA", "COUNTRY": "Italy", "GID_1": "ITA.16_1", "NAME_1": "Toscana", "NL_NAME_1": "NA", "GID_2": "ITA.16.3_1", "NAME_2": "Grosseto", "NL_NAME_2": "NA", "NAME_3": "Unknown4", "VARNAME_3": "NA", "NL_NAME_3": "NA", "TYPE_3": "Commune", "ENGTYPE_3": "Commune", "CC_3": "NA", "HASC_3": "#N/A"}, "geometry": {"type": "MultiPolygon", "coordinates": [[[[11.1104, 42.2632], [11.116, 42.2588], [11.1151, 42.2571], [11.1171, 42.2568], [11.1179, 42.2526], [11.1154, 42.2518], [11.1143, 42.2546], [11.1101, 42.2543], [11.1096, 42.2557], [11.1051, 42.2538], [11.1068, 42.2515], [11.1038, 42.251], [11.1024, 42.2465], [11.1118, 42.2443], [11.1126, 42.2401], [11.1104, 42.2374], [11.1057, 42.2393], [11.1024, 42.2385], [11.101, 42.2407], [11.0965, 42.2424], [11.0965, 42.2499], [11.0913, 42.2535], [11.0949, 42.2549], [11.0949, 42.2576], [11.1026, 42.2582], [11.1065, 42.261], [11.1087, 42.2607], [11.1104, 42.2632]]], [[[10.314, 42.3507], [10.3285, 42.3421], [10.3293, 42.3379], [10.3271, 42.3363], [10.3301, 42.3332], [10.3287, 42.3304], [10.3307, 42.3279], [10.3274, 42.3263], [10.3318, 42.3238], [10.326, 42.3187], [10.3182, 42.3207], [10.3171, 42.3193], [10.3185, 42.3157], [10.3171, 42.3135], [10.314, 42.3149], [10.3063, 42.3138], [10.3018, 42.3171], [10.2974, 42.3154], [10.2926, 42.3174], [10.2887, 42.3268], [10.2893, 42.3282], [10.2926, 42.3285], [10.2926, 42.3299], [10.2885, 42.3318], [10.2882, 42.3346], [10.2935, 42.3357], [10.2913, 42.3379], [10.2929, 42.3404], [10.2924, 42.3446], [10.2943, 42.3454], [10.2935, 42.3468], [10.2971, 42.3474], [10.299, 42.351], [10.3063, 42.3493], [10.314, 42.3507]]]]}}, {"type": "Feature", "properties": {"GID_3": "ITA.16.4.1_1", "GID_0": "ITA", "COUNTRY": "Italy", "GID_1": "ITA.16_1", "NAME_1": "Toscana", "NL_NAME_1": "NA", "GID_2": "ITA.16.4_1", "NAME_2": "Livorno", "NL_NAME_2": "NA", "NAME_3": "Bibbona", "VARNAME_3": "NA", "NL_NAME_3": "NA", "TYPE_3": "Commune", "ENGTYPE_3": "Commune", "CC_3": "NA", "HASC_3": "IT.LI.BI"}, "geometry": {"type": "MultiPolygon", "coordinates": [[[[10.5288, 43.2325], [10.5221, 43.2529], [10.5193, 43.2562], [10.5187, 43.2601], [10.5115, 43.2745], [10.5216, 43.2779], [10.53, 43.2773], [10.557, 43.2829], [10.5825, 43.2924], [10.6173, 43.2836], [10.6528, 43.2845], [10.6581, 43.2932], [10.6631, 43.2913], [10.6689, 43.2918], [10.6803, 43.2971], [10.6867, 43.3024], [10.698, 43.2957], [10.6993, 43.2936], [10.6977, 43.2818], [10.6931, 43.2788], [10.6812, 43.2754], [10.668, 43.2661], [10.6685, 43.254], [10.673, 43.2479], [10.6689, 43.2476], [10.6672, 43.2447], [10.6691, 43.2433], [10.6712, 43.2363], [10.6694, 43.233], [10.6661, 43.2317], [10.664, 43.2315], [10.6629, 43.2368], [10.6496, 43.2414], [10.6529, 43.248], [10.644, 43.2484], [10.626, 43.2443], [10.5717, 43.241], [10.5487, 43.2376], [10.5288, 43.2325]]]]}}, {"type": "Feature", "properties": {"GID_3": "ITA.16.4.2_1", "GID_0": "ITA", "COUNTRY": "Italy", "GID_1": "ITA.16_1", "NAME_1": "Toscana", "NL_NAME_1": "NA", "GID_2": "ITA.16.4_1", "NAME_2": "Livorno", "NL_NAME_2": "NA", "NAME_3": "CampigliaMarittima", "VARNAME_3": "NA", "NL_NAME_3": "NA", "TYPE_3": "Commune", "ENGTYPE_3": "Commune", "CC_3": "NA", "HASC_3": "IT.LI.CM"}, "geometry": {"type": "MultiPolygon", "coordinates": [[[[10.7108, 43.0106], [10.6797, 43.0159], [10.667, 43.0135], [10.6157, 42.9906], [10.595, 42.9867], [10.5452, 43.0199], [10.5472, 43.0288], [10.5575, 43.0281], [10.5619, 43.0337], [10.5556, 43.0391], [10.5484, 43.0521], [10.5622, 43.0512], [10.5695, 43.0576], [10.5664, 43.0618], [10.582, 43.0794], [10.584, 43.0853], [10.6092, 43.0903], [10.6129, 43.0928], [10.6264, 43.0927], [10.6618, 43.0318], [10.687, 43.0339], [10.6921, 43.0367], [10.7006, 43.0283], [10.7241, 43.0233], [10.7236, 43.0168], [10.7108, 43.0106]]]]}}, {"type": "Feature", "properties": {"GID_3": "ITA.16.4.3_1", "GID_0": "ITA", "COUNTRY": "Italy", "GID_1": "ITA.16_1", "NAME_1": "Toscana", "NL_NAME_1": "NA", "GID_2": "ITA.16.4_1", "NAME_2": "Livorno", "NL_NAME_2": "NA", "NAME_3": "CampoNell'Elba", "VARNAME_3": "NA", "NL_NAME_3": "NA", "TYPE_3": "Commune", "ENGTYPE_3": "Commune", "CC_3": "NA", "HASC_3": "IT.LI.CN"}, "geometry": {"type": "MultiPolygon", "coordinates": [[[[10.2773, 42.7376], [10.2701, 42.7365], [10.266, 42.741], [10.266, 42.744], [10.2565, 42.7435], [10.2432, 42.7504], [10.2351, 42.7451], [10.2357, 42.7435], [10.2396, 42.7435], [10.2354, 42.736], [10.2404, 42.7351], [10.2418, 42.7324], [10.241, 42.7271], [10.2357, 42.7257], [10.2154, 42.7296], [10.2049, 42.7354], [10.1921, 42.7351], [10.1885, 42.7337], [10.1868, 42.7371], [10.1826, 42.7343], [10.1768, 42.736], [10.1757, 42.7343], [10.1651, 42.7315], [10.1549, 42.7329], [10.1524, 42.7315], [10.1401, 42.7336], [10.1232, 42.7428], [10.1193, 42.7482], [10.1253, 42.7487], [10.1928, 42.7764], [10.2031, 42.779], [10.2174, 42.7789], [10.2463, 42.7747], [10.2679, 42.774], [10.2777, 42.7753], [10.2782, 42.7772], [10.2826, 42.7762], [10.279, 42.7654], [10.2664, 42.7457], [10.2679, 42.7418], [10.2773, 42.7376]]]]}}, {"type": "Feature", "properties": {"GID_3": "ITA.16.4.4_1", "GID_0": "ITA", "COUNTRY": "Italy", "GID_1": "ITA.16_1", "NAME_1": "Toscana", "NL_NAME_1": "NA", "GID_2": "ITA.16.4_1", "NAME_2": "Livorno", "NL_NAME_2": "NA", "NAME_3": "Capoliveri", "VARNAME_3": "NA", "NL_NAME_3": "NA", "TYPE_3": "Commune", "ENGTYPE_3": "Commune", "CC_3": "NA", "HASC_3": "IT.LI.CA"}, "geometry": {"type": "MultiPolygon", "coordinates": [[[[10.2773, 42.7376], [10.2679, 42.7418], [10.2664, 42.7457], [10.279, 42.7654], [10.2826, 42.7762], [10.2858, 42.7757], [10.2936, 42.7798], [10.3104, 42.781], [10.3219, 42.7798], [10.3338, 42.7725], [10.3494, 42.7658], [10.3543, 42.7704], [10.3587, 42.7656], [10.3655, 42.7624], [10.376, 42.7599], [10.387, 42.7613], [10.3865, 42.7582], [10.4024, 42.7574], [10.4051, 42.7535], [10.4104, 42.7549], [10.4082, 42.7526], [10.4101, 42.7507], [10.4062, 42.7485], [10.4085, 42.7454], [10.4107, 42.746], [10.411, 42.7438], [10.4151, 42.7426], [10.4174, 42.744], [10.4226, 42.7432], [10.4282, 42.7371], [10.4343, 42.7351], [10.4318, 42.7293], [10.4354, 42.726], [10.4343, 42.7238], [10.4354, 42.7174], [10.4318, 42.7118], [10.4235, 42.7071], [10.4196, 42.7074], [10.414, 42.7126], [10.4132, 42.7154], [10.4104, 42.7163], [10.4071, 42.714], [10.3999, 42.7132], [10.3968, 42.7099], [10.3932, 42.711], [10.3924, 42.7132], [10.3874, 42.7146], [10.384, 42.7135], [10.3757, 42.7193], [10.3765, 42.7235], [10.3718, 42.726], [10.3749, 42.7276], [10.3735, 42.7313], [10.366, 42.7318], [10.3682, 42.7351], [10.3665, 42.7374], [10.3668, 42.7407], [10.3596, 42.7463], [10.3604, 42.7479], [10.3579, 42.7479], [10.3585, 42.7515], [10.3565, 42.7518], [10.3571, 42.7593], [10.3521, 42.7599], [10.3435, 42.7637], [10.3335, 42.7629], [10.3329, 42.7593], [10.3312, 42.761], [10.3282, 42.7599], [10.3246, 42.7618], [10.3193, 42.7607], [10.3213, 42.7532], [10.3265, 42.7435], [10.3215, 42.7363], [10.3182, 42.7357], [10.3162, 42.7382], [10.314, 42.7429], [10.3138, 42.7524], [10.311, 42.7549], [10.3124, 42.7571], [10.3085, 42.7596], [10.2999, 42.759], [10.2979, 42.7571], [10.2982, 42.7551], [10.2954, 42.7565], [10.2912, 42.7529], [10.2893, 42.7471], [10.291, 42.7443], [10.2907, 42.7385], [10.2865, 42.7343], [10.2773, 42.7376]]]]}}, {"type": "Feature", "properties": {"GID_3": "ITA.16.4.5_1", "GID_0": "ITA", "COUNTRY": "Italy", "GID_1": "ITA.16_1", "NAME_1": "Toscana", "NL_NAME_1": "NA", "GID_2": "ITA.16.4_1", "NAME_2": "Livorno", "NL_NAME_2": "NA", "NAME_3": "CapraiaIsola", "VARNAME_3": "NA", "NL_NAME_3": "NA", "TYPE_3": "Commune", "ENGTYPE_3": "Commune", "CC_3": "NA", "HASC_3": "IT.LI.CI"}, "geometry": {"type": "MultiPolygon", "coordinates": [[[[9.826, 43.0732], [9.8282, 43.071], [9.8307, 43.071], [9.8321, 43.066], [9.8379, 43.0662], [9.8385, 43.0612], [9.8346, 43.0582], [9.8382, 43.056], [9.8382, 43.051], [9.8362, 43.0496], [9.8413, 43.0496], [9.8449, 43.0515], [9.8485, 43.044], [9.846, 43.0429], [9.8421, 43.0257], [9.8385, 43.0274], [9.8354, 43.0265], [9.8346, 43.0229], [9.8287, 43.0207], [9.8276, 43.0174], [9.8235, 43.0165], [9.8179, 43.009], [9.8188, 43.0065], [9.8149, 43.0032], [9.8118, 43.0035], [9.8112, 43.0018], [9.8082, 43.0068], [9.8013, 43.0068], [9.8024, 43.0076], [9.7999, 43.0096], [9.7993, 43.0129], [9.791, 43.0232], [9.7924, 43.0251], [9.7963, 43.026], [9.7963, 43.0282], [9.7982, 43.0296], [9.7957, 43.0318], [9.7985, 43.0326], [9.7996, 43.0365], [9.7979, 43.0382], [9.801, 43.0404], [9.7987, 43.0426], [9.8013, 43.0449], [9.8004, 43.0468], [9.8018, 43.0501], [9.8004, 43.0543], [9.8051, 43.0579], [9.8071, 43.0574], [9.8187, 43.0693], [9.826, 43.0732]]]]}}, {"type": "Feature", "properties": {"GID_3": "ITA.16.4.6_1", "GID_0": "ITA", "COUNTRY": "Italy", "GID_1": "ITA.16_1", "NAME_1": "Toscana", "NL_NAME_1": "NA", "GID_2": "ITA.16.4_1", "NAME_2": "Livorno", "NL_NAME_2": "NA", "NAME_3": "CastagnetoCarducci", "VARNAME_3": "NA", "NL_NAME_3": "NA", "TYPE_3": "Commune", "ENGTYPE_3": "Commune", "CC_3": "NA", "HASC_3": "IT.LI.CC"}, "geometry": {"type": "MultiPolygon", "coordinates": [[[[10.5288, 43.2325], [10.5487, 43.2376], [10.5717, 43.241], [10.626, 43.2443], [10.6451, 43.2483], [10.6529, 43.248], [10.6496, 43.2414], [10.6629, 43.2368], [10.6635, 43.2287], [10.6708, 43.2232], [10.6805, 43.2257], [10.6916, 43.2249], [10.6915, 43.2092], [10.6798, 43.194], [10.663, 43.1964], [10.6441, 43.1917], [10.6496, 43.1818], [10.6496, 43.1702], [10.6549, 43.1657], [10.651, 43.161], [10.6339, 43.1539], [10.6336, 43.1446], [10.6296, 43.1286], [10.6396, 43.1155], [10.6372, 43.1097], [10.6277, 43.0994], [10.5971, 43.1026], [10.5685, 43.1097], [10.5564, 43.1104], [10.5474, 43.1144], [10.539, 43.1145], [10.5407, 43.151], [10.539, 43.1574], [10.5385, 43.1807], [10.5374, 43.1929], [10.536, 43.1946], [10.5335, 43.2135], [10.5288, 43.2325]]]]}}, {"type": "Feature", "properties": {"GID_3": "ITA.16.4.7_1", "GID_0": "ITA", "COUNTRY": "Italy", "GID_1": "ITA.16_1", "NAME_1": "Toscana", "NL_NAME_1": "NA", "GID_2": "ITA.16.4_1", "NAME_2": "Livorno", "NL_NAME_2": "NA", "NAME_3": "Cecina", "VARNAME_3": "NA", "NL_NAME_3": "NA", "TYPE_3": "Commune", "ENGTYPE_3": "Commune", "CC_3": "NA", "HASC_3": "IT.LI.CE"}, "geometry": {"type": "MultiPolygon", "coordinates": [[[[10.5825, 43.2924], [10.557, 43.2829], [10.53, 43.2773], [10.5216, 43.2779], [10.5115, 43.2745], [10.5018, 43.291], [10.4843, 43.304], [10.4807, 43.3088], [10.4646, 43.3171], [10.4629, 43.3196], [10.4808, 43.3272], [10.4963, 43.3418], [10.5059, 43.353], [10.5061, 43.3601], [10.51, 43.3642], [10.5146, 43.3629], [10.5317, 43.3691], [10.5418, 43.3696], [10.5344, 43.3581], [10.5349, 43.3524], [10.5368, 43.3499], [10.5334, 43.3353], [10.5243, 43.3257], [10.5332, 43.3246], [10.5409, 43.3141], [10.5442, 43.3125], [10.5492, 43.3104], [10.5628, 43.3093], [10.5646, 43.3017], [10.5708, 43.2971], [10.5825, 43.2924]]]]}}, {"type": "Feature", "properties": {"GID_3": "ITA.16.4.8_1", "GID_0": "ITA", "COUNTRY": "Italy", "GID_1": "ITA.16_1", "NAME_1": "Toscana", "NL_NAME_1": "NA", "GID_2": "ITA.16.4_1", "NAME_2": "Livorno", "NL_NAME_2": "NA", "NAME_3": "Collesalvetti", "VARNAME_3": "NA", "NL_NAME_3": "NA", "TYPE_3": "Commune", "ENGTYPE_3": "Commune", "CC_3": "NA", "HASC_3": "IT.LI.CO"}, "geometry": {"type": "MultiPolygon", "coordinates": [[[[10.4856, 43.4874], [10.4743, 43.4926], [10.4671, 43.4936], [10.4484, 43.4912], [10.4215, 43.5055], [10.4175, 43.5101], [10.4194, 43.5334], [10.4152, 43.5388], [10.4124, 43.5553], [10.3975, 43.5653], [10.3829, 43.5684], [10.3768, 43.5737], [10.3467, 43.5775], [10.3411, 43.5818], [10.3394, 43.5943], [10.3482, 43.5976], [10.3474, 43.5993], [10.3671, 43.6038], [10.3781, 43.6104], [10.3937, 43.6158], [10.4102, 43.6216], [10.4153, 43.6207], [10.4353, 43.6345], [10.469, 43.6354], [10.4895, 43.6334], [10.5029, 43.6297], [10.5099, 43.6302], [10.5009, 43.6261], [10.5019, 43.6253], [10.4913, 43.6055], [10.4855, 43.5874], [10.4762, 43.585], [10.476, 43.5709], [10.4807, 43.5624], [10.4807, 43.5591], [10.4784, 43.554], [10.4663, 43.5438], [10.4653, 43.5413], [10.4686, 43.529], [10.4721, 43.5226], [10.48, 43.5191], [10.4754, 43.5142], [10.4748, 43.5058], [10.4856, 43.4874]]]]}}, {"type": "Feature", "properties": {"GID_3": "ITA.16.4.9_1", "GID_0": "ITA", "COUNTRY": "Italy", "GID_1": "ITA.16_1", "NAME_1": "Toscana", "NL_NAME_1": "NA", "GID_2": "ITA.16.4_1", "NAME_2": "Livorno", "NL_NAME_2": "NA", "NAME_3": "Livorno", "VARNAME_3": "NA", "NL_NAME_3": "NA", "TYPE_3": "Commune", "ENGTYPE_3": "Commune", "CC_3": "NA", "HASC_3": "IT.LI.LI"}, "geometry": {"type": "MultiPolygon", "coordinates": [[[[10.341, 43.5821], [10.3476, 43.5771], [10.3768, 43.5737], [10.3829, 43.5684], [10.3975, 43.5653], [10.4124, 43.5553], [10.4152, 43.5388], [10.4194, 43.5334], [10.4173, 43.5117], [10.4199, 43.5083], [10.4169, 43.5017], [10.4116, 43.4796], [10.4091, 43.4772], [10.4059, 43.4778], [10.3986, 43.4752], [10.3932, 43.4688], [10.385, 43.4539], [10.3784, 43.4471], [10.3726, 43.4535], [10.3621, 43.4585], [10.3599, 43.4613], [10.3554, 43.461], [10.3546, 43.4637], [10.351, 43.4632], [10.3496, 43.4646], [10.3429, 43.464], [10.3304, 43.4735], [10.3293, 43.4771], [10.331, 43.4782], [10.3318, 43.4835], [10.3285, 43.4849], [10.3285, 43.4874], [10.3243, 43.4907], [10.3229, 43.4957], [10.3201, 43.4971], [10.321, 43.4999], [10.3196, 43.5001], [10.3188, 43.5113], [10.3135, 43.514], [10.3163, 43.5154], [10.3154, 43.5182], [10.3132, 43.5185], [10.3085, 43.5232], [10.3079, 43.5257], [10.3057, 43.5262], [10.3049, 43.5296], [10.3026, 43.5299], [10.3032, 43.5321], [10.3013, 43.5318], [10.3021, 43.5332], [10.3004, 43.5357], [10.2976, 43.5351], [10.301, 43.5368], [10.2996, 43.5379], [10.301, 43.5404], [10.2935, 43.546], [10.294, 43.5479], [10.296, 43.5468], [10.2951, 43.549], [10.2968, 43.5493], [10.299, 43.5462], [10.3021, 43.5465], [10.3013, 43.551], [10.2954, 43.5507], [10.2943, 43.5529], [10.2974, 43.554], [10.3007, 43.5582], [10.2996, 43.561], [10.3021, 43.561], [10.3021, 43.5638], [10.3063, 43.5651], [10.3113, 43.5699], [10.3101, 43.5713], [10.3079, 43.5696], [10.3079, 43.5715], [10.3063, 43.5718], [10.3065, 43.5796], [10.3043, 43.5815], [10.3032, 43.579], [10.3046, 43.5785], [10.304, 43.5726], [10.3051, 43.5726], [10.306, 43.5674], [10.2954, 43.5604], [10.2957, 43.5621], [10.3001, 43.5638], [10.3029, 43.5668], [10.2993, 43.5799], [10.3007, 43.5821], [10.3394, 43.5943], [10.341, 43.5821]]], [[[10.3112, 43.5882], [10.3113, 43.5879], [10.3103, 43.5879], [10.3112, 43.5882]]], [[[10.3112, 43.5882], [10.3121, 43.5885], [10.3121, 43.5882], [10.3112, 43.5882]]], [[[10.2887, 43.5535], [10.2899, 43.5521], [10.2871, 43.5457], [10.289, 43.5426], [10.2863, 43.5462], [10.2887, 43.5535]]], [[[10.2874, 43.5563], [10.2882, 43.5551], [10.2868, 43.5557], [10.2865, 43.5582], [10.2874, 43.5563]]], [[[10.3098, 43.5877], [10.3101, 43.5879], [10.3101, 43.5876], [10.3098, 43.5877]]]]}}, {"type": "Feature", "properties": {"GID_3": "ITA.16.4.10_1", "GID_0": "ITA", "COUNTRY": "Italy", "GID_1": "ITA.16_1", "NAME_1": "Toscana", "NL_NAME_1": "NA", "GID_2": "ITA.16.4_1", "NAME_2": "Livorno", "NL_NAME_2": "NA", "NAME_3": "Marciana", "VARNAME_3": "NA", "NL_NAME_3": "NA", "TYPE_3": "Commune", "ENGTYPE_3": "Commune", "CC_3": "NA", "HASC_3": "IT.LI.MA"}, "geometry": {"type": "MultiPolygon", "coordinates": [[[[10.2782, 42.7772], [10.2777, 42.7753], [10.2679, 42.774], [10.2463, 42.7747], [10.2174, 42.7789], [10.2031, 42.779], [10.1928, 42.7764], [10.1253, 42.7487], [10.1193, 42.7482], [10.1232, 42.7428], [10.1401, 42.7336], [10.1546, 42.7313], [10.1588, 42.7276], [10.159, 42.7251], [10.1496, 42.7307], [10.1368, 42.7313], [10.1315, 42.7374], [10.1224, 42.741], [10.1215, 42.744], [10.1182, 42.7463], [10.1176, 42.7496], [10.114, 42.7507], [10.1132, 42.7574], [10.1071, 42.7599], [10.1051, 42.7649], [10.1024, 42.766], [10.1043, 42.7718], [10.1026, 42.7832], [10.1051, 42.7904], [10.1088, 42.7921], [10.1107, 42.7954], [10.114, 42.7954], [10.1185, 42.7988], [10.1201, 42.7979], [10.1215, 42.7996], [10.1213, 42.8032], [10.126, 42.8035], [10.1393, 42.809], [10.1418, 42.8071], [10.1685, 42.8085], [10.1699, 42.8065], [10.1662, 42.8025], [10.1785, 42.8017], [10.1875, 42.7962], [10.1869, 42.795], [10.2219, 42.7885], [10.236, 42.7893], [10.2365, 42.7874], [10.2374, 42.7899], [10.2418, 42.7874], [10.2468, 42.789], [10.249, 42.7932], [10.2457, 42.794], [10.2465, 42.7982], [10.249, 42.8001], [10.2571, 42.8013], [10.2585, 42.7993], [10.2623, 42.7988], [10.2724, 42.7804], [10.2782, 42.7772]]]]}}, {"type": "Feature", "properties": {"GID_3": "ITA.16.4.11_1", "GID_0": "ITA", "COUNTRY": "Italy", "GID_1": "ITA.16_1", "NAME_1": "Toscana", "NL_NAME_1": "NA", "GID_2": "ITA.16.4_1", "NAME_2": "Livorno", "NL_NAME_2": "NA", "NAME_3": "MarcianaMarina", "VARNAME_3": "NA", "NL_NAME_3": "NA", "TYPE_3": "Commune", "ENGTYPE_3": "Commune", "CC_3": "NA", "HASC_3": "IT.LI.MM"}, "geometry": {"type": "MultiPolygon", "coordinates": [[[[10.2286, 42.7899], [10.2219, 42.7885], [10.1869, 42.795], [10.1875, 42.7962], [10.1785, 42.8017], [10.1658, 42.803], [10.1699, 42.8065], [10.1788, 42.8079], [10.1785, 42.811], [10.1857, 42.8124], [10.1918, 42.8096], [10.1971, 42.8099], [10.1987, 42.8082], [10.1968, 42.8074], [10.1987, 42.806], [10.2068, 42.8071], [10.2129, 42.8024], [10.2135, 42.7988], [10.2207, 42.7926], [10.2235, 42.7929], [10.2286, 42.7899]]]]}}, {"type": "Feature", "properties": {"GID_3": "ITA.16.4.12_1", "GID_0": "ITA", "COUNTRY": "Italy", "GID_1": "ITA.16_1", "NAME_1": "Toscana", "NL_NAME_1": "NA", "GID_2": "ITA.16.4_1", "NAME_2": "Livorno", "NL_NAME_2": "NA", "NAME_3": "Piombino", "VARNAME_3": "NA", "NL_NAME_3": "NA", "TYPE_3": "Commune", "ENGTYPE_3": "Commune", "CC_3": "NA", "HASC_3": "IT.LI.PI"}, "geometry": {"type": "MultiPolygon", "coordinates": [[[[10.7388, 43.0024], [10.7462, 42.9974], [10.7523, 42.9907], [10.7513, 42.9862], [10.7375, 42.9742], [10.7154, 42.9601], [10.7062, 42.9418], [10.6724, 42.9507], [10.6482, 42.9532], [10.6099, 42.9543], [10.6029, 42.9529], [10.5976, 42.9538], [10.5971, 42.9557], [10.5962, 42.9543], [10.5763, 42.9535], [10.5599, 42.9507], [10.5593, 42.9465], [10.5543, 42.9446], [10.5504, 42.9379], [10.5454, 42.9374], [10.5496, 42.9346], [10.5493, 42.9332], [10.5421, 42.9365], [10.5418, 42.9349], [10.5443, 42.9332], [10.5429, 42.9313], [10.546, 42.9329], [10.5454, 42.931], [10.5485, 42.929], [10.5507, 42.9313], [10.5529, 42.9304], [10.546, 42.9251], [10.5451, 42.921], [10.5338, 42.9196], [10.5215, 42.9215], [10.5146, 42.9299], [10.5101, 42.9326], [10.5088, 42.9304], [10.4949, 42.9315], [10.4949, 42.9343], [10.4987, 42.9354], [10.4968, 42.9415], [10.4946, 42.9426], [10.4929, 42.9476], [10.4885, 42.9521], [10.489, 42.9546], [10.4851, 42.9574], [10.4851, 42.9632], [10.4829, 42.966], [10.4868, 42.976], [10.4829, 42.9826], [10.4832, 42.9888], [10.4943, 42.9949], [10.5007, 42.9932], [10.5029, 42.9901], [10.5071, 42.9904], [10.5115, 42.9929], [10.5157, 42.9971], [10.5162, 43.0015], [10.5099, 43.0062], [10.5115, 43.0093], [10.511, 43.0124], [10.5149, 43.0151], [10.5196, 43.016], [10.535, 43.027], [10.595, 42.9867], [10.6157, 42.9906], [10.667, 43.0135], [10.6797, 43.0159], [10.7134, 43.0101], [10.7186, 42.9987], [10.7253, 42.9988], [10.7388, 43.0024]]]]}}, {"type": "Feature", "properties": {"GID_3": "ITA.16.4.13_1", "GID_0": "ITA", "COUNTRY": "Italy", "GID_1": "ITA.16_1", "NAME_1": "Toscana", "NL_NAME_1": "NA", "GID_2": "ITA.16.4_1", "NAME_2": "Livorno", "NL_NAME_2": "NA", "NAME_3": "PortoAzzurro", "VARNAME_3": "NA", "NL_NAME_3": "NA", "TYPE_3": "Commune", "ENGTYPE_3": "Commune", "CC_3": "NA", "HASC_3": "IT.LI.PA"}, "geometry": {"type": "MultiPolygon", "coordinates": [[[[10.3879, 42.7607], [10.376, 42.7599], [10.3645, 42.7627], [10.3587, 42.7656], [10.3543, 42.7704], [10.3552, 42.7737], [10.3625, 42.7824], [10.3685, 42.7843], [10.3787, 42.7807], [10.3848, 42.785], [10.3914, 42.7958], [10.411, 42.7901], [10.4188, 42.7847], [10.4222, 42.7796], [10.4213, 42.7737], [10.419, 42.7729], [10.4187, 42.7707], [10.4163, 42.771], [10.4146, 42.7671], [10.4107, 42.7668], [10.4071, 42.769], [10.4062, 42.7632], [10.3982, 42.7626], [10.3957, 42.764], [10.3951, 42.7624], [10.3879, 42.7607]]]]}}, {"type": "Feature", "properties": {"GID_3": "ITA.16.4.14_1", "GID_0": "ITA", "COUNTRY": "Italy", "GID_1": "ITA.16_1", "NAME_1": "Toscana", "NL_NAME_1": "NA", "GID_2": "ITA.16.4_1", "NAME_2": "Livorno", "NL_NAME_2": "NA", "NAME_3": "Portoferraio", "VARNAME_3": "NA", "NL_NAME_3": "NA", "TYPE_3": "Commune", "ENGTYPE_3": "Commune", "CC_3": "NA", "HASC_3": "IT.LI.PO"}, "geometry": {"type": "MultiPolygon", "coordinates": [[[[10.2826, 42.7762], [10.2724, 42.7804], [10.2615, 42.7996], [10.2663, 42.8001], [10.2693, 42.8035], [10.2676, 42.8071], [10.2649, 42.8079], [10.2621, 42.8118], [10.2707, 42.8138], [10.2749, 42.8176], [10.2738, 42.821], [10.269, 42.8246], [10.2624, 42.824], [10.2601, 42.8271], [10.2621, 42.8304], [10.2679, 42.829], [10.2701, 42.8254], [10.2749, 42.8251], [10.2774, 42.8229], [10.2879, 42.8235], [10.2946, 42.819], [10.316, 42.8213], [10.3207, 42.8176], [10.3326, 42.8182], [10.3349, 42.8165], [10.3326, 42.8121], [10.3296, 42.8115], [10.331, 42.8143], [10.3285, 42.8121], [10.3243, 42.8135], [10.3235, 42.8096], [10.3171, 42.8088], [10.3168, 42.8037], [10.3254, 42.8029], [10.3271, 42.8015], [10.3324, 42.8024], [10.3354, 42.7985], [10.3401, 42.7965], [10.3574, 42.7993], [10.3607, 42.8046], [10.3585, 42.8057], [10.3571, 42.8096], [10.3615, 42.8096], [10.3624, 42.811], [10.3579, 42.8129], [10.3596, 42.8179], [10.3595, 42.8139], [10.3639, 42.8115], [10.374, 42.8101], [10.3929, 42.8029], [10.3914, 42.7958], [10.3848, 42.785], [10.3787, 42.7807], [10.3691, 42.7843], [10.3625, 42.7824], [10.3554, 42.774], [10.3543, 42.7704], [10.3494, 42.7658], [10.3338, 42.7725], [10.3219, 42.7798], [10.3104, 42.781], [10.2936, 42.7798], [10.2858, 42.7757], [10.2826, 42.7762]]]]}}, {"type": "Feature", "properties": {"GID_3": "ITA.16.4.15_1", "GID_0": "ITA", "COUNTRY": "Italy", "GID_1": "ITA.16_1", "NAME_1": "Toscana", "NL_NAME_1": "NA", "GID_2": "ITA.16.4_1", "NAME_2": "Livorno", "NL_NAME_2": "NA", "NAME_3": "RioMarina", "VARNAME_3": "NA", "NL_NAME_3": "NA", "TYPE_3": "Commune", "ENGTYPE_3": "Commune", "CC_3": "NA", "HASC_3": "IT.LI.RO"}, "geometry": {"type": "MultiPolygon", "coordinates": [[[[10.4204, 42.7729], [10.4222, 42.7796], [10.4188, 42.7847], [10.411, 42.7901], [10.412, 42.793], [10.4102, 42.8138], [10.4153, 42.8198], [10.4179, 42.8294], [10.414, 42.8447], [10.4001, 42.8495], [10.3923, 42.8477], [10.3907, 42.8501], [10.3963, 42.8582], [10.4035, 42.8613], [10.404, 42.8674], [10.4115, 42.8732], [10.4151, 42.8724], [10.4149, 42.8696], [10.4171, 42.8676], [10.424, 42.8674], [10.4243, 42.866], [10.4207, 42.8638], [10.4215, 42.8596], [10.4251, 42.8574], [10.4349, 42.8563], [10.4354, 42.8526], [10.4374, 42.8526], [10.4385, 42.8501], [10.4443, 42.8471], [10.4435, 42.8421], [10.4415, 42.8421], [10.436, 42.8332], [10.4354, 42.8296], [10.4329, 42.8276], [10.4318, 42.8199], [10.4288, 42.816], [10.4293, 42.8146], [10.4329, 42.816], [10.4304, 42.8135], [10.4299, 42.8065], [10.4324, 42.8029], [10.4365, 42.8024], [10.4374, 42.7999], [10.4354, 42.7951], [10.4304, 42.7938], [10.4312, 42.7904], [10.4349, 42.791], [10.4329, 42.7871], [10.4349, 42.7829], [10.4349, 42.7762], [10.4329, 42.774], [10.4204, 42.7729]]], [[[10.5501, 42.8604], [10.5488, 42.856], [10.5462, 42.8554], [10.5454, 42.8582], [10.5482, 42.8607], [10.5501, 42.8604]]], [[[10.4765, 42.8668], [10.4771, 42.8651], [10.4738, 42.8632], [10.4724, 42.8662], [10.4765, 42.8668]]]]}}, {"type": "Feature", "properties": {"GID_3": "ITA.16.4.16_1", "GID_0": "ITA", "COUNTRY": "Italy", "GID_1": "ITA.16_1", "NAME_1": "Toscana", "NL_NAME_1": "NA", "GID_2": "ITA.16.4_1", "NAME_2": "Livorno", "NL_NAME_2": "NA", "NAME_3": "RioNell'Elba", "VARNAME_3": "NA", "NL_NAME_3": "NA", "TYPE_3": "Commune", "ENGTYPE_3": "Commune", "CC_3": "NA", "HASC_3": "IT.LI.RN"}, "geometry": {"type": "MultiPolygon", "coordinates": [[[[10.3935, 42.7952], [10.3914, 42.7958], [10.3929, 42.8029], [10.374, 42.8101], [10.3639, 42.8115], [10.3593, 42.8141], [10.3604, 42.8179], [10.3688, 42.8182], [10.3735, 42.8274], [10.3763, 42.8285], [10.379, 42.826], [10.3801, 42.8329], [10.3854, 42.8332], [10.3829, 42.8368], [10.3874, 42.8399], [10.3876, 42.8443], [10.3907, 42.8449], [10.3901, 42.8513], [10.3923, 42.8477], [10.4001, 42.8495], [10.414, 42.8447], [10.4179, 42.8294], [10.4153, 42.8198], [10.4102, 42.8138], [10.412, 42.793], [10.411, 42.7901], [10.3935, 42.7952]]], [[[10.3907, 42.8514], [10.3907, 42.8515], [10.3909, 42.8515], [10.3907, 42.8514]]]]}}, {"type": "Feature", "properties": {"GID_3": "ITA.16.4.17_1", "GID_0": "ITA", "COUNTRY": "Italy", "GID_1": "ITA.16_1", "NAME_1": "Toscana", "NL_NAME_1": "NA", "GID_2": "ITA.16.4_1", "NAME_2": "Livorno", "NL_NAME_2": "NA", "NAME_3": "RosignanoMarittimo", "VARNAME_3": "NA", "NL_NAME_3": "NA", "TYPE_3": "Commune", "ENGTYPE_3": "Commune", "CC_3": "NA", "HASC_3": "IT.LI.RS"}, "geometry": {"type": "MultiPolygon", "coordinates": [[[[10.51, 43.3642], [10.5061, 43.3601], [10.5059, 43.353], [10.4814, 43.3277], [10.4626, 43.3196], [10.4587, 43.3229], [10.4551, 43.3296], [10.4571, 43.3365], [10.456, 43.3443], [10.4515, 43.3488], [10.4504, 43.3535], [10.4465, 43.3535], [10.4468, 43.3549], [10.4451, 43.3549], [10.4454, 43.3565], [10.4435, 43.3576], [10.4415, 43.3737], [10.4401, 43.3735], [10.4365, 43.381], [10.4307, 43.3818], [10.4318, 43.3843], [10.429, 43.386], [10.4296, 43.3896], [10.4251, 43.3988], [10.4193, 43.4032], [10.4107, 43.4026], [10.406, 43.4004], [10.4038, 43.4012], [10.404, 43.4049], [10.4062, 43.4051], [10.4074, 43.4076], [10.4068, 43.4093], [10.4035, 43.4099], [10.4001, 43.416], [10.4001, 43.4249], [10.3985, 43.4271], [10.3932, 43.4279], [10.389, 43.4315], [10.384, 43.4418], [10.3815, 43.4435], [10.3815, 43.4463], [10.3784, 43.4471], [10.385, 43.4539], [10.3932, 43.4688], [10.3986, 43.4752], [10.4059, 43.4778], [10.4091, 43.4772], [10.4114, 43.4793], [10.4169, 43.5017], [10.4199, 43.5083], [10.4218, 43.5053], [10.4484, 43.4912], [10.4671, 43.4936], [10.4743, 43.4926], [10.4856, 43.4874], [10.5009, 43.4483], [10.4882, 43.4386], [10.5054, 43.4376], [10.508, 43.4331], [10.5029, 43.4208], [10.5019, 43.414], [10.491, 43.4049], [10.5017, 43.395], [10.5011, 43.3876], [10.51, 43.3642]]]]}}, {"type": "Feature", "properties": {"GID_3": "ITA.16.4.18_1", "GID_0": "ITA", "COUNTRY": "Italy", "GID_1": "ITA.16_1", "NAME_1": "Toscana", "NL_NAME_1": "NA", "GID_2": "ITA.16.4_1", "NAME_2": "Livorno", "NL_NAME_2": "NA", "NAME_3": "SanVincenzo", "VARNAME_3": "NA", "NL_NAME_3": "NA", "TYPE_3": "Commune", "ENGTYPE_3": "Commune", "CC_3": "NA", "HASC_3": "IT.LI.SV"}, "geometry": {"type": "MultiPolygon", "coordinates": [[[[10.6278, 43.0922], [10.6129, 43.0928], [10.6092, 43.0903], [10.584, 43.0853], [10.582, 43.0794], [10.5664, 43.0618], [10.5695, 43.0576], [10.5622, 43.0512], [10.5484, 43.0521], [10.5556, 43.0391], [10.5619, 43.0337], [10.5575, 43.0281], [10.5472, 43.0288], [10.5452, 43.0199], [10.535, 43.027], [10.5215, 43.0179], [10.5326, 43.054], [10.5351, 43.0771], [10.5382, 43.0899], [10.5382, 43.0996], [10.5357, 43.101], [10.5374, 43.1018], [10.5376, 43.106], [10.5393, 43.1065], [10.539, 43.1145], [10.5474, 43.1144], [10.5564, 43.1104], [10.5685, 43.1097], [10.5971, 43.1026], [10.6277, 43.0994], [10.6278, 43.0922]]]]}}, {"type": "Feature", "properties": {"GID_3": "ITA.16.4.19_1", "GID_0": "ITA", "COUNTRY": "Italy", "GID_1": "ITA.16_1", "NAME_1": "Toscana", "NL_NAME_1": "NA", "GID_2": "ITA.16.4_1", "NAME_2": "Livorno", "NL_NAME_2": "NA", "NAME_3": "Sassetta", "VARNAME_3": "NA", "NL_NAME_3": "NA", "TYPE_3": "Commune", "ENGTYPE_3": "Commune", "CC_3": "NA", "HASC_3": "IT.LI.SA"}, "geometry": {"type": "MultiPolygon", "coordinates": [[[[10.6396, 43.1155], [10.6296, 43.1286], [10.6336, 43.1446], [10.6339, 43.1539], [10.6526, 43.1621], [10.6549, 43.1662], [10.6496, 43.1702], [10.6502, 43.1726], [10.6605, 43.1743], [10.6645, 43.1742], [10.6663, 43.1567], [10.6618, 43.1508], [10.6641, 43.1468], [10.6745, 43.1436], [10.69, 43.1437], [10.6956, 43.1269], [10.7029, 43.1247], [10.718, 43.1256], [10.721, 43.122], [10.7159, 43.1139], [10.6932, 43.1062], [10.6572, 43.111], [10.6396, 43.1155]]]]}}, {"type": "Feature", "properties": {"GID_3": "ITA.16.4.20_1", "GID_0": "ITA", "COUNTRY": "Italy", "GID_1": "ITA.16_1", "NAME_1": "Toscana", "NL_NAME_1": "NA", "GID_2": "ITA.16.4_1", "NAME_2": "Livorno", "NL_NAME_2": "NA", "NAME_3": "Suvereto", "VARNAME_3": "NA", "NL_NAME_3": "NA", "TYPE_3": "Commune", "ENGTYPE_3": "Commune", "CC_3": "NA", "HASC_3": "IT.LI.SU"}, "geometry": {"type": "MultiPolygon", "coordinates": [[[[10.7812, 43.0052], [10.7646, 43.0143], [10.7423, 43.0155], [10.7388, 43.0024], [10.7253, 42.9988], [10.7186, 42.9987], [10.7138, 43.0098], [10.7108, 43.0106], [10.7236, 43.0168], [10.7241, 43.0233], [10.7006, 43.0283], [10.6921, 43.0367], [10.687, 43.0339], [10.6618, 43.0318], [10.629, 43.0878], [10.6277, 43.0907], [10.6277, 43.0994], [10.6372, 43.1097], [10.6396, 43.1155], [10.6572, 43.111], [10.6932, 43.1062], [10.7159, 43.1139], [10.7159, 43.1151], [10.7182, 43.1095], [10.725, 43.1011], [10.7252, 43.0981], [10.7243, 43.0861], [10.7141, 43.0739], [10.7241, 43.0683], [10.728, 43.0679], [10.7345, 43.0684], [10.7542, 43.0763], [10.7567, 43.0739], [10.7689, 43.0703], [10.7836, 43.0623], [10.7846, 43.0581], [10.777, 43.0513], [10.774, 43.0452], [10.7778, 43.0244], [10.7823, 43.0212], [10.7812, 43.0052]]]]}}, {"type": "Feature", "properties": {"GID_3": "ITA.16.4.21_1", "GID_0": "ITA", "COUNTRY": "Italy", "GID_1": "ITA.16_1", "NAME_1": "Toscana", "NL_NAME_1": "NA", "GID_2": "ITA.16.4_1", "NAME_2": "Livorno", "NL_NAME_2": "NA", "NAME_3": "Unknown2", "VARNAME_3": "NA", "NL_NAME_3": "NA", "TYPE_3": "Commune", "ENGTYPE_3": "Commune", "CC_3": "NA", "HASC_3": "#N/A"}, "geometry": {"type": "MultiPolygon", "coordinates": [[[[10.0826, 42.619], [10.0901, 42.6149], [10.0857, 42.6115], [10.0874, 42.6082], [10.0865, 42.6021], [10.0938, 42.5946], [10.0943, 42.589], [10.1024, 42.5885], [10.101, 42.5862], [10.1029, 42.5846], [10.0988, 42.5838], [10.0974, 42.5818], [10.0993, 42.5776], [10.1032, 42.5751], [10.094, 42.5721], [10.0924, 42.5679], [10.0879, 42.5671], [10.0824, 42.5707], [10.0676, 42.5713], [10.0665, 42.5749], [10.061, 42.5749], [10.0582, 42.5729], [10.049, 42.5754], [10.0454, 42.5807], [10.046, 42.5862], [10.0496, 42.5865], [10.0538, 42.5901], [10.061, 42.5871], [10.0674, 42.5874], [10.0688, 42.5896], [10.0738, 42.5907], [10.0757, 42.5954], [10.0785, 42.5968], [10.0785, 42.5996], [10.0826, 42.6046], [10.0824, 42.6085], [10.0799, 42.6124], [10.0813, 42.6174], [10.0788, 42.6174], [10.0785, 42.6188], [10.0826, 42.619]]], [[[9.9029, 43.4379], [9.9087, 43.4354], [9.9076, 43.4279], [9.909, 43.4257], [9.9018, 43.4215], [9.9021, 43.4193], [9.889, 43.4226], [9.8885, 43.4276], [9.8924, 43.436], [9.8993, 43.4354], [9.901, 43.4362], [9.9012, 43.4388], [9.9029, 43.4379]]]]}}, {"type": "Feature", "properties": {"GID_3": "ITA.16.4.22_1", "GID_0": "ITA", "COUNTRY": "Italy", "GID_1": "ITA.16_1", "NAME_1": "Toscana", "NL_NAME_1": "NA", "GID_2": "ITA.16.4_1", "NAME_2": "Livorno", "NL_NAME_2": "NA", "NAME_3": "Unknown3", "VARNAME_3": "NA", "NL_NAME_3": "NA", "TYPE_3": "Commune", "ENGTYPE_3": "Commune", "CC_3": "NA", "HASC_3": "#N/A"}, "geometry": {"type": "MultiPolygon", "coordinates": [[[[10.3743, 42.719], [10.3751, 42.7179], [10.3726, 42.7163], [10.3721, 42.7176], [10.3743, 42.719]]]]}}, {"type": "Feature", "properties": {"GID_3": "ITA.16.5.1_1", "GID_0": "ITA", "COUNTRY": "Italy", "GID_1": "ITA.16_1", "NAME_1": "Toscana", "NL_NAME_1": "NA", "GID_2": "ITA.16.5_1", "NAME_2": "Lucca", "NL_NAME_2": "NA", "NAME_3": "Altopascio", "VARNAME_3": "NA", "NL_NAME_3": "NA", "TYPE_3": "Commune", "ENGTYPE_3": "Commune", "CC_3": "NA", "HASC_3": "IT.LU.AL"}, "geometry": {"type": "MultiPolygon", "coordinates": [[[[10.7288, 43.8151], [10.7284, 43.8123], [10.7121, 43.7873], [10.6922, 43.803], [10.6729, 43.8046], [10.6623, 43.8072], [10.6527, 43.8018], [10.6462, 43.7954], [10.6307, 43.8014], [10.6335, 43.8253], [10.6375, 43.8322], [10.6639, 43.826], [10.6754, 43.8275], [10.6799, 43.8388], [10.6878, 43.8491], [10.692, 43.849], [10.7062, 43.8438], [10.7199, 43.8351], [10.7264, 43.8233], [10.7288, 43.8151]]]]}}, {"type": "Feature", "properties": {"GID_3": "ITA.16.5.2_1", "GID_0": "ITA", "COUNTRY": "Italy", "GID_1": "ITA.16_1", "NAME_1": "Toscana", "NL_NAME_1": "NA", "GID_2": "ITA.16.5_1", "NAME_2": "Lucca", "NL_NAME_2": "NA", "NAME_3": "BagniDiLucca", "VARNAME_3": "NA", "NL_NAME_3": "NA", "TYPE_3": "Commune", "ENGTYPE_3": "Commune", "CC_3": "NA", "HASC_3": "IT.LU.BL"}, "geometry": {"type": "MultiPolygon", "coordinates": [[[[10.5925, 43.9547], [10.5878, 43.9556], [10.5815, 43.9634], [10.5779, 43.9706], [10.5794, 43.9768], [10.5646, 43.9892], [10.5703, 44.006], [10.5636, 44.0071], [10.5574, 44.0017], [10.5537, 44.001], [10.5424, 44.0139], [10.5404, 44.0182], [10.5567, 44.0319], [10.5814, 44.0658], [10.5914, 44.0746], [10.5935, 44.0879], [10.5987, 44.0889], [10.6017, 44.0914], [10.6091, 44.1024], [10.6095, 44.1078], [10.6077, 44.1128], [10.6103, 44.1173], [10.618, 44.1192], [10.6267, 44.1174], [10.6297, 44.1185], [10.6394, 44.1127], [10.6528, 44.1093], [10.6669, 44.1102], [10.708, 44.0935], [10.7233, 44.0839], [10.7261, 44.0647], [10.7197, 44.0528], [10.72, 44.0448], [10.726, 44.0405], [10.7319, 44.0396], [10.7388, 44.0259], [10.7346, 44.0214], [10.724, 44.0182], [10.7129, 44.0192], [10.7065, 44.0155], [10.6979, 44.0082], [10.6954, 44.0], [10.6778, 43.9853], [10.6716, 43.9872], [10.6365, 43.9833], [10.6225, 43.977], [10.6031, 43.9578], [10.5925, 43.9547]]]]}}, {"type": "Feature", "properties": {"GID_3": "ITA.16.5.3_1", "GID_0": "ITA", "COUNTRY": "Italy", "GID_1": "ITA.16_1", "NAME_1": "Toscana", "NL_NAME_1": "NA", "GID_2": "ITA.16.5_1", "NAME_2": "Lucca", "NL_NAME_2": "NA", "NAME_3": "Barga", "VARNAME_3": "NA", "NL_NAME_3": "NA", "TYPE_3": "Commune", "ENGTYPE_3": "Commune", "CC_3": "NA", "HASC_3": "IT.LU.BA"}, "geometry": {"type": "MultiPolygon", "coordinates": [[[[10.5259, 44.158], [10.5528, 44.1466], [10.5785, 44.1329], [10.5815, 44.1303], [10.5845, 44.1212], [10.5759, 44.1212], [10.5709, 44.1196], [10.5446, 44.1066], [10.5322, 44.0774], [10.529, 44.0731], [10.5144, 44.0638], [10.5025, 44.0502], [10.4993, 44.0423], [10.4921, 44.0379], [10.4684, 44.0441], [10.4599, 44.0492], [10.4471, 44.0663], [10.4438, 44.0755], [10.4451, 44.0823], [10.4584, 44.0925], [10.4592, 44.0912], [10.4652, 44.0923], [10.4789, 44.099], [10.4949, 44.1163], [10.4914, 44.1207], [10.4913, 44.1271], [10.4976, 44.1329], [10.5053, 44.1369], [10.5147, 44.1551], [10.5259, 44.158]]]]}}, {"type": "Feature", "properties": {"GID_3": "ITA.16.5.4_1", "GID_0": "ITA", "COUNTRY": "Italy", "GID_1": "ITA.16_1", "NAME_1": "Toscana", "NL_NAME_1": "NA", "GID_2": "ITA.16.5_1", "NAME_2": "Lucca", "NL_NAME_2": "NA", "NAME_3": "BorgoAMozzano", "VARNAME_3": "NA", "NL_NAME_3": "NA", "TYPE_3": "Commune", "ENGTYPE_3": "Commune", "CC_3": "NA", "HASC_3": "IT.LU.BM"}, "geometry": {"type": "MultiPolygon", "coordinates": [[[[10.5405, 44.0186], [10.5424, 44.0139], [10.5537, 44.001], [10.5574, 44.0017], [10.5636, 44.0071], [10.5703, 44.006], [10.5646, 43.9892], [10.5794, 43.9768], [10.5779, 43.9706], [10.5815, 43.9634], [10.5878, 43.9556], [10.5925, 43.9547], [10.5965, 43.9439], [10.593, 43.9392], [10.5875, 43.9386], [10.5445, 43.9517], [10.524, 43.9537], [10.5165, 43.9606], [10.5065, 43.9529], [10.5015, 43.9383], [10.503, 43.936], [10.5074, 43.9358], [10.5078, 43.9321], [10.497, 43.9235], [10.4799, 43.9308], [10.4732, 43.93], [10.4645, 43.9253], [10.4559, 43.9278], [10.4487, 43.9321], [10.4448, 43.9382], [10.4586, 43.9479], [10.4551, 43.9581], [10.4631, 43.9636], [10.4782, 43.9626], [10.4878, 43.965], [10.486, 43.9726], [10.4891, 43.9801], [10.4917, 43.9811], [10.4946, 43.9852], [10.4924, 43.9936], [10.4835, 43.9957], [10.4675, 43.9962], [10.466, 43.9986], [10.4676, 44.0047], [10.4741, 44.0125], [10.47, 44.0158], [10.4761, 44.0179], [10.484, 44.0179], [10.4937, 44.0332], [10.5045, 44.0229], [10.5287, 44.02], [10.5356, 44.0208], [10.5405, 44.0186]]]]}}, {"type": "Feature", "properties": {"GID_3": "ITA.16.5.5_1", "GID_0": "ITA", "COUNTRY": "Italy", "GID_1": "ITA.16_1", "NAME_1": "Toscana", "NL_NAME_1": "NA", "GID_2": "ITA.16.5_1", "NAME_2": "Lucca", "NL_NAME_2": "NA", "NAME_3": "Camaiore", "VARNAME_3": "NA", "NL_NAME_3": "NA", "TYPE_3": "Commune", "ENGTYPE_3": "Commune", "CC_3": "NA", "HASC_3": "IT.LU.CM"}, "geometry": {"type": "MultiPolygon", "coordinates": [[[[10.2284, 43.8887], [10.211, 43.9116], [10.2225, 43.9165], [10.2462, 43.9344], [10.2594, 43.9496], [10.2808, 43.9641], [10.2807, 43.9621], [10.2777, 43.9595], [10.2821, 43.9586], [10.2969, 43.9612], [10.3398, 43.975], [10.3566, 43.9764], [10.3596, 43.9719], [10.3589, 43.9591], [10.3711, 43.9474], [10.4078, 43.9332], [10.4145, 43.9278], [10.416, 43.9218], [10.4142, 43.9172], [10.4075, 43.9156], [10.405, 43.9127], [10.4095, 43.9062], [10.4136, 43.9043], [10.4131, 43.9028], [10.4093, 43.9], [10.3882, 43.8987], [10.3879, 43.892], [10.393, 43.8881], [10.3844, 43.882], [10.367, 43.8829], [10.3636, 43.8815], [10.3651, 43.8908], [10.3795, 43.9021], [10.3685, 43.9055], [10.3625, 43.9055], [10.3488, 43.9008], [10.3412, 43.9002], [10.3281, 43.9032], [10.3243, 43.9058], [10.3248, 43.9093], [10.3231, 43.9113], [10.3062, 43.9235], [10.2976, 43.9166], [10.2892, 43.9197], [10.2674, 43.9137], [10.2648, 43.9121], [10.2656, 43.9089], [10.2604, 43.9007], [10.2537, 43.8961], [10.24, 43.8936], [10.2284, 43.8887]]]]}}, {"type": "Feature", "properties": {"GID_3": "ITA.16.5.6_1", "GID_0": "ITA", "COUNTRY": "Italy", "GID_1": "ITA.16_1", "NAME_1": "Toscana", "NL_NAME_1": "NA", "GID_2": "ITA.16.5_1", "NAME_2": "Lucca", "NL_NAME_2": "NA", "NAME_3": "Camporgiano", "VARNAME_3": "NA", "NL_NAME_3": "NA", "TYPE_3": "Commune", "ENGTYPE_3": "Commune", "CC_3": "NA", "HASC_3": "IT.LU.CO"}, "geometry": {"type": "MultiPolygon", "coordinates": [[[[10.3448, 44.1107], [10.3412, 44.1177], [10.3412, 44.1228], [10.3427, 44.1246], [10.3418, 44.1281], [10.335, 44.1382], [10.3333, 44.1393], [10.3224, 44.1373], [10.3153, 44.1329], [10.3138, 44.1433], [10.2993, 44.1518], [10.2937, 44.1489], [10.2793, 44.1469], [10.2717, 44.1556], [10.2774, 44.1665], [10.2943, 44.1754], [10.3061, 44.1761], [10.334, 44.1688], [10.3622, 44.148], [10.3704, 44.1392], [10.3842, 44.1331], [10.3448, 44.1107]]]]}}, {"type": "Feature", "properties": {"GID_3": "ITA.16.5.7_1", "GID_0": "ITA", "COUNTRY": "Italy", "GID_1": "ITA.16_1", "NAME_1": "Toscana", "NL_NAME_1": "NA", "GID_2": "ITA.16.5_1", "NAME_2": "Lucca", "NL_NAME_2": "NA", "NAME_3": "Capannori", "VARNAME_3": "NA", "NL_NAME_3": "NA", "TYPE_3": "Commune", "ENGTYPE_3": "Commune", "CC_3": "NA", "HASC_3": "IT.LU.CN"}, "geometry": {"type": "MultiPolygon", "coordinates": [[[[10.6307, 43.8014], [10.6462, 43.7954], [10.6375, 43.7755], [10.6229, 43.7572], [10.6112, 43.756], [10.5998, 43.7598], [10.5976, 43.7626], [10.5634, 43.7549], [10.5556, 43.7501], [10.5537, 43.7533], [10.5271, 43.7625], [10.5019, 43.7543], [10.4961, 43.7591], [10.4989, 43.7653], [10.4991, 43.7724], [10.4942, 43.7756], [10.4877, 43.7767], [10.4923, 43.7923], [10.4948, 43.8117], [10.4986, 43.8195], [10.5281, 43.8226], [10.5311, 43.8247], [10.5348, 43.8312], [10.5345, 43.8334], [10.5601, 43.8416], [10.5607, 43.8494], [10.5579, 43.858], [10.5505, 43.8708], [10.5501, 43.878], [10.5462, 43.8811], [10.5303, 43.8865], [10.5301, 43.8878], [10.5344, 43.8965], [10.5526, 43.8987], [10.5697, 43.906], [10.5679, 43.9167], [10.5624, 43.9241], [10.5628, 43.9274], [10.5633, 43.9295], [10.5763, 43.9423], [10.5882, 43.9384], [10.593, 43.9392], [10.5965, 43.9439], [10.5987, 43.9334], [10.6133, 43.9322], [10.6159, 43.9295], [10.6188, 43.9257], [10.616, 43.9225], [10.6174, 43.9188], [10.6491, 43.9121], [10.6503, 43.9044], [10.6557, 43.8956], [10.651, 43.8828], [10.6518, 43.8687], [10.6597, 43.8685], [10.6521, 43.8567], [10.6468, 43.8536], [10.6428, 43.848], [10.6348, 43.8506], [10.6348, 43.8575], [10.6104, 43.8607], [10.5998, 43.8594], [10.6047, 43.8362], [10.6072, 43.8322], [10.5963, 43.8184], [10.5971, 43.8111], [10.5993, 43.8075], [10.6143, 43.7946], [10.6231, 43.7994], [10.6307, 43.8014]]]]}}, {"type": "Feature", "properties": {"GID_3": "ITA.16.5.8_1", "GID_0": "ITA", "COUNTRY": "Italy", "GID_1": "ITA.16_1", "NAME_1": "Toscana", "NL_NAME_1": "NA", "GID_2": "ITA.16.5_1", "NAME_2": "Lucca", "NL_NAME_2": "NA", "NAME_3": "Careggine", "VARNAME_3": "NA", "NL_NAME_3": "NA", "TYPE_3": "Commune", "ENGTYPE_3": "Commune", "CC_3": "NA", "HASC_3": "IT.LU.CR"}, "geometry": {"type": "MultiPolygon", "coordinates": [[[[10.3153, 44.1329], [10.3224, 44.1373], [10.3333, 44.1393], [10.3391, 44.1337], [10.3427, 44.1249], [10.3412, 44.1228], [10.3412, 44.1177], [10.3463, 44.1072], [10.3453, 44.0923], [10.3417, 44.087], [10.3385, 44.0855], [10.3414, 44.08], [10.3453, 44.0777], [10.3455, 44.0754], [10.3302, 44.068], [10.3248, 44.069], [10.3095, 44.0615], [10.2917, 44.0636], [10.287, 44.0685], [10.2863, 44.0715], [10.288, 44.0776], [10.291, 44.0774], [10.2989, 44.0807], [10.3114, 44.09], [10.312, 44.1013], [10.3045, 44.1238], [10.3084, 44.1306], [10.3153, 44.1329]]]]}}, {"type": "Feature", "properties": {"GID_3": "ITA.16.5.9_1", "GID_0": "ITA", "COUNTRY": "Italy", "GID_1": "ITA.16_1", "NAME_1": "Toscana", "NL_NAME_1": "NA", "GID_2": "ITA.16.5_1", "NAME_2": "Lucca", "NL_NAME_2": "NA", "NAME_3": "CastelnuovoDiGarfagnana", "VARNAME_3": "NA", "NL_NAME_3": "NA", "TYPE_3": "Commune", "ENGTYPE_3": "Commune", "CC_3": "NA", "HASC_3": "IT.LU.CD"}, "geometry": {"type": "MultiPolygon", "coordinates": [[[[10.3448, 44.1107], [10.3842, 44.1331], [10.3977, 44.1252], [10.4037, 44.1284], [10.4189, 44.1244], [10.4253, 44.1215], [10.4337, 44.1136], [10.4445, 44.1194], [10.4514, 44.1155], [10.4527, 44.1124], [10.4497, 44.107], [10.4359, 44.1059], [10.421, 44.0927], [10.4032, 44.0926], [10.3988, 44.0987], [10.3909, 44.099], [10.39, 44.0926], [10.3843, 44.0892], [10.366, 44.0815], [10.3453, 44.0777], [10.3414, 44.08], [10.3385, 44.0855], [10.3417, 44.087], [10.3453, 44.0923], [10.3463, 44.1072], [10.3448, 44.1107]]]]}}, {"type": "Feature", "properties": {"GID_3": "ITA.16.5.10_1", "GID_0": "ITA", "COUNTRY": "Italy", "GID_1": "ITA.16_1", "NAME_1": "Toscana", "NL_NAME_1": "NA", "GID_2": "ITA.16.5_1", "NAME_2": "Lucca", "NL_NAME_2": "NA", "NAME_3": "CastiglioneDiGarfagnana", "VARNAME_3": "NA", "NL_NAME_3": "NA", "TYPE_3": "Commune", "ENGTYPE_3": "Commune", "CC_3": "NA", "HASC_3": "IT.LU.CG"}, "geometry": {"type": "MultiPolygon", "coordinates": [[[[10.4711, 44.227], [10.4749, 44.2247], [10.4856, 44.2238], [10.4939, 44.218], [10.4862, 44.2058], [10.491, 44.1978], [10.511, 44.1879], [10.5239, 44.1758], [10.5182, 44.1736], [10.5022, 44.1786], [10.4787, 44.1732], [10.4696, 44.1666], [10.4629, 44.1667], [10.4537, 44.1695], [10.4432, 44.1664], [10.4423, 44.161], [10.4434, 44.1565], [10.4397, 44.1474], [10.4207, 44.1378], [10.4166, 44.1393], [10.4073, 44.1367], [10.4018, 44.1315], [10.3837, 44.1504], [10.3841, 44.1517], [10.3862, 44.1535], [10.3964, 44.1525], [10.4054, 44.1574], [10.4074, 44.1691], [10.4131, 44.1854], [10.433, 44.2026], [10.4357, 44.2261], [10.4443, 44.2299], [10.4507, 44.2307], [10.4674, 44.2306], [10.4711, 44.227]], [[10.4818, 44.1904], [10.4827, 44.1908], [10.4828, 44.1914], [10.4817, 44.1911], [10.4818, 44.1904]]]]}}, {"type": "Feature", "properties": {"GID_3": "ITA.16.5.11_1", "GID_0": "ITA", "COUNTRY": "Italy", "GID_1": "ITA.16_1", "NAME_1": "Toscana", "NL_NAME_1": "NA", "GID_2": "ITA.16.5_1", "NAME_2": "Lucca", "NL_NAME_2": "NA", "NAME_3": "CoregliaAntelminelli", "VARNAME_3": "NA", "NL_NAME_3": "NA", "TYPE_3": "Commune", "ENGTYPE_3": "Commune", "CC_3": "NA", "HASC_3": "IT.LU.CA"}, "geometry": {"type": "MultiPolygon", "coordinates": [[[[10.6108, 44.1196], [10.6251, 44.1213], [10.6297, 44.1185], [10.6267, 44.1174], [10.618, 44.1192], [10.6103, 44.1173], [10.6077, 44.1128], [10.6095, 44.1078], [10.6091, 44.1024], [10.6017, 44.0914], [10.5987, 44.0889], [10.5935, 44.0879], [10.5914, 44.0746], [10.5814, 44.0658], [10.5567, 44.0319], [10.5499, 44.025], [10.5405, 44.0186], [10.5356, 44.0208], [10.5287, 44.02], [10.5049, 44.0228], [10.5, 44.0259], [10.4937, 44.0332], [10.4921, 44.0379], [10.4999, 44.0429], [10.5028, 44.0507], [10.5163, 44.0655], [10.529, 44.0731], [10.5322, 44.0774], [10.5388, 44.0953], [10.545, 44.107], [10.5759, 44.1212], [10.5845, 44.1212], [10.5941, 44.1164], [10.6048, 44.1156], [10.6108, 44.1196]]]]}}, {"type": "Feature", "properties": {"GID_3": "ITA.16.5.12_1", "GID_0": "ITA", "COUNTRY": "Italy", "GID_1": "ITA.16_1", "NAME_1": "Toscana", "NL_NAME_1": "NA", "GID_2": "ITA.16.5_1", "NAME_2": "Lucca", "NL_NAME_2": "NA", "NAME_3": "FabbricheDiVallico", "VARNAME_3": "NA", "NL_NAME_3": "NA", "TYPE_3": "Commune", "ENGTYPE_3": "Commune", "CC_3": "NA", "HASC_3": "IT.LU.FV"}, "geometry": {"type": "MultiPolygon", "coordinates": [[[[10.4008, 44.0021], [10.3991, 44.0021], [10.3969, 44.0054], [10.3979, 44.0095], [10.4101, 44.0094], [10.4126, 44.0038], [10.4008, 44.0021]]], [[[10.4706, 44.0154], [10.4741, 44.0125], [10.4676, 44.0047], [10.4654, 43.9983], [10.4417, 43.9982], [10.4309, 43.9928], [10.4211, 43.9923], [10.4185, 43.9927], [10.4166, 43.9965], [10.4202, 43.9977], [10.422, 44.0022], [10.4146, 44.0146], [10.4083, 44.0204], [10.4156, 44.0236], [10.4226, 44.023], [10.4323, 44.0254], [10.4365, 44.0314], [10.4473, 44.0349], [10.4706, 44.0154]]]]}}, {"type": "Feature", "properties": {"GID_3": "ITA.16.5.13_1", "GID_0": "ITA", "COUNTRY": "Italy", "GID_1": "ITA.16_1", "NAME_1": "Toscana", "NL_NAME_1": "NA", "GID_2": "ITA.16.5_1", "NAME_2": "Lucca", "NL_NAME_2": "NA", "NAME_3": "ForteDeiMarmi", "VARNAME_3": "NA", "NL_NAME_3": "NA", "TYPE_3": "Commune", "ENGTYPE_3": "Commune", "CC_3": "NA", "HASC_3": "IT.LU.FM"}, "geometry": {"type": "MultiPolygon", "coordinates": [[[[10.1828, 43.9426], [10.171, 43.9549], [10.144, 43.9765], [10.1679, 43.9833], [10.1852, 43.9679], [10.1914, 43.9706], [10.1986, 43.9701], [10.2015, 43.961], [10.1952, 43.9526], [10.1853, 43.948], [10.1828, 43.9426]]]]}}, {"type": "Feature", "properties": {"GID_3": "ITA.16.5.14_1", "GID_0": "ITA", "COUNTRY": "Italy", "GID_1": "ITA.16_1", "NAME_1": "Toscana", "NL_NAME_1": "NA", "GID_2": "ITA.16.5_1", "NAME_2": "Lucca", "NL_NAME_2": "NA", "NAME_3": "Fosciandora", "VARNAME_3": "NA", "NL_NAME_3": "NA", "TYPE_3": "Commune", "ENGTYPE_3": "Commune", "CC_3": "NA", "HASC_3": "IT.LU.FO"}, "geometry": {"type": "MultiPolygon", "coordinates": [[[[10.5207, 44.1681], [10.5259, 44.158], [10.5147, 44.1551], [10.5053, 44.1369], [10.4976, 44.1329], [10.4913, 44.1271], [10.4914, 44.1207], [10.495, 44.1167], [10.4904, 44.1101], [10.4789, 44.099], [10.4652, 44.0923], [10.4587, 44.0914], [10.4576, 44.1], [10.4497, 44.107], [10.4525, 44.1113], [10.4517, 44.1152], [10.4428, 44.1193], [10.4485, 44.1273], [10.4687, 44.1407], [10.486, 44.1424], [10.5008, 44.1586], [10.5207, 44.1681]]]]}}, {"type": "Feature", "properties": {"GID_3": "ITA.16.5.15_1", "GID_0": "ITA", "COUNTRY": "Italy", "GID_1": "ITA.16_1", "NAME_1": "Toscana", "NL_NAME_1": "NA", "GID_2": "ITA.16.5_1", "NAME_2": "Lucca", "NL_NAME_2": "NA", "NAME_3": "Gallicano", "VARNAME_3": "NA", "NL_NAME_3": "NA", "TYPE_3": "Commune", "ENGTYPE_3": "Commune", "CC_3": "NA", "HASC_3": "IT.LU.GA"}, "geometry": {"type": "MultiPolygon", "coordinates": [[[[10.4441, 44.0745], [10.4471, 44.0663], [10.4599, 44.0492], [10.4694, 44.0437], [10.4921, 44.0379], [10.4937, 44.0332], [10.484, 44.0179], [10.4687, 44.0162], [10.4473, 44.0349], [10.4365, 44.0314], [10.4323, 44.0254], [10.4226, 44.023], [10.4156, 44.0236], [10.4083, 44.0204], [10.4005, 44.0258], [10.3878, 44.0425], [10.3925, 44.0491], [10.3979, 44.0512], [10.4078, 44.0508], [10.415, 44.0541], [10.4173, 44.0577], [10.4166, 44.0614], [10.421, 44.0606], [10.4255, 44.0632], [10.4328, 44.0704], [10.434, 44.0735], [10.4424, 44.0755], [10.4441, 44.0745]]], [[[10.4465, 44.0834], [10.4451, 44.0823], [10.4374, 44.0888], [10.4243, 44.0957], [10.4373, 44.1067], [10.4497, 44.107], [10.4566, 44.1016], [10.4589, 44.0944], [10.4584, 44.0925], [10.4465, 44.0834]]]]}}, {"type": "Feature", "properties": {"GID_3": "ITA.16.5.16_1", "GID_0": "ITA", "COUNTRY": "Italy", "GID_1": "ITA.16_1", "NAME_1": "Toscana", "NL_NAME_1": "NA", "GID_2": "ITA.16.5_1", "NAME_2": "Lucca", "NL_NAME_2": "NA", "NAME_3": "Giuncugnano", "VARNAME_3": "NA", "NL_NAME_3": "NA", "TYPE_3": "Commune", "ENGTYPE_3": "Commune", "CC_3": "NA", "HASC_3": "IT.LU.GI"}, "geometry": {"type": "MultiPolygon", "coordinates": [[[[10.2447, 44.184], [10.2459, 44.1861], [10.2403, 44.2009], [10.2371, 44.2037], [10.2323, 44.2131], [10.2354, 44.2285], [10.2345, 44.2336], [10.2481, 44.2545], [10.2566, 44.2587], [10.2678, 44.246], [10.2673, 44.2438], [10.2712, 44.2388], [10.2826, 44.2285], [10.2819, 44.2243], [10.2875, 44.2185], [10.2755, 44.2105], [10.2686, 44.2086], [10.262, 44.2033], [10.2595, 44.1994], [10.2632, 44.1964], [10.2635, 44.1932], [10.2546, 44.1874], [10.2447, 44.184]]]]}}, {"type": "Feature", "properties": {"GID_3": "ITA.16.5.17_1", "GID_0": "ITA", "COUNTRY": "Italy", "GID_1": "ITA.16_1", "NAME_1": "Toscana", "NL_NAME_1": "NA", "GID_2": "ITA.16.5_1", "NAME_2": "Lucca", "NL_NAME_2": "NA", "NAME_3": "Lucca", "VARNAME_3": "NA", "NL_NAME_3": "NA", "TYPE_3": "Commune", "ENGTYPE_3": "Commune", "CC_3": "NA", "HASC_3": "IT.LU.LU"}, "geometry": {"type": "MultiPolygon", "coordinates": [[[[10.4645, 43.9253], [10.4732, 43.93], [10.4799, 43.9308], [10.497, 43.9235], [10.5078, 43.9321], [10.5074, 43.9358], [10.503, 43.936], [10.5015, 43.9383], [10.5065, 43.9529], [10.5165, 43.9606], [10.524, 43.9537], [10.5445, 43.9517], [10.5763, 43.9423], [10.5633, 43.9295], [10.5628, 43.9274], [10.5624, 43.9241], [10.5679, 43.9167], [10.5697, 43.906], [10.5526, 43.8987], [10.5344, 43.8965], [10.5301, 43.8878], [10.5303, 43.8865], [10.5462, 43.8811], [10.5501, 43.878], [10.5505, 43.8708], [10.5579, 43.858], [10.5607, 43.8494], [10.5601, 43.8416], [10.5345, 43.8334], [10.5348, 43.8312], [10.5311, 43.8247], [10.5281, 43.8226], [10.4986, 43.8195], [10.4948, 43.8117], [10.4923, 43.7923], [10.4877, 43.7767], [10.4942, 43.7756], [10.4991, 43.7724], [10.4989, 43.7653], [10.4961, 43.7591], [10.475, 43.7636], [10.4692, 43.7677], [10.4543, 43.7663], [10.4426, 43.7788], [10.4403, 43.7892], [10.4518, 43.7952], [10.453, 43.8054], [10.4474, 43.81], [10.4426, 43.8085], [10.437, 43.8124], [10.4287, 43.8256], [10.4266, 43.8358], [10.4198, 43.8317], [10.4148, 43.8232], [10.412, 43.8279], [10.4075, 43.8275], [10.381, 43.8135], [10.3752, 43.8149], [10.3748, 43.8198], [10.3682, 43.8257], [10.3657, 43.8312], [10.3685, 43.8417], [10.3736, 43.8455], [10.3792, 43.8418], [10.3943, 43.8429], [10.3977, 43.8442], [10.3977, 43.847], [10.3889, 43.853], [10.3776, 43.8545], [10.3746, 43.8563], [10.3705, 43.8606], [10.3612, 43.8801], [10.3664, 43.8829], [10.3844, 43.882], [10.3907, 43.8859], [10.393, 43.8881], [10.3879, 43.892], [10.3891, 43.8993], [10.4093, 43.9], [10.4136, 43.9043], [10.4334, 43.91], [10.4486, 43.9077], [10.4546, 43.9167], [10.4645, 43.9253]]]]}}, {"type": "Feature", "properties": {"GID_3": "ITA.16.5.18_1", "GID_0": "ITA", "COUNTRY": "Italy", "GID_1": "ITA.16_1", "NAME_1": "Toscana", "NL_NAME_1": "NA", "GID_2": "ITA.16.5_1", "NAME_2": "Lucca", "NL_NAME_2": "NA", "NAME_3": "Massarosa", "VARNAME_3": "NA", "NL_NAME_3": "NA", "TYPE_3": "Commune", "ENGTYPE_3": "Commune", "CC_3": "NA", "HASC_3": "IT.LU.MA"}, "geometry": {"type": "MultiPolygon", "coordinates": [[[[10.2537, 43.8961], [10.2604, 43.9007], [10.2656, 43.9089], [10.2648, 43.9121], [10.2674, 43.9137], [10.2892, 43.9197], [10.2976, 43.9166], [10.3062, 43.9235], [10.3231, 43.9113], [10.3248, 43.9093], [10.3243, 43.9058], [10.3281, 43.9032], [10.3412, 43.9002], [10.3488, 43.9008], [10.363, 43.9055], [10.3783, 43.9026], [10.3795, 43.9021], [10.3753, 43.898], [10.3651, 43.8908], [10.3636, 43.8815], [10.3612, 43.8801], [10.3705, 43.8606], [10.3746, 43.8563], [10.3931, 43.8511], [10.3977, 43.847], [10.3977, 43.8442], [10.3792, 43.8418], [10.3742, 43.8456], [10.3685, 43.8417], [10.3657, 43.8312], [10.3682, 43.8257], [10.3748, 43.8198], [10.3747, 43.8154], [10.3491, 43.8175], [10.344, 43.8204], [10.3222, 43.8226], [10.3081, 43.8304], [10.3124, 43.8374], [10.2618, 43.8974], [10.2537, 43.8961]]]]}}, {"type": "Feature", "properties": {"GID_3": "ITA.16.5.19_1", "GID_0": "ITA", "COUNTRY": "Italy", "GID_1": "ITA.16_1", "NAME_1": "Toscana", "NL_NAME_1": "NA", "GID_2": "ITA.16.5_1", "NAME_2": "Lucca", "NL_NAME_2": "NA", "NAME_3": "Minucciano", "VARNAME_3": "NA", "NL_NAME_3": "NA", "TYPE_3": "Commune", "ENGTYPE_3": "Commune", "CC_3": "NA", "HASC_3": "IT.LU.MI"}, "geometry": {"type": "MultiPolygon", "coordinates": [[[[10.2748, 44.16], [10.2717, 44.1556], [10.2793, 44.1469], [10.2623, 44.1332], [10.2538, 44.133], [10.2406, 44.1279], [10.2398, 44.1246], [10.2283, 44.1115], [10.2147, 44.1196], [10.2022, 44.1199], [10.1891, 44.1234], [10.1875, 44.1247], [10.1859, 44.1384], [10.184, 44.1408], [10.1882, 44.1429], [10.1895, 44.1529], [10.1971, 44.1617], [10.1975, 44.1793], [10.1928, 44.1869], [10.1878, 44.2072], [10.1966, 44.2128], [10.2121, 44.217], [10.2318, 44.2293], [10.2345, 44.2336], [10.2354, 44.2285], [10.2323, 44.2131], [10.2371, 44.2037], [10.2403, 44.2009], [10.2459, 44.1861], [10.2433, 44.1809], [10.2511, 44.1808], [10.2616, 44.1835], [10.2679, 44.1767], [10.2693, 44.1657], [10.2748, 44.16]]]]}}, {"type": "Feature", "properties": {"GID_3": "ITA.16.5.20_1", "GID_0": "ITA", "COUNTRY": "Italy", "GID_1": "ITA.16_1", "NAME_1": "Toscana", "NL_NAME_1": "NA", "GID_2": "ITA.16.5_1", "NAME_2": "Lucca", "NL_NAME_2": "NA", "NAME_3": "Molazzana", "VARNAME_3": "NA", "NL_NAME_3": "NA", "TYPE_3": "Commune", "ENGTYPE_3": "Commune", "CC_3": "NA", "HASC_3": "IT.LU.ML"}, "geometry": {"type": "MultiPolygon", "coordinates": [[[[10.4451, 44.0823], [10.4438, 44.0755], [10.434, 44.0735], [10.4295, 44.0665], [10.421, 44.0606], [10.4141, 44.0636], [10.3907, 44.0614], [10.3733, 44.0639], [10.3651, 44.0594], [10.363, 44.0515], [10.3543, 44.0451], [10.325, 44.0354], [10.3165, 44.0492], [10.3169, 44.0526], [10.3264, 44.0572], [10.3302, 44.068], [10.3455, 44.0754], [10.3453, 44.0777], [10.366, 44.0815], [10.3843, 44.0892], [10.39, 44.0926], [10.3909, 44.099], [10.3988, 44.0987], [10.4032, 44.0926], [10.421, 44.0927], [10.4243, 44.0957], [10.4374, 44.0888], [10.4451, 44.0823]]]]}}, {"type": "Feature", "properties": {"GID_3": "ITA.16.5.21_1", "GID_0": "ITA", "COUNTRY": "Italy", "GID_1": "ITA.16_1", "NAME_1": "Toscana", "NL_NAME_1": "NA", "GID_2": "ITA.16.5_1", "NAME_2": "Lucca", "NL_NAME_2": "NA", "NAME_3": "Montecarlo", "VARNAME_3": "NA", "NL_NAME_3": "NA", "TYPE_3": "Commune", "ENGTYPE_3": "Commune", "CC_3": "NA", "HASC_3": "IT.LU.MN"}, "geometry": {"type": "MultiPolygon", "coordinates": [[[[10.7062, 43.8438], [10.692, 43.849], [10.6874, 43.849], [10.6799, 43.8388], [10.6754, 43.8275], [10.6639, 43.826], [10.6375, 43.8322], [10.6428, 43.848], [10.6468, 43.8536], [10.6521, 43.8567], [10.6597, 43.8685], [10.6635, 43.869], [10.6757, 43.8766], [10.6794, 43.8765], [10.6879, 43.8676], [10.6889, 43.8554], [10.6959, 43.855], [10.7062, 43.8438]]]]}}, {"type": "Feature", "properties": {"GID_3": "ITA.16.5.22_1", "GID_0": "ITA", "COUNTRY": "Italy", "GID_1": "ITA.16_1", "NAME_1": "Toscana", "NL_NAME_1": "NA", "GID_2": "ITA.16.5_1", "NAME_2": "Lucca", "NL_NAME_2": "NA", "NAME_3": "Pescaglia", "VARNAME_3": "NA", "NL_NAME_3": "NA", "TYPE_3": "Commune", "ENGTYPE_3": "Commune", "CC_3": "NA", "HASC_3": "IT.LU.PE"}, "geometry": {"type": "MultiPolygon", "coordinates": [[[[10.466, 43.9986], [10.4675, 43.9962], [10.4835, 43.9957], [10.4924, 43.9936], [10.4946, 43.9852], [10.4917, 43.9811], [10.4891, 43.9801], [10.486, 43.9726], [10.4878, 43.965], [10.4782, 43.9626], [10.4631, 43.9636], [10.4551, 43.9581], [10.4586, 43.9479], [10.4448, 43.9376], [10.4496, 43.9314], [10.4645, 43.9253], [10.4546, 43.9167], [10.4486, 43.9077], [10.4338, 43.91], [10.412, 43.9043], [10.405, 43.9127], [10.4075, 43.9156], [10.4152, 43.9183], [10.416, 43.9218], [10.4142, 43.9282], [10.4078, 43.9332], [10.3711, 43.9474], [10.3589, 43.9591], [10.3596, 43.9719], [10.35, 43.9841], [10.3528, 43.988], [10.3678, 43.9946], [10.3766, 43.9952], [10.3991, 44.0021], [10.4074, 44.0025], [10.4166, 43.9965], [10.4185, 43.9927], [10.4211, 43.9923], [10.4309, 43.9928], [10.4417, 43.9982], [10.466, 43.9986]]]]}}, {"type": "Feature", "properties": {"GID_3": "ITA.16.5.23_1", "GID_0": "ITA", "COUNTRY": "Italy", "GID_1": "ITA.16_1", "NAME_1": "Toscana", "NL_NAME_1": "NA", "GID_2": "ITA.16.5_1", "NAME_2": "Lucca", "NL_NAME_2": "NA", "NAME_3": "PiazzaAlSerchio", "VARNAME_3": "NA", "NL_NAME_3": "NA", "TYPE_3": "Commune", "ENGTYPE_3": "Commune", "CC_3": "NA", "HASC_3": "IT.LU.PS"}, "geometry": {"type": "MultiPolygon", "coordinates": [[[[10.3158, 44.1739], [10.3061, 44.1761], [10.2943, 44.1754], [10.2777, 44.1667], [10.2748, 44.16], [10.2693, 44.1657], [10.2679, 44.1767], [10.2616, 44.1835], [10.2511, 44.1808], [10.2432, 44.1813], [10.2447, 44.184], [10.2546, 44.1874], [10.2635, 44.1932], [10.2632, 44.1964], [10.2595, 44.1994], [10.262, 44.2033], [10.2686, 44.2086], [10.2755, 44.2105], [10.2873, 44.2179], [10.2819, 44.2243], [10.2826, 44.2285], [10.2892, 44.2274], [10.2965, 44.2226], [10.2993, 44.2152], [10.315, 44.2232], [10.3329, 44.2292], [10.3367, 44.2283], [10.3417, 44.2249], [10.3407, 44.2161], [10.3341, 44.211], [10.3135, 44.2019], [10.3083, 44.1949], [10.3089, 44.1903], [10.3138, 44.1862], [10.3296, 44.1808], [10.3246, 44.1714], [10.3158, 44.1739]]], [[[10.2799, 44.2306], [10.268, 44.2428], [10.2678, 44.246], [10.2805, 44.2302], [10.2799, 44.2306]]]]}}, {"type": "Feature", "properties": {"GID_3": "ITA.16.5.24_1", "GID_0": "ITA", "COUNTRY": "Italy", "GID_1": "ITA.16_1", "NAME_1": "Toscana", "NL_NAME_1": "NA", "GID_2": "ITA.16.5_1", "NAME_2": "Lucca", "NL_NAME_2": "NA", "NAME_3": "Pietrasanta", "VARNAME_3": "NA", "NL_NAME_3": "NA", "TYPE_3": "Commune", "ENGTYPE_3": "Commune", "CC_3": "NA", "HASC_3": "IT.LU.PI"}, "geometry": {"type": "MultiPolygon", "coordinates": [[[[10.2741, 43.96], [10.2594, 43.9496], [10.2462, 43.9344], [10.2225, 43.9165], [10.211, 43.9116], [10.2026, 43.9224], [10.1828, 43.9426], [10.1853, 43.948], [10.1952, 43.9526], [10.2015, 43.961], [10.1986, 43.9701], [10.2191, 43.9704], [10.2218, 43.9785], [10.219, 43.9847], [10.2235, 43.9859], [10.242, 43.9884], [10.271, 43.9673], [10.2749, 43.9663], [10.2763, 43.9619], [10.2741, 43.96]]], [[[10.1723, 43.9801], [10.1679, 43.9833], [10.1746, 43.9884], [10.1878, 44.0144], [10.1949, 44.0095], [10.2143, 44.0007], [10.2178, 43.9952], [10.2046, 43.9849], [10.1849, 43.9842], [10.1723, 43.9801]]]]}}, {"type": "Feature", "properties": {"GID_3": "ITA.16.5.25_1", "GID_0": "ITA", "COUNTRY": "Italy", "GID_1": "ITA.16_1", "NAME_1": "Toscana", "NL_NAME_1": "NA", "GID_2": "ITA.16.5_1", "NAME_2": "Lucca", "NL_NAME_2": "NA", "NAME_3": "PieveFosciana", "VARNAME_3": "NA", "NL_NAME_3": "NA", "TYPE_3": "Commune", "ENGTYPE_3": "Commune", "CC_3": "NA", "HASC_3": "IT.LU.PF"}, "geometry": {"type": "MultiPolygon", "coordinates": [[[[10.5239, 44.1758], [10.5207, 44.1681], [10.5008, 44.1586], [10.486, 44.1424], [10.468, 44.1404], [10.4499, 44.1289], [10.4428, 44.1193], [10.4353, 44.1135], [10.43, 44.1158], [10.4253, 44.1215], [10.4189, 44.1244], [10.4037, 44.1284], [10.3977, 44.1252], [10.3704, 44.1392], [10.3797, 44.1499], [10.3837, 44.1504], [10.4018, 44.1315], [10.4073, 44.1367], [10.4166, 44.1393], [10.4207, 44.1378], [10.4397, 44.1474], [10.4434, 44.1565], [10.4423, 44.161], [10.4432, 44.1664], [10.4537, 44.1695], [10.4629, 44.1667], [10.4696, 44.1666], [10.4787, 44.1732], [10.5022, 44.1786], [10.5182, 44.1736], [10.5239, 44.1758]]]]}}, {"type": "Feature", "properties": {"GID_3": "ITA.16.5.26_1", "GID_0": "ITA", "COUNTRY": "Italy", "GID_1": "ITA.16_1", "NAME_1": "Toscana", "NL_NAME_1": "NA", "GID_2": "ITA.16.5_1", "NAME_2": "Lucca", "NL_NAME_2": "NA", "NAME_3": "Porcari", "VARNAME_3": "NA", "NL_NAME_3": "NA", "TYPE_3": "Commune", "ENGTYPE_3": "Commune", "CC_3": "NA", "HASC_3": "IT.LU.PO"}, "geometry": {"type": "MultiPolygon", "coordinates": [[[[10.6375, 43.8322], [10.6335, 43.8253], [10.6307, 43.8014], [10.6231, 43.7994], [10.6143, 43.7946], [10.5993, 43.8075], [10.5964, 43.8129], [10.5965, 43.8187], [10.6072, 43.8322], [10.6047, 43.8362], [10.5998, 43.8594], [10.6104, 43.8607], [10.6348, 43.8575], [10.6348, 43.8506], [10.6428, 43.848], [10.6375, 43.8322]]]]}}, {"type": "Feature", "properties": {"GID_3": "ITA.16.5.27_1", "GID_0": "ITA", "COUNTRY": "Italy", "GID_1": "ITA.16_1", "NAME_1": "Toscana", "NL_NAME_1": "NA", "GID_2": "ITA.16.5_1", "NAME_2": "Lucca", "NL_NAME_2": "NA", "NAME_3": "SanRomanoInGarfagnana", "VARNAME_3": "NA", "NL_NAME_3": "NA", "TYPE_3": "Commune", "ENGTYPE_3": "Commune", "CC_3": "NA", "HASC_3": "IT.LU.SR"}, "geometry": {"type": "MultiPolygon", "coordinates": [[[[10.3704, 44.1392], [10.3622, 44.148], [10.334, 44.1688], [10.3246, 44.1714], [10.3295, 44.1812], [10.3138, 44.1862], [10.3089, 44.1903], [10.3083, 44.1949], [10.3135, 44.2019], [10.3341, 44.211], [10.3407, 44.2161], [10.35, 44.2154], [10.3642, 44.2176], [10.374, 44.2231], [10.4068, 44.2328], [10.4025, 44.2262], [10.3777, 44.2149], [10.3689, 44.2127], [10.36, 44.1927], [10.3616, 44.1778], [10.3689, 44.1686], [10.3758, 44.1639], [10.3801, 44.1573], [10.3797, 44.1499], [10.3704, 44.1392]]]]}}, {"type": "Feature", "properties": {"GID_3": "ITA.16.5.28_1", "GID_0": "ITA", "COUNTRY": "Italy", "GID_1": "ITA.16_1", "NAME_1": "Toscana", "NL_NAME_1": "NA", "GID_2": "ITA.16.5_1", "NAME_2": "Lucca", "NL_NAME_2": "NA", "NAME_3": "Seravezza", "VARNAME_3": "NA", "NL_NAME_3": "NA", "TYPE_3": "Commune", "ENGTYPE_3": "Commune", "CC_3": "NA", "HASC_3": "IT.LU.SE"}, "geometry": {"type": "MultiPolygon", "coordinates": [[[[10.1986, 43.9701], [10.1914, 43.9706], [10.1852, 43.9679], [10.1719, 43.979], [10.1849, 43.9842], [10.2046, 43.9849], [10.2178, 43.9952], [10.2143, 44.0007], [10.1949, 44.0095], [10.1878, 44.0144], [10.1988, 44.0187], [10.2066, 44.025], [10.2074, 44.0302], [10.2026, 44.0368], [10.2249, 44.0525], [10.2227, 44.0582], [10.2296, 44.0679], [10.2401, 44.0726], [10.2413, 44.0651], [10.2525, 44.0591], [10.2629, 44.0583], [10.2653, 44.0553], [10.2654, 44.0405], [10.254, 44.0331], [10.2526, 44.0306], [10.253, 44.0272], [10.2594, 44.0173], [10.2668, 44.0009], [10.2598, 43.9969], [10.2437, 43.995], [10.2386, 43.9958], [10.2374, 43.9949], [10.2386, 43.9911], [10.242, 43.9884], [10.219, 43.9847], [10.2218, 43.9785], [10.2185, 43.97], [10.1986, 43.9701]]]]}}, {"type": "Feature", "properties": {"GID_3": "ITA.16.5.29_1", "GID_0": "ITA", "COUNTRY": "Italy", "GID_1": "ITA.16_1", "NAME_1": "Toscana", "NL_NAME_1": "NA", "GID_2": "ITA.16.5_1", "NAME_2": "Lucca", "NL_NAME_2": "NA", "NAME_3": "Sillano", "VARNAME_3": "NA", "NL_NAME_3": "NA", "TYPE_3": "Commune", "ENGTYPE_3": "Commune", "CC_3": "NA", "HASC_3": "IT.LU.SI"}, "geometry": {"type": "MultiPolygon", "coordinates": [[[[10.2549, 44.2695], [10.2707, 44.2742], [10.2823, 44.2808], [10.291, 44.2827], [10.2978, 44.2869], [10.3081, 44.2853], [10.314, 44.2808], [10.3438, 44.2706], [10.3493, 44.27], [10.3621, 44.2722], [10.3726, 44.2703], [10.4023, 44.2523], [10.4084, 44.2503], [10.415, 44.2368], [10.3986, 44.2296], [10.374, 44.2231], [10.3637, 44.2175], [10.35, 44.2154], [10.3407, 44.2161], [10.3417, 44.2249], [10.3329, 44.2292], [10.315, 44.2232], [10.2988, 44.2153], [10.2965, 44.2226], [10.2892, 44.2274], [10.2805, 44.2302], [10.2566, 44.2587], [10.2549, 44.2695]]]]}}, {"type": "Feature", "properties": {"GID_3": "ITA.16.5.30_1", "GID_0": "ITA", "COUNTRY": "Italy", "GID_1": "ITA.16_1", "NAME_1": "Toscana", "NL_NAME_1": "NA", "GID_2": "ITA.16.5_1", "NAME_2": "Lucca", "NL_NAME_2": "NA", "NAME_3": "Stazzema", "VARNAME_3": "NA", "NL_NAME_3": "NA", "TYPE_3": "Commune", "ENGTYPE_3": "Commune", "CC_3": "NA", "HASC_3": "IT.LU.ST"}, "geometry": {"type": "MultiPolygon", "coordinates": [[[[10.3566, 43.9764], [10.3398, 43.975], [10.3149, 43.968], [10.302, 43.9625], [10.2821, 43.9586], [10.2777, 43.9595], [10.2807, 43.9621], [10.2808, 43.9641], [10.2763, 43.9619], [10.2749, 43.9663], [10.271, 43.9673], [10.2396, 43.9899], [10.2382, 43.9957], [10.2598, 43.9969], [10.2668, 44.0009], [10.2594, 44.0173], [10.253, 44.0272], [10.2526, 44.0306], [10.254, 44.0331], [10.2654, 44.0405], [10.2653, 44.0553], [10.2629, 44.0583], [10.2525, 44.0591], [10.2413, 44.0651], [10.2401, 44.0726], [10.2422, 44.0786], [10.2596, 44.0726], [10.281, 44.0681], [10.2872, 44.0681], [10.2917, 44.0636], [10.3023, 44.0618], [10.3101, 44.0617], [10.3248, 44.069], [10.3302, 44.068], [10.3264, 44.0572], [10.3167, 44.0521], [10.3166, 44.0488], [10.325, 44.0354], [10.3516, 44.0231], [10.359, 44.018], [10.3703, 44.0081], [10.3769, 43.9955], [10.3678, 43.9946], [10.3518, 43.9873], [10.3502, 43.9833], [10.3566, 43.9764]]]]}}, {"type": "Feature", "properties": {"GID_3": "ITA.16.5.31_1", "GID_0": "ITA", "COUNTRY": "Italy", "GID_1": "ITA.16_1", "NAME_1": "Toscana", "NL_NAME_1": "NA", "GID_2": "ITA.16.5_1", "NAME_2": "Lucca", "NL_NAME_2": "NA", "NAME_3": "VagliSotto", "VARNAME_3": "NA", "NL_NAME_3": "NA", "TYPE_3": "Commune", "ENGTYPE_3": "Commune", "CC_3": "NA", "HASC_3": "IT.LU.VS"}, "geometry": {"type": "MultiPolygon", "coordinates": [[[[10.2793, 44.1469], [10.2937, 44.1489], [10.2993, 44.1518], [10.3138, 44.1433], [10.3153, 44.1329], [10.3084, 44.1306], [10.3045, 44.1238], [10.312, 44.1013], [10.3114, 44.09], [10.2989, 44.0807], [10.291, 44.0774], [10.2884, 44.078], [10.2863, 44.0715], [10.2872, 44.0681], [10.281, 44.0681], [10.2596, 44.0726], [10.2422, 44.0786], [10.2435, 44.0879], [10.2341, 44.109], [10.2283, 44.1115], [10.2398, 44.1246], [10.2406, 44.1279], [10.2538, 44.133], [10.2623, 44.1332], [10.2793, 44.1469]]]]}}, {"type": "Feature", "properties": {"GID_3": "ITA.16.5.32_1", "GID_0": "ITA", "COUNTRY": "Italy", "GID_1": "ITA.16_1", "NAME_1": "Toscana", "NL_NAME_1": "NA", "GID_2": "ITA.16.5_1", "NAME_2": "Lucca", "NL_NAME_2": "NA", "NAME_3": "Vergemoli", "VARNAME_3": "NA", "NL_NAME_3": "NA", "TYPE_3": "Commune", "ENGTYPE_3": "Commune", "CC_3": "NA", "HASC_3": "IT.LU.VE"}, "geometry": {"type": "MultiPolygon", "coordinates": [[[[10.4074, 44.0025], [10.4126, 44.0038], [10.4101, 44.0094], [10.3979, 44.0095], [10.3965, 44.0068], [10.3991, 44.0021], [10.3766, 43.9952], [10.3703, 44.0081], [10.359, 44.018], [10.3516, 44.0231], [10.325, 44.0354], [10.3543, 44.0451], [10.363, 44.0515], [10.3651, 44.0594], [10.3733, 44.0639], [10.3907, 44.0614], [10.4141, 44.0636], [10.4166, 44.0614], [10.4173, 44.0577], [10.415, 44.0541], [10.4078, 44.0508], [10.3979, 44.0512], [10.3925, 44.0492], [10.3877, 44.0432], [10.4005, 44.0258], [10.4146, 44.0146], [10.422, 44.0022], [10.4202, 43.9977], [10.4166, 43.9965], [10.4074, 44.0025]]]]}}, {"type": "Feature", "properties": {"GID_3": "ITA.16.5.33_1", "GID_0": "ITA", "COUNTRY": "Italy", "GID_1": "ITA.16_1", "NAME_1": "Toscana", "NL_NAME_1": "NA", "GID_2": "ITA.16.5_1", "NAME_2": "Lucca", "NL_NAME_2": "NA", "NAME_3": "Viareggio", "VARNAME_3": "NA", "NL_NAME_3": "NA", "TYPE_3": "Commune", "ENGTYPE_3": "Commune", "CC_3": "NA", "HASC_3": "IT.LU.VI"}, "geometry": {"type": "MultiPolygon", "coordinates": [[[[10.2284, 43.8887], [10.24, 43.8936], [10.2618, 43.8974], [10.3122, 43.8377], [10.3114, 43.835], [10.3081, 43.8304], [10.2922, 43.8243], [10.259, 43.8167], [10.2601, 43.8176], [10.2582, 43.8196], [10.259, 43.8218], [10.251, 43.8399], [10.2424, 43.8537], [10.236, 43.8579], [10.2418, 43.8615], [10.2415, 43.8699], [10.2284, 43.8887]]]]}}, {"type": "Feature", "properties": {"GID_3": "ITA.16.5.34_1", "GID_0": "ITA", "COUNTRY": "Italy", "GID_1": "ITA.16_1", "NAME_1": "Toscana", "NL_NAME_1": "NA", "GID_2": "ITA.16.5_1", "NAME_2": "Lucca", "NL_NAME_2": "NA", "NAME_3": "VillaBasilica", "VARNAME_3": "NA", "NL_NAME_3": "NA", "TYPE_3": "Commune", "ENGTYPE_3": "Commune", "CC_3": "NA", "HASC_3": "IT.LU.VB"}, "geometry": {"type": "MultiPolygon", "coordinates": [[[[10.5925, 43.9547], [10.6031, 43.9578], [10.6225, 43.977], [10.6365, 43.9833], [10.6629, 43.9867], [10.6716, 43.9872], [10.676, 43.9859], [10.6723, 43.9821], [10.6726, 43.9534], [10.6618, 43.9229], [10.6589, 43.917], [10.6491, 43.9121], [10.6174, 43.9188], [10.616, 43.9225], [10.6188, 43.9257], [10.6133, 43.9322], [10.5987, 43.9334], [10.5925, 43.9547]]]]}}, {"type": "Feature", "properties": {"GID_3": "ITA.16.5.35_1", "GID_0": "ITA", "COUNTRY": "Italy", "GID_1": "ITA.16_1", "NAME_1": "Toscana", "NL_NAME_1": "NA", "GID_2": "ITA.16.5_1", "NAME_2": "Lucca", "NL_NAME_2": "NA", "NAME_3": "VillaCollemandina", "VARNAME_3": "NA", "NL_NAME_3": "NA", "TYPE_3": "Commune", "ENGTYPE_3": "Commune", "CC_3": "NA", "HASC_3": "IT.LU.VC"}, "geometry": {"type": "MultiPolygon", "coordinates": [[[[10.415, 44.2368], [10.4315, 44.228], [10.4367, 44.2272], [10.4346, 44.2229], [10.4354, 44.2157], [10.433, 44.2026], [10.4131, 44.1854], [10.4074, 44.1691], [10.4051, 44.1571], [10.3964, 44.1525], [10.3862, 44.1535], [10.3837, 44.1504], [10.3797, 44.1499], [10.3801, 44.1573], [10.3758, 44.1639], [10.3689, 44.1686], [10.3616, 44.1778], [10.36, 44.1927], [10.3689, 44.2127], [10.3777, 44.2149], [10.4025, 44.2262], [10.4068, 44.2328], [10.415, 44.2368]]]]}}, {"type": "Feature", "properties": {"GID_3": "ITA.16.6.1_1", "GID_0": "ITA", "COUNTRY": "Italy", "GID_1": "ITA.16_1", "NAME_1": "Toscana", "NL_NAME_1": "NA", "GID_2": "ITA.16.6_1", "NAME_2": "MassaCarrara", "NL_NAME_2": "NA", "NAME_3": "Aulla", "VARNAME_3": "NA", "NL_NAME_3": "NA", "TYPE_3": "Commune", "ENGTYPE_3": "Commune", "CC_3": "NA", "HASC_3": "IT.MS.AU"}, "geometry": {"type": "MultiPolygon", "coordinates": [[[[9.8989, 44.1646], [9.8934, 44.169], [9.9116, 44.1811], [9.9291, 44.1966], [9.935, 44.1976], [9.9393, 44.1949], [9.9483, 44.1957], [9.9613, 44.2015], [9.9666, 44.2055], [9.9643, 44.2202], [9.9698, 44.2238], [9.9908, 44.2273], [9.9903, 44.2333], [10.0198, 44.2454], [10.0355, 44.2477], [10.036, 44.2441], [10.0524, 44.2523], [10.0613, 44.2496], [10.0628, 44.2476], [10.064, 44.2379], [10.0629, 44.229], [10.0607, 44.2245], [10.0563, 44.2199], [10.047, 44.2212], [10.0394, 44.2199], [10.0346, 44.2109], [10.0339, 44.2062], [10.0383, 44.2015], [10.0346, 44.1877], [10.0347, 44.1745], [10.0252, 44.1731], [10.0257, 44.1773], [10.0176, 44.1816], [10.0103, 44.1819], [10.0046, 44.1798], [9.9922, 44.1696], [9.9831, 44.1654], [9.9767, 44.1651], [9.975, 44.1679], [9.9675, 44.1704], [9.9601, 44.1677], [9.952, 44.1678], [9.9227, 44.1711], [9.9076, 44.1681], [9.8989, 44.1646]]]]}}, {"type": "Feature", "properties": {"GID_3": "ITA.16.6.2_1", "GID_0": "ITA", "COUNTRY": "Italy", "GID_1": "ITA.16_1", "NAME_1": "Toscana", "NL_NAME_1": "NA", "GID_2": "ITA.16.6_1", "NAME_2": "MassaCarrara", "NL_NAME_2": "NA", "NAME_3": "Bagnone", "VARNAME_3": "NA", "NL_NAME_3": "NA", "TYPE_3": "Commune", "ENGTYPE_3": "Commune", "CC_3": "NA", "HASC_3": "IT.MS.BA"}, "geometry": {"type": "MultiPolygon", "coordinates": [[[[10.0175, 44.3879], [10.0227, 44.3839], [10.0434, 44.375], [10.0581, 44.3725], [10.0791, 44.3577], [10.0708, 44.3476], [10.069, 44.3407], [10.0701, 44.3365], [10.0637, 44.3254], [10.0535, 44.3207], [10.0543, 44.3115], [10.058, 44.3026], [10.0464, 44.2934], [10.0356, 44.2894], [10.009, 44.2674], [10.0011, 44.264], [9.9946, 44.271], [9.9965, 44.2759], [9.9923, 44.2778], [9.9796, 44.2783], [9.9791, 44.2945], [9.9825, 44.3094], [9.9768, 44.3115], [9.9679, 44.3197], [9.9725, 44.3381], [9.9765, 44.3409], [9.9686, 44.349], [9.9734, 44.3524], [9.9913, 44.3742], [10.01, 44.3818], [10.0175, 44.3879]]]]}}, {"type": "Feature", "properties": {"GID_3": "ITA.16.6.3_1", "GID_0": "ITA", "COUNTRY": "Italy", "GID_1": "ITA.16_1", "NAME_1": "Toscana", "NL_NAME_1": "NA", "GID_2": "ITA.16.6_1", "NAME_2": "MassaCarrara", "NL_NAME_2": "NA", "NAME_3": "Carrara", "VARNAME_3": "NA", "NL_NAME_3": "NA", "TYPE_3": "Commune", "ENGTYPE_3": "Commune", "CC_3": "NA", "HASC_3": "IT.MS.CA"}, "geometry": {"type": "MultiPolygon", "coordinates": [[[[10.0277, 44.0576], [10.0455, 44.0715], [10.0491, 44.0723], [10.0632, 44.0811], [10.0719, 44.094], [10.0703, 44.099], [10.0592, 44.109], [10.0515, 44.1115], [10.0488, 44.1149], [10.0504, 44.12], [10.0587, 44.1281], [10.0741, 44.1296], [10.0788, 44.1254], [10.0968, 44.1262], [10.1041, 44.122], [10.1076, 44.122], [10.1162, 44.1257], [10.125, 44.1251], [10.1378, 44.1197], [10.1506, 44.1087], [10.1604, 44.1123], [10.1618, 44.1067], [10.1716, 44.0974], [10.171, 44.0914], [10.1682, 44.0881], [10.1446, 44.0692], [10.1261, 44.0606], [10.1139, 44.0661], [10.1082, 44.0651], [10.1083, 44.0585], [10.1057, 44.0545], [10.0872, 44.0414], [10.0755, 44.0387], [10.0651, 44.034], [10.0607, 44.0285], [10.0471, 44.0335], [10.0443, 44.0299], [10.0418, 44.0293], [10.0443, 44.0343], [10.0374, 44.0346], [10.0365, 44.0329], [10.0396, 44.0301], [10.0407, 44.0282], [10.0404, 44.0276], [10.0346, 44.0318], [10.036, 44.036], [10.031, 44.0379], [10.0254, 44.0426], [10.0192, 44.0446], [10.0277, 44.0576]]]]}}, {"type": "Feature", "properties": {"GID_3": "ITA.16.6.4_1", "GID_0": "ITA", "COUNTRY": "Italy", "GID_1": "ITA.16_1", "NAME_1": "Toscana", "NL_NAME_1": "NA", "GID_2": "ITA.16.6_1", "NAME_2": "MassaCarrara", "NL_NAME_2": "NA", "NAME_3": "CasolaInLunigiana", "VARNAME_3": "NA", "NL_NAME_3": "NA", "TYPE_3": "Commune", "ENGTYPE_3": "Commune", "CC_3": "NA", "HASC_3": "IT.MS.CI"}, "geometry": {"type": "MultiPolygon", "coordinates": [[[[10.2481, 44.2545], [10.2318, 44.2293], [10.2121, 44.217], [10.1966, 44.2128], [10.1878, 44.2072], [10.1928, 44.1869], [10.1975, 44.1793], [10.1971, 44.1617], [10.1895, 44.1529], [10.1889, 44.1447], [10.1871, 44.1418], [10.184, 44.1408], [10.1674, 44.162], [10.1551, 44.17], [10.1518, 44.1698], [10.1485, 44.172], [10.135, 44.1908], [10.1303, 44.1943], [10.1407, 44.2017], [10.1485, 44.2103], [10.1627, 44.2311], [10.1764, 44.239], [10.1857, 44.2405], [10.201, 44.2399], [10.226, 44.2473], [10.2372, 44.2563], [10.2435, 44.2571], [10.2481, 44.2545]]]]}}, {"type": "Feature", "properties": {"GID_3": "ITA.16.6.5_1", "GID_0": "ITA", "COUNTRY": "Italy", "GID_1": "ITA.16_1", "NAME_1": "Toscana", "NL_NAME_1": "NA", "GID_2": "ITA.16.6_1", "NAME_2": "MassaCarrara", "NL_NAME_2": "NA", "NAME_3": "Comano", "VARNAME_3": "NA", "NL_NAME_3": "NA", "TYPE_3": "Commune", "ENGTYPE_3": "Commune", "CC_3": "NA", "HASC_3": "IT.MS.CO"}, "geometry": {"type": "MultiPolygon", "coordinates": [[[[10.1027, 44.3494], [10.1208, 44.3543], [10.143, 44.3548], [10.163, 44.3444], [10.165, 44.3411], [10.1639, 44.3376], [10.1689, 44.3309], [10.1814, 44.3234], [10.1882, 44.3221], [10.1881, 44.3193], [10.1906, 44.3153], [10.1963, 44.3169], [10.2043, 44.3112], [10.1991, 44.3073], [10.1964, 44.3006], [10.1574, 44.2849], [10.1428, 44.2802], [10.1305, 44.2807], [10.1156, 44.2781], [10.095, 44.2697], [10.0889, 44.27], [10.0851, 44.2751], [10.0841, 44.2845], [10.0746, 44.2992], [10.0747, 44.3011], [10.0895, 44.3107], [10.123, 44.3418], [10.1227, 44.3439], [10.119, 44.3465], [10.1027, 44.3494]]]]}}, {"type": "Feature", "properties": {"GID_3": "ITA.16.6.6_1", "GID_0": "ITA", "COUNTRY": "Italy", "GID_1": "ITA.16_1", "NAME_1": "Toscana", "NL_NAME_1": "NA", "GID_2": "ITA.16.6_1", "NAME_2": "MassaCarrara", "NL_NAME_2": "NA", "NAME_3": "Filattiera", "VARNAME_3": "NA", "NL_NAME_3": "NA", "TYPE_3": "Commune", "ENGTYPE_3": "Commune", "CC_3": "NA", "HASC_3": "IT.MS.FL"}, "geometry": {"type": "MultiPolygon", "coordinates": [[[[9.9903, 44.4053], [9.995, 44.4027], [9.9977, 44.3981], [10.0175, 44.3879], [10.01, 44.3818], [9.9913, 44.3742], [9.9734, 44.3524], [9.9607, 44.3444], [9.9538, 44.343], [9.951, 44.3409], [9.9482, 44.3341], [9.9473, 44.3238], [9.9498, 44.3192], [9.946, 44.3156], [9.9426, 44.3148], [9.9176, 44.3278], [9.9094, 44.3381], [9.9084, 44.3462], [9.9005, 44.3582], [9.905, 44.3817], [9.9285, 44.3935], [9.9714, 44.4046], [9.9903, 44.4053]]]]}}, {"type": "Feature", "properties": {"GID_3": "ITA.16.6.7_1", "GID_0": "ITA", "COUNTRY": "Italy", "GID_1": "ITA.16_1", "NAME_1": "Toscana", "NL_NAME_1": "NA", "GID_2": "ITA.16.6_1", "NAME_2": "MassaCarrara", "NL_NAME_2": "NA", "NAME_3": "Fivizzano", "VARNAME_3": "NA", "NL_NAME_3": "NA", "TYPE_3": "Commune", "ENGTYPE_3": "Commune", "CC_3": "NA", "HASC_3": "IT.MS.FV"}, "geometry": {"type": "MultiPolygon", "coordinates": [[[[10.2043, 44.3112], [10.2099, 44.3029], [10.2192, 44.3056], [10.2273, 44.3009], [10.2381, 44.2826], [10.2549, 44.2695], [10.2566, 44.2587], [10.2481, 44.2545], [10.2435, 44.2571], [10.2364, 44.256], [10.226, 44.2473], [10.201, 44.2399], [10.1857, 44.2405], [10.1764, 44.239], [10.1627, 44.2311], [10.1485, 44.2103], [10.1407, 44.2017], [10.1303, 44.1948], [10.135, 44.1908], [10.1485, 44.172], [10.1518, 44.1698], [10.1551, 44.17], [10.1674, 44.162], [10.1856, 44.1392], [10.1875, 44.1247], [10.1903, 44.1231], [10.1884, 44.1211], [10.1807, 44.1162], [10.1663, 44.1179], [10.1603, 44.1165], [10.16, 44.112], [10.1506, 44.1087], [10.1378, 44.1197], [10.125, 44.1251], [10.1162, 44.1257], [10.1076, 44.122], [10.1031, 44.122], [10.0974, 44.1255], [10.096, 44.1289], [10.0834, 44.1388], [10.0847, 44.1478], [10.0764, 44.1576], [10.0791, 44.1647], [10.0773, 44.1681], [10.0645, 44.1704], [10.0583, 44.162], [10.0545, 44.1587], [10.0513, 44.158], [10.0491, 44.1688], [10.0406, 44.1736], [10.0347, 44.1745], [10.0346, 44.1877], [10.0383, 44.2015], [10.0337, 44.2069], [10.0368, 44.2157], [10.0394, 44.2199], [10.047, 44.2212], [10.0563, 44.2199], [10.0628, 44.2288], [10.0638, 44.2434], [10.0613, 44.2496], [10.055, 44.2514], [10.0579, 44.2543], [10.0855, 44.2579], [10.085, 44.2617], [10.0883, 44.2697], [10.095, 44.2697], [10.1143, 44.2778], [10.1273, 44.2804], [10.1428, 44.2802], [10.1574, 44.2849], [10.1964, 44.3006], [10.1991, 44.3073], [10.2043, 44.3112]]]]}}, {"type": "Feature", "properties": {"GID_3": "ITA.16.6.8_1", "GID_0": "ITA", "COUNTRY": "Italy", "GID_1": "ITA.16_1", "NAME_1": "Toscana", "NL_NAME_1": "NA", "GID_2": "ITA.16.6_1", "NAME_2": "MassaCarrara", "NL_NAME_2": "NA", "NAME_3": "Fosdinovo", "VARNAME_3": "NA", "NL_NAME_3": "NA", "TYPE_3": "Commune", "ENGTYPE_3": "Commune", "CC_3": "NA", "HASC_3": "IT.MS.FO"}, "geometry": {"type": "MultiPolygon", "coordinates": [[[[10.0472, 44.1164], [10.0328, 44.1196], [10.0203, 44.1201], [10.004, 44.1096], [9.9943, 44.0936], [9.989, 44.0967], [9.9836, 44.1012], [9.9951, 44.1067], [9.9962, 44.1198], [9.9846, 44.1257], [9.9774, 44.1405], [9.9775, 44.1538], [9.9802, 44.1618], [9.9767, 44.1651], [9.9865, 44.1667], [9.9922, 44.1696], [10.0046, 44.1798], [10.0103, 44.1819], [10.0176, 44.1816], [10.0257, 44.1773], [10.0252, 44.1731], [10.0347, 44.1745], [10.0406, 44.1736], [10.0474, 44.1699], [10.0495, 44.1682], [10.0488, 44.1655], [10.0513, 44.158], [10.0545, 44.1587], [10.0583, 44.162], [10.0645, 44.1704], [10.0773, 44.1681], [10.0791, 44.1647], [10.0764, 44.1576], [10.0847, 44.1478], [10.0834, 44.1388], [10.096, 44.1289], [10.0968, 44.1262], [10.0812, 44.125], [10.0741, 44.1296], [10.0587, 44.1281], [10.0504, 44.12], [10.0484, 44.1161], [10.0472, 44.1164]]]]}}, {"type": "Feature", "properties": {"GID_3": "ITA.16.6.9_1", "GID_0": "ITA", "COUNTRY": "Italy", "GID_1": "ITA.16_1", "NAME_1": "Toscana", "NL_NAME_1": "NA", "GID_2": "ITA.16.6_1", "NAME_2": "MassaCarrara", "NL_NAME_2": "NA", "NAME_3": "LiccianaNardi", "VARNAME_3": "NA", "NL_NAME_3": "NA", "TYPE_3": "Commune", "ENGTYPE_3": "Commune", "CC_3": "NA", "HASC_3": "IT.MS.LN"}, "geometry": {"type": "MultiPolygon", "coordinates": [[[[10.0791, 44.3577], [10.0818, 44.3581], [10.093, 44.3533], [10.0993, 44.3472], [10.1027, 44.3494], [10.117, 44.347], [10.123, 44.3432], [10.1221, 44.3402], [10.1163, 44.3343], [10.0895, 44.3107], [10.0747, 44.3011], [10.0746, 44.2992], [10.0841, 44.2845], [10.0851, 44.2751], [10.0889, 44.27], [10.0852, 44.2624], [10.0855, 44.2579], [10.0585, 44.2545], [10.055, 44.2514], [10.0524, 44.2523], [10.036, 44.2441], [10.0355, 44.2477], [10.0198, 44.2454], [9.9903, 44.2333], [9.9908, 44.2273], [9.9729, 44.2249], [9.9643, 44.2202], [9.9557, 44.2292], [9.9573, 44.2444], [9.9718, 44.2438], [9.9757, 44.2449], [9.9964, 44.2611], [10.009, 44.2674], [10.0356, 44.2894], [10.0464, 44.2934], [10.058, 44.3026], [10.0543, 44.3115], [10.0535, 44.3207], [10.0637, 44.3254], [10.0701, 44.3365], [10.069, 44.3407], [10.0708, 44.3476], [10.0791, 44.3577]]]]}}, {"type": "Feature", "properties": {"GID_3": "ITA.16.6.10_1", "GID_0": "ITA", "COUNTRY": "Italy", "GID_1": "ITA.16_1", "NAME_1": "Toscana", "NL_NAME_1": "NA", "GID_2": "ITA.16.6_1", "NAME_2": "MassaCarrara", "NL_NAME_2": "NA", "NAME_3": "Massa", "VARNAME_3": "NA", "NL_NAME_3": "NA", "TYPE_3": "Commune", "ENGTYPE_3": "Commune", "CC_3": "NA", "HASC_3": "IT.MS.MA"}, "geometry": {"type": "MultiPolygon", "coordinates": [[[[10.1903, 44.1231], [10.2022, 44.1199], [10.2147, 44.1196], [10.2336, 44.1096], [10.2442, 44.0856], [10.2425, 44.0845], [10.2422, 44.0786], [10.2401, 44.0726], [10.2296, 44.0679], [10.2229, 44.0589], [10.2249, 44.0525], [10.2097, 44.0426], [10.203, 44.036], [10.1926, 44.0359], [10.1885, 44.0399], [10.1855, 44.0402], [10.1661, 44.0334], [10.1509, 44.0144], [10.1484, 44.0093], [10.1501, 43.998], [10.1547, 43.9953], [10.1516, 43.9894], [10.141, 43.9827], [10.136, 43.9813], [10.1162, 43.9974], [10.1071, 44.0015], [10.0929, 44.0118], [10.0721, 44.0229], [10.0701, 44.0254], [10.0607, 44.0282], [10.0651, 44.034], [10.0755, 44.0387], [10.0872, 44.0414], [10.1057, 44.0545], [10.1083, 44.0585], [10.1082, 44.0651], [10.1139, 44.0661], [10.1261, 44.0606], [10.1446, 44.0692], [10.171, 44.0914], [10.1716, 44.0974], [10.1618, 44.1067], [10.1602, 44.11], [10.1603, 44.1165], [10.1663, 44.1179], [10.1807, 44.1162], [10.1903, 44.1231]]]]}}, {"type": "Feature", "properties": {"GID_3": "ITA.16.6.11_1", "GID_0": "ITA", "COUNTRY": "Italy", "GID_1": "ITA.16_1", "NAME_1": "Toscana", "NL_NAME_1": "NA", "GID_2": "ITA.16.6_1", "NAME_2": "MassaCarrara", "NL_NAME_2": "NA", "NAME_3": "Montignoso", "VARNAME_3": "NA", "NL_NAME_3": "NA", "TYPE_3": "Commune", "ENGTYPE_3": "Commune", "CC_3": "NA", "HASC_3": "IT.MS.MO"}, "geometry": {"type": "MultiPolygon", "coordinates": [[[[10.1679, 43.9833], [10.144, 43.9765], [10.1371, 43.9807], [10.1516, 43.9894], [10.1546, 43.9945], [10.1499, 43.9985], [10.1483, 44.0086], [10.1501, 44.0134], [10.1661, 44.0334], [10.1855, 44.0402], [10.1885, 44.0399], [10.1926, 44.0359], [10.203, 44.036], [10.2074, 44.0302], [10.2066, 44.025], [10.1988, 44.0187], [10.1878, 44.0144], [10.1746, 43.9884], [10.1679, 43.9833]]]]}}, {"type": "Feature", "properties": {"GID_3": "ITA.16.6.12_1", "GID_0": "ITA", "COUNTRY": "Italy", "GID_1": "ITA.16_1", "NAME_1": "Toscana", "NL_NAME_1": "NA", "GID_2": "ITA.16.6_1", "NAME_2": "MassaCarrara", "NL_NAME_2": "NA", "NAME_3": "Mulazzo", "VARNAME_3": "NA", "NL_NAME_3": "NA", "TYPE_3": "Commune", "ENGTYPE_3": "Commune", "CC_3": "NA", "HASC_3": "IT.MS.MU"}, "geometry": {"type": "MultiPolygon", "coordinates": [[[[9.8555, 44.269], [9.8364, 44.2798], [9.8229, 44.2822], [9.8158, 44.2872], [9.8221, 44.2934], [9.8152, 44.2981], [9.8152, 44.3111], [9.8299, 44.3229], [9.8454, 44.3247], [9.8561, 44.3304], [9.8606, 44.3352], [9.8851, 44.341], [9.8977, 44.3377], [9.9088, 44.3393], [9.9176, 44.3278], [9.9426, 44.3148], [9.9418, 44.3041], [9.9431, 44.2968], [9.9537, 44.276], [9.9537, 44.2607], [9.9478, 44.2533], [9.9443, 44.254], [9.9426, 44.2551], [9.9467, 44.2631], [9.9376, 44.2702], [9.9195, 44.277], [9.8996, 44.2736], [9.8793, 44.281], [9.8628, 44.2744], [9.8555, 44.269]]]]}}, {"type": "Feature", "properties": {"GID_3": "ITA.16.6.13_1", "GID_0": "ITA", "COUNTRY": "Italy", "GID_1": "ITA.16_1", "NAME_1": "Toscana", "NL_NAME_1": "NA", "GID_2": "ITA.16.6_1", "NAME_2": "MassaCarrara", "NL_NAME_2": "NA", "NAME_3": "Podenzana", "VARNAME_3": "NA", "NL_NAME_3": "NA", "TYPE_3": "Commune", "ENGTYPE_3": "Commune", "CC_3": "NA", "HASC_3": "IT.MS.PD"}, "geometry": {"type": "MultiPolygon", "coordinates": [[[[9.8914, 44.2078], [9.8743, 44.1961], [9.8715, 44.1868], [9.866, 44.1817], [9.8586, 44.1945], [9.8709, 44.2176], [9.8764, 44.2249], [9.8852, 44.221], [9.8922, 44.2088], [9.8914, 44.2078]]], [[[9.9283, 44.2004], [9.9155, 44.2006], [9.9105, 44.2051], [9.9095, 44.2107], [9.938, 44.2262], [9.9526, 44.2305], [9.9544, 44.2303], [9.9643, 44.2202], [9.9672, 44.2073], [9.9613, 44.2015], [9.9483, 44.1957], [9.9393, 44.1949], [9.9283, 44.2004]]]]}}, {"type": "Feature", "properties": {"GID_3": "ITA.16.6.14_1", "GID_0": "ITA", "COUNTRY": "Italy", "GID_1": "ITA.16_1", "NAME_1": "Toscana", "NL_NAME_1": "NA", "GID_2": "ITA.16.6_1", "NAME_2": "MassaCarrara", "NL_NAME_2": "NA", "NAME_3": "Pontremoli", "VARNAME_3": "NA", "NL_NAME_3": "NA", "TYPE_3": "Commune", "ENGTYPE_3": "Commune", "CC_3": "NA", "HASC_3": "IT.MS.PN"}, "geometry": {"type": "MultiPolygon", "coordinates": [[[[9.7615, 44.391], [9.7563, 44.3934], [9.7544, 44.3984], [9.7539, 44.4018], [9.7575, 44.4071], [9.7641, 44.4091], [9.7822, 44.4259], [9.7915, 44.4379], [9.8113, 44.4519], [9.8171, 44.4632], [9.821, 44.4674], [9.8287, 44.4692], [9.8634, 44.4722], [9.8722, 44.4704], [9.8864, 44.4707], [9.901, 44.4737], [9.9103, 44.4689], [9.9253, 44.4733], [9.958, 44.4683], [9.9717, 44.4654], [9.9708, 44.4588], [9.9725, 44.4531], [9.9817, 44.446], [9.998, 44.4474], [10.002, 44.4442], [10.0081, 44.4323], [10.0031, 44.422], [9.9936, 44.4132], [9.9903, 44.4053], [9.9714, 44.4046], [9.9285, 44.3935], [9.905, 44.3817], [9.9005, 44.3582], [9.9084, 44.3462], [9.9088, 44.3393], [9.9013, 44.3376], [9.8851, 44.341], [9.8784, 44.34], [9.8603, 44.335], [9.8561, 44.3304], [9.8446, 44.3245], [9.8299, 44.3229], [9.8206, 44.3382], [9.82, 44.3448], [9.8248, 44.3632], [9.837, 44.3705], [9.8466, 44.3678], [9.8504, 44.3686], [9.851, 44.3796], [9.8476, 44.383], [9.8296, 44.3787], [9.8067, 44.3783], [9.7921, 44.3816], [9.7795, 44.3812], [9.7615, 44.391]]]]}}, {"type": "Feature", "properties": {"GID_3": "ITA.16.6.15_1", "GID_0": "ITA", "COUNTRY": "Italy", "GID_1": "ITA.16_1", "NAME_1": "Toscana", "NL_NAME_1": "NA", "GID_2": "ITA.16.6_1", "NAME_2": "MassaCarrara", "NL_NAME_2": "NA", "NAME_3": "Tresana", "VARNAME_3": "NA", "NL_NAME_3": "NA", "TYPE_3": "Commune", "ENGTYPE_3": "Commune", "CC_3": "NA", "HASC_3": "IT.MS.TR"}, "geometry": {"type": "MultiPolygon", "coordinates": [[[[9.9095, 44.2107], [9.8922, 44.2088], [9.8844, 44.2218], [9.8675, 44.2288], [9.86, 44.2384], [9.8621, 44.2522], [9.8573, 44.2583], [9.8555, 44.269], [9.8628, 44.2744], [9.8793, 44.281], [9.8892, 44.2782], [9.893, 44.275], [9.9009, 44.2734], [9.9147, 44.2771], [9.9202, 44.2769], [9.9396, 44.2693], [9.9467, 44.2631], [9.9426, 44.2548], [9.9478, 44.2533], [9.9573, 44.2444], [9.9557, 44.2292], [9.9526, 44.2305], [9.938, 44.2262], [9.9095, 44.2107]]]]}}, {"type": "Feature", "properties": {"GID_3": "ITA.16.6.16_1", "GID_0": "ITA", "COUNTRY": "Italy", "GID_1": "ITA.16_1", "NAME_1": "Toscana", "NL_NAME_1": "NA", "GID_2": "ITA.16.6_1", "NAME_2": "MassaCarrara", "NL_NAME_2": "NA", "NAME_3": "VillafrancaInLunigiana", "VARNAME_3": "NA", "NL_NAME_3": "NA", "TYPE_3": "Commune", "ENGTYPE_3": "Commune", "CC_3": "NA", "HASC_3": "IT.MS.VI"}, "geometry": {"type": "MultiPolygon", "coordinates": [[[[9.9686, 44.349], [9.9765, 44.3409], [9.9725, 44.3381], [9.9679, 44.3197], [9.9768, 44.3115], [9.9825, 44.3094], [9.9791, 44.2945], [9.9796, 44.2783], [9.9923, 44.2778], [9.9965, 44.2759], [9.9946, 44.271], [10.0011, 44.264], [9.9762, 44.2452], [9.9718, 44.2438], [9.9573, 44.2444], [9.9478, 44.2533], [9.9537, 44.2607], [9.9537, 44.276], [9.9443, 44.2936], [9.9418, 44.3041], [9.9426, 44.3148], [9.946, 44.3156], [9.9498, 44.3192], [9.9473, 44.3238], [9.9482, 44.3341], [9.951, 44.3409], [9.9686, 44.349]]]]}}, {"type": "Feature", "properties": {"GID_3": "ITA.16.6.17_1", "GID_0": "ITA", "COUNTRY": "Italy", "GID_1": "ITA.16_1", "NAME_1": "Toscana", "NL_NAME_1": "NA", "GID_2": "ITA.16.6_1", "NAME_2": "MassaCarrara", "NL_NAME_2": "NA", "NAME_3": "Zeri", "VARNAME_3": "NA", "NL_NAME_3": "NA", "TYPE_3": "Commune", "ENGTYPE_3": "Commune", "CC_3": "NA", "HASC_3": "IT.MS.ZE"}, "geometry": {"type": "MultiPolygon", "coordinates": [[[[9.6877, 44.3669], [9.691, 44.3701], [9.7179, 44.3841], [9.7265, 44.3831], [9.7331, 44.3803], [9.7438, 44.3813], [9.7454, 44.3824], [9.7449, 44.3904], [9.7615, 44.391], [9.7795, 44.3812], [9.7921, 44.3816], [9.8067, 44.3783], [9.8296, 44.3787], [9.847, 44.3835], [9.851, 44.3796], [9.8513, 44.3766], [9.8504, 44.3686], [9.8466, 44.3678], [9.837, 44.3705], [9.8248, 44.3632], [9.82, 44.3453], [9.8205, 44.3388], [9.8299, 44.3229], [9.8152, 44.3111], [9.8152, 44.2981], [9.8217, 44.2944], [9.8214, 44.2916], [9.8141, 44.2857], [9.8072, 44.2836], [9.7653, 44.3084], [9.7608, 44.3177], [9.7541, 44.3237], [9.7434, 44.328], [9.7305, 44.3293], [9.725, 44.3389], [9.7185, 44.3563], [9.7122, 44.3645], [9.7073, 44.3671], [9.6877, 44.3669]]]]}}, {"type": "Feature", "properties": {"GID_3": "ITA.16.7.1_1", "GID_0": "ITA", "COUNTRY": "Italy", "GID_1": "ITA.16_1", "NAME_1": "Toscana", "NL_NAME_1": "NA", "GID_2": "ITA.16.7_1", "NAME_2": "Pisa", "NL_NAME_2": "NA", "NAME_3": "Bientina", "VARNAME_3": "NA", "NL_NAME_3": "NA", "TYPE_3": "Commune", "ENGTYPE_3": "Commune", "CC_3": "NA", "HASC_3": "IT.PI.BI"}, "geometry": {"type": "MultiPolygon", "coordinates": [[[[10.6462, 43.7954], [10.6469, 43.7968], [10.6472, 43.7782], [10.6459, 43.7779], [10.6488, 43.7614], [10.6554, 43.752], [10.6695, 43.7501], [10.669, 43.732], [10.6722, 43.7272], [10.6719, 43.7231], [10.6574, 43.6925], [10.6475, 43.6916], [10.6464, 43.6953], [10.6389, 43.6914], [10.6285, 43.6912], [10.6243, 43.6928], [10.6181, 43.7078], [10.6154, 43.7081], [10.6099, 43.7053], [10.6087, 43.7072], [10.6107, 43.7111], [10.6144, 43.7106], [10.6187, 43.7167], [10.6186, 43.7203], [10.6252, 43.725], [10.6303, 43.7348], [10.6223, 43.7431], [10.6196, 43.757], [10.6239, 43.7576], [10.6375, 43.7755], [10.6462, 43.7954]]]]}}, {"type": "Feature", "properties": {"GID_3": "ITA.16.7.2_1", "GID_0": "ITA", "COUNTRY": "Italy", "GID_1": "ITA.16_1", "NAME_1": "Toscana", "NL_NAME_1": "NA", "GID_2": "ITA.16.7_1", "NAME_2": "Pisa", "NL_NAME_2": "NA", "NAME_3": "Buti", "VARNAME_3": "NA", "NL_NAME_3": "NA", "TYPE_3": "Commune", "ENGTYPE_3": "Commune", "CC_3": "NA", "HASC_3": "IT.PI.BU"}, "geometry": {"type": "MultiPolygon", "coordinates": [[[[10.5556, 43.7501], [10.5634, 43.7549], [10.5976, 43.7626], [10.5998, 43.7598], [10.6107, 43.7561], [10.6196, 43.757], [10.6223, 43.7431], [10.6303, 43.7348], [10.6252, 43.725], [10.6186, 43.7203], [10.6137, 43.7227], [10.5609, 43.7187], [10.5581, 43.7201], [10.5577, 43.7275], [10.5537, 43.7325], [10.5556, 43.7501]]]]}}, {"type": "Feature", "properties": {"GID_3": "ITA.16.7.3_1", "GID_0": "ITA", "COUNTRY": "Italy", "GID_1": "ITA.16_1", "NAME_1": "Toscana", "NL_NAME_1": "NA", "GID_2": "ITA.16.7_1", "NAME_2": "Pisa", "NL_NAME_2": "NA", "NAME_3": "Calci", "VARNAME_3": "NA", "NL_NAME_3": "NA", "TYPE_3": "Commune", "ENGTYPE_3": "Commune", "CC_3": "NA", "HASC_3": "IT.PI.CC"}, "geometry": {"type": "MultiPolygon", "coordinates": [[[[10.5019, 43.7543], [10.5271, 43.7625], [10.5537, 43.7533], [10.5556, 43.7501], [10.5537, 43.7325], [10.5577, 43.7275], [10.5575, 43.7172], [10.5527, 43.7125], [10.5237, 43.7008], [10.5108, 43.7073], [10.5071, 43.7116], [10.5081, 43.7132], [10.4956, 43.7178], [10.4866, 43.7262], [10.4887, 43.7292], [10.5035, 43.7366], [10.506, 43.7447], [10.5019, 43.7543]]]]}}, {"type": "Feature", "properties": {"GID_3": "ITA.16.7.4_1", "GID_0": "ITA", "COUNTRY": "Italy", "GID_1": "ITA.16_1", "NAME_1": "Toscana", "NL_NAME_1": "NA", "GID_2": "ITA.16.7_1", "NAME_2": "Pisa", "NL_NAME_2": "NA", "NAME_3": "Calcinaia", "VARNAME_3": "NA", "NL_NAME_3": "NA", "TYPE_3": "Commune", "ENGTYPE_3": "Commune", "CC_3": "NA", "HASC_3": "IT.PI.CI"}, "geometry": {"type": "MultiPolygon", "coordinates": [[[[10.6142, 43.7072], [10.6183, 43.7075], [10.6243, 43.6928], [10.6285, 43.6912], [10.6389, 43.6914], [10.6464, 43.6953], [10.6478, 43.6818], [10.6411, 43.6783], [10.6368, 43.6715], [10.6244, 43.6704], [10.6203, 43.675], [10.6069, 43.6748], [10.6039, 43.6688], [10.6057, 43.6657], [10.6048, 43.6606], [10.601, 43.656], [10.5985, 43.6609], [10.5905, 43.6659], [10.5724, 43.6704], [10.5695, 43.6758], [10.5741, 43.6768], [10.5797, 43.685], [10.5877, 43.6852], [10.5986, 43.6821], [10.6078, 43.692], [10.61, 43.7017], [10.6142, 43.7072]]]]}}, {"type": "Feature", "properties": {"GID_3": "ITA.16.7.5_1", "GID_0": "ITA", "COUNTRY": "Italy", "GID_1": "ITA.16_1", "NAME_1": "Toscana", "NL_NAME_1": "NA", "GID_2": "ITA.16.7_1", "NAME_2": "Pisa", "NL_NAME_2": "NA", "NAME_3": "Capannoli", "VARNAME_3": "NA", "NL_NAME_3": "NA", "TYPE_3": "Commune", "ENGTYPE_3": "Commune", "CC_3": "NA", "HASC_3": "IT.PI.CP"}, "geometry": {"type": "MultiPolygon", "coordinates": [[[[10.6319, 43.5742], [10.635, 43.5872], [10.6332, 43.5916], [10.6368, 43.5939], [10.6563, 43.5944], [10.6677, 43.606], [10.6679, 43.6138], [10.6608, 43.6137], [10.6624, 43.6164], [10.6725, 43.6163], [10.6759, 43.6126], [10.6804, 43.6109], [10.6851, 43.6125], [10.6981, 43.6026], [10.7006, 43.5973], [10.7224, 43.5815], [10.6925, 43.5823], [10.6892, 43.5784], [10.6902, 43.5733], [10.684, 43.5666], [10.6705, 43.5564], [10.6622, 43.5529], [10.6582, 43.5549], [10.653, 43.5683], [10.6319, 43.5742]]]]}}, {"type": "Feature", "properties": {"GID_3": "ITA.16.7.6_1", "GID_0": "ITA", "COUNTRY": "Italy", "GID_1": "ITA.16_1", "NAME_1": "Toscana", "NL_NAME_1": "NA", "GID_2": "ITA.16.7_1", "NAME_2": "Pisa", "NL_NAME_2": "NA", "NAME_3": "CasaleMarittimo", "VARNAME_3": "NA", "NL_NAME_3": "NA", "TYPE_3": "Commune", "ENGTYPE_3": "Commune", "CC_3": "NA", "HASC_3": "IT.PI.CM"}, "geometry": {"type": "MultiPolygon", "coordinates": [[[[10.6581, 43.2932], [10.6528, 43.2845], [10.6158, 43.2838], [10.5825, 43.2924], [10.5708, 43.2971], [10.5639, 43.3024], [10.5628, 43.3093], [10.6345, 43.3046], [10.6554, 43.2993], [10.6572, 43.2984], [10.6581, 43.2932]]]]}}, {"type": "Feature", "properties": {"GID_3": "ITA.16.7.7_1", "GID_0": "ITA", "COUNTRY": "Italy", "GID_1": "ITA.16_1", "NAME_1": "Toscana", "NL_NAME_1": "NA", "GID_2": "ITA.16.7_1", "NAME_2": "Pisa", "NL_NAME_2": "NA", "NAME_3": "CascianaTerme", "VARNAME_3": "NA", "NL_NAME_3": "NA", "TYPE_3": "Commune", "ENGTYPE_3": "Commune", "CC_3": "NA", "HASC_3": "IT.PI.CT"}, "geometry": {"type": "MultiPolygon", "coordinates": [[[[10.6564, 43.5187], [10.657, 43.5168], [10.6549, 43.5136], [10.6373, 43.5094], [10.629, 43.5049], [10.6137, 43.4936], [10.6121, 43.4871], [10.6047, 43.4857], [10.6024, 43.4838], [10.5974, 43.4902], [10.5993, 43.4971], [10.5779, 43.5034], [10.5702, 43.5031], [10.5592, 43.5076], [10.5553, 43.5128], [10.5456, 43.5183], [10.548, 43.5248], [10.5564, 43.5342], [10.5544, 43.5461], [10.5662, 43.5461], [10.5854, 43.5425], [10.5902, 43.5364], [10.6062, 43.5368], [10.6227, 43.5469], [10.6263, 43.5506], [10.6305, 43.5606], [10.6301, 43.5488], [10.6319, 43.5449], [10.6425, 43.5382], [10.6453, 43.5331], [10.6444, 43.5293], [10.6473, 43.5225], [10.6539, 43.5183], [10.6564, 43.5187]]]]}}, {"type": "Feature", "properties": {"GID_3": "ITA.16.7.8_1", "GID_0": "ITA", "COUNTRY": "Italy", "GID_1": "ITA.16_1", "NAME_1": "Toscana", "NL_NAME_1": "NA", "GID_2": "ITA.16.7_1", "NAME_2": "Pisa", "NL_NAME_2": "NA", "NAME_3": "Cascina", "VARNAME_3": "NA", "NL_NAME_3": "NA", "TYPE_3": "Commune", "ENGTYPE_3": "Commune", "CC_3": "NA", "HASC_3": "IT.PI.CS"}, "geometry": {"type": "MultiPolygon", "coordinates": [[[[10.5099, 43.6302], [10.5029, 43.6297], [10.4895, 43.6334], [10.469, 43.6354], [10.439, 43.6352], [10.4315, 43.6324], [10.4153, 43.6207], [10.4102, 43.6216], [10.4126, 43.6296], [10.4418, 43.6516], [10.4391, 43.6587], [10.4391, 43.665], [10.4427, 43.6743], [10.4564, 43.6948], [10.4568, 43.7018], [10.4486, 43.7043], [10.4467, 43.7086], [10.4468, 43.7174], [10.4497, 43.7206], [10.4554, 43.7228], [10.4612, 43.723], [10.4694, 43.7199], [10.4723, 43.7144], [10.4691, 43.7086], [10.4694, 43.703], [10.4711, 43.7002], [10.4745, 43.6988], [10.4802, 43.6999], [10.4903, 43.7121], [10.4941, 43.7148], [10.4969, 43.7145], [10.5012, 43.7093], [10.5011, 43.7022], [10.5031, 43.6995], [10.509, 43.6965], [10.5251, 43.6926], [10.5308, 43.6836], [10.5375, 43.6826], [10.5558, 43.6849], [10.5623, 43.683], [10.5695, 43.6758], [10.5765, 43.6619], [10.5796, 43.6605], [10.5794, 43.6536], [10.5755, 43.6433], [10.5717, 43.6429], [10.559, 43.6291], [10.5333, 43.632], [10.5099, 43.6302]]]]}}, {"type": "Feature", "properties": {"GID_3": "ITA.16.7.9_1", "GID_0": "ITA", "COUNTRY": "Italy", "GID_1": "ITA.16_1", "NAME_1": "Toscana", "NL_NAME_1": "NA", "GID_2": "ITA.16.7_1", "NAME_2": "Pisa", "NL_NAME_2": "NA", "NAME_3": "CastelfrancoDiSotto", "VARNAME_3": "NA", "NL_NAME_3": "NA", "TYPE_3": "Commune", "ENGTYPE_3": "Commune", "CC_3": "NA", "HASC_3": "IT.PI.CF"}, "geometry": {"type": "MultiPolygon", "coordinates": [[[[10.7121, 43.7873], [10.7199, 43.7747], [10.7363, 43.7572], [10.7415, 43.7537], [10.7508, 43.7512], [10.7553, 43.7466], [10.7512, 43.7405], [10.7484, 43.7317], [10.7529, 43.7187], [10.7669, 43.7028], [10.7701, 43.7013], [10.7643, 43.6939], [10.7315, 43.6963], [10.7254, 43.695], [10.7241, 43.698], [10.7088, 43.7059], [10.7228, 43.7171], [10.7169, 43.734], [10.714, 43.7381], [10.694, 43.7517], [10.6826, 43.7553], [10.6688, 43.7505], [10.6554, 43.752], [10.6488, 43.7614], [10.6459, 43.7779], [10.6472, 43.7782], [10.6469, 43.7968], [10.6616, 43.807], [10.6842, 43.803], [10.6922, 43.803], [10.7121, 43.7873]], [[10.6993, 43.751], [10.703, 43.7527], [10.7257, 43.752], [10.7169, 43.7765], [10.7112, 43.7783], [10.6835, 43.7555], [10.6993, 43.751]]]]}}, {"type": "Feature", "properties": {"GID_3": "ITA.16.7.10_1", "GID_0": "ITA", "COUNTRY": "Italy", "GID_1": "ITA.16_1", "NAME_1": "Toscana", "NL_NAME_1": "NA", "GID_2": "ITA.16.7_1", "NAME_2": "Pisa", "NL_NAME_2": "NA", "NAME_3": "CastellinaMarittima", "VARNAME_3": "NA", "NL_NAME_3": "NA", "TYPE_3": "Commune", "ENGTYPE_3": "Commune", "CC_3": "NA", "HASC_3": "IT.PI.CE"}, "geometry": {"type": "MultiPolygon", "coordinates": [[[[10.5418, 43.3696], [10.5325, 43.3693], [10.5146, 43.3629], [10.5107, 43.363], [10.5011, 43.3876], [10.5017, 43.395], [10.491, 43.4049], [10.5019, 43.414], [10.5029, 43.4208], [10.5159, 43.4227], [10.5262, 43.4198], [10.5372, 43.4216], [10.568, 43.4324], [10.5791, 43.4334], [10.5861, 43.4313], [10.5929, 43.4169], [10.6093, 43.406], [10.6116, 43.4059], [10.6103, 43.4006], [10.6007, 43.4007], [10.5953, 43.3937], [10.5763, 43.38], [10.5555, 43.3721], [10.5418, 43.3696]]]]}}, {"type": "Feature", "properties": {"GID_3": "ITA.16.7.11_1", "GID_0": "ITA", "COUNTRY": "Italy", "GID_1": "ITA.16_1", "NAME_1": "Toscana", "NL_NAME_1": "NA", "GID_2": "ITA.16.7_1", "NAME_2": "Pisa", "NL_NAME_2": "NA", "NAME_3": "CastelnuovoDiValDiCecina", "VARNAME_3": "NA", "NL_NAME_3": "NA", "TYPE_3": "Commune", "ENGTYPE_3": "Commune", "CC_3": "NA", "HASC_3": "IT.PI.CV"}, "geometry": {"type": "MultiPolygon", "coordinates": [[[[10.907, 43.1611], [10.8952, 43.1623], [10.8761, 43.1581], [10.8407, 43.1582], [10.8163, 43.1517], [10.8148, 43.1539], [10.8151, 43.1581], [10.8111, 43.1617], [10.8031, 43.1637], [10.797, 43.1618], [10.8061, 43.1755], [10.8372, 43.2136], [10.8435, 43.2153], [10.8681, 43.2148], [10.883, 43.2161], [10.8893, 43.2189], [10.8875, 43.2285], [10.8884, 43.2311], [10.8923, 43.234], [10.9084, 43.2393], [10.9224, 43.2405], [10.933, 43.2371], [10.9282, 43.2321], [10.9397, 43.228], [10.9431, 43.2169], [10.9425, 43.2053], [10.9404, 43.2012], [10.9329, 43.195], [10.9247, 43.192], [10.9122, 43.1818], [10.9096, 43.1735], [10.9093, 43.1655], [10.9125, 43.1636], [10.9096, 43.1607], [10.907, 43.1611]]], [[[10.9445, 43.2481], [10.9453, 43.2528], [10.9407, 43.2596], [10.9427, 43.2674], [10.9434, 43.2856], [10.9465, 43.2922], [10.9496, 43.2935], [10.9514, 43.2967], [10.953, 43.303], [10.9719, 43.2979], [10.9846, 43.289], [10.9858, 43.28], [10.9986, 43.2661], [10.9923, 43.2477], [10.9947, 43.2427], [10.9975, 43.2411], [10.9946, 43.2357], [10.9899, 43.2321], [10.958, 43.2373], [10.9445, 43.2481]]]]}}, {"type": "Feature", "properties": {"GID_3": "ITA.16.7.12_1", "GID_0": "ITA", "COUNTRY": "Italy", "GID_1": "ITA.16_1", "NAME_1": "Toscana", "NL_NAME_1": "NA", "GID_2": "ITA.16.7_1", "NAME_2": "Pisa", "NL_NAME_2": "NA", "NAME_3": "Chianni", "VARNAME_3": "NA", "NL_NAME_3": "NA", "TYPE_3": "Commune", "ENGTYPE_3": "Commune", "CC_3": "NA", "HASC_3": "IT.PI.CH"}, "geometry": {"type": "MultiPolygon", "coordinates": [[[[10.6024, 43.4838], [10.6047, 43.4857], [10.6121, 43.4871], [10.6137, 43.4936], [10.629, 43.5049], [10.6373, 43.5094], [10.6549, 43.5136], [10.657, 43.5168], [10.6564, 43.5187], [10.6602, 43.5157], [10.659, 43.5104], [10.6621, 43.5076], [10.6765, 43.5093], [10.6826, 43.5084], [10.6804, 43.5042], [10.6909, 43.4906], [10.6954, 43.4889], [10.7154, 43.4897], [10.7142, 43.4849], [10.7072, 43.479], [10.6935, 43.4715], [10.6816, 43.4683], [10.6754, 43.4637], [10.6742, 43.4564], [10.6686, 43.4435], [10.6617, 43.4336], [10.6406, 43.4295], [10.6329, 43.4247], [10.6297, 43.4204], [10.6293, 43.4165], [10.6262, 43.4135], [10.6116, 43.4059], [10.6093, 43.406], [10.5929, 43.4169], [10.5861, 43.4313], [10.5925, 43.4313], [10.5967, 43.4383], [10.5915, 43.4475], [10.6021, 43.4569], [10.6014, 43.4663], [10.6036, 43.4802], [10.6024, 43.4838]]]]}}, {"type": "Feature", "properties": {"GID_3": "ITA.16.7.13_1", "GID_0": "ITA", "COUNTRY": "Italy", "GID_1": "ITA.16_1", "NAME_1": "Toscana", "NL_NAME_1": "NA", "GID_2": "ITA.16.7_1", "NAME_2": "Pisa", "NL_NAME_2": "NA", "NAME_3": "Crespina", "VARNAME_3": "NA", "NL_NAME_3": "NA", "TYPE_3": "Commune", "ENGTYPE_3": "Commune", "CC_3": "NA", "HASC_3": "IT.PI.CR"}, "geometry": {"type": "MultiPolygon", "coordinates": [[[[10.5019, 43.6253], [10.5009, 43.6261], [10.5099, 43.6302], [10.5214, 43.6314], [10.5398, 43.6316], [10.559, 43.6291], [10.5661, 43.6225], [10.5619, 43.6155], [10.5604, 43.6069], [10.5615, 43.6026], [10.5678, 43.6038], [10.5787, 43.5908], [10.5776, 43.5672], [10.5652, 43.5571], [10.5424, 43.5646], [10.5388, 43.5646], [10.5377, 43.5738], [10.5318, 43.588], [10.5298, 43.5972], [10.5167, 43.6133], [10.5157, 43.6186], [10.507, 43.626], [10.5034, 43.6266], [10.5019, 43.6253]]]]}}, {"type": "Feature", "properties": {"GID_3": "ITA.16.7.14_1", "GID_0": "ITA", "COUNTRY": "Italy", "GID_1": "ITA.16_1", "NAME_1": "Toscana", "NL_NAME_1": "NA", "GID_2": "ITA.16.7_1", "NAME_2": "Pisa", "NL_NAME_2": "NA", "NAME_3": "Fauglia", "VARNAME_3": "NA", "NL_NAME_3": "NA", "TYPE_3": "Commune", "ENGTYPE_3": "Commune", "CC_3": "NA", "HASC_3": "IT.PI.FA"}, "geometry": {"type": "MultiPolygon", "coordinates": [[[[10.48, 43.5191], [10.472, 43.5228], [10.4686, 43.529], [10.4656, 43.5428], [10.478, 43.5536], [10.4807, 43.5591], [10.4807, 43.5624], [10.476, 43.5709], [10.4762, 43.585], [10.4855, 43.5874], [10.4913, 43.6055], [10.4983, 43.62], [10.5014, 43.6251], [10.5048, 43.6268], [10.5157, 43.6186], [10.5167, 43.6133], [10.5298, 43.5972], [10.5318, 43.588], [10.5377, 43.5738], [10.5391, 43.5603], [10.5351, 43.5576], [10.5214, 43.5534], [10.5173, 43.5318], [10.5036, 43.513], [10.4887, 43.5097], [10.48, 43.5191]]]]}}, {"type": "Feature", "properties": {"GID_3": "ITA.16.7.15_1", "GID_0": "ITA", "COUNTRY": "Italy", "GID_1": "ITA.16_1", "NAME_1": "Toscana", "NL_NAME_1": "NA", "GID_2": "ITA.16.7_1", "NAME_2": "Pisa", "NL_NAME_2": "NA", "NAME_3": "Guardistallo", "VARNAME_3": "NA", "NL_NAME_3": "NA", "TYPE_3": "Commune", "ENGTYPE_3": "Commune", "CC_3": "NA", "HASC_3": "IT.PI.GU"}, "geometry": {"type": "MultiPolygon", "coordinates": [[[[10.6853, 43.3018], [10.6803, 43.2971], [10.6689, 43.2918], [10.6631, 43.2913], [10.6581, 43.2932], [10.6572, 43.2984], [10.6544, 43.2998], [10.6345, 43.3046], [10.5492, 43.3104], [10.5515, 43.3143], [10.5604, 43.3209], [10.5765, 43.3243], [10.6114, 43.3234], [10.6257, 43.3204], [10.6382, 43.3217], [10.6476, 43.3255], [10.6472, 43.3349], [10.6487, 43.3352], [10.665, 43.3301], [10.6746, 43.3239], [10.6797, 43.3079], [10.6853, 43.3018]]]]}}, {"type": "Feature", "properties": {"GID_3": "ITA.16.7.16_1", "GID_0": "ITA", "COUNTRY": "Italy", "GID_1": "ITA.16_1", "NAME_1": "Toscana", "NL_NAME_1": "NA", "GID_2": "ITA.16.7_1", "NAME_2": "Pisa", "NL_NAME_2": "NA", "NAME_3": "Lajatico", "VARNAME_3": "NA", "NL_NAME_3": "NA", "TYPE_3": "Commune", "ENGTYPE_3": "Commune", "CC_3": "NA", "HASC_3": "IT.PI.LJ"}, "geometry": {"type": "MultiPolygon", "coordinates": [[[[10.6617, 43.4336], [10.6686, 43.4435], [10.6742, 43.4564], [10.6754, 43.4637], [10.6816, 43.4683], [10.6987, 43.4741], [10.7142, 43.4849], [10.7154, 43.4897], [10.7139, 43.4924], [10.7213, 43.498], [10.724, 43.5037], [10.7236, 43.5143], [10.7258, 43.5207], [10.7359, 43.5125], [10.7453, 43.4933], [10.7548, 43.4869], [10.7637, 43.4839], [10.7702, 43.484], [10.7716, 43.4812], [10.7716, 43.4751], [10.792, 43.4567], [10.7904, 43.445], [10.7941, 43.4377], [10.7879, 43.4297], [10.7801, 43.4299], [10.7731, 43.4277], [10.7735, 43.4246], [10.7505, 43.4213], [10.7341, 43.4143], [10.706, 43.4124], [10.665, 43.4124], [10.6559, 43.4218], [10.6576, 43.4243], [10.6577, 43.4293], [10.6617, 43.4336]]]]}}, {"type": "Feature", "properties": {"GID_3": "ITA.16.7.17_1", "GID_0": "ITA", "COUNTRY": "Italy", "GID_1": "ITA.16_1", "NAME_1": "Toscana", "NL_NAME_1": "NA", "GID_2": "ITA.16.7_1", "NAME_2": "Pisa", "NL_NAME_2": "NA", "NAME_3": "Lari", "VARNAME_3": "NA", "NL_NAME_3": "NA", "TYPE_3": "Commune", "ENGTYPE_3": "Commune", "CC_3": "NA", "HASC_3": "IT.PI.LR"}, "geometry": {"type": "MultiPolygon", "coordinates": [[[[10.6332, 43.5916], [10.635, 43.5869], [10.6321, 43.5777], [10.6305, 43.5606], [10.6263, 43.5506], [10.6227, 43.5469], [10.6062, 43.5368], [10.5902, 43.5364], [10.5854, 43.5425], [10.5662, 43.5461], [10.5544, 43.5461], [10.5543, 43.5493], [10.5603, 43.5521], [10.5776, 43.5672], [10.5787, 43.5908], [10.5678, 43.6038], [10.5618, 43.6023], [10.5604, 43.6069], [10.5621, 43.616], [10.5661, 43.6225], [10.559, 43.6291], [10.5717, 43.6429], [10.5981, 43.6271], [10.6215, 43.6153], [10.6216, 43.6122], [10.6149, 43.605], [10.6121, 43.5991], [10.6168, 43.5925], [10.6332, 43.5916]]]]}}, {"type": "Feature", "properties": {"GID_3": "ITA.16.7.18_1", "GID_0": "ITA", "COUNTRY": "Italy", "GID_1": "ITA.16_1", "NAME_1": "Toscana", "NL_NAME_1": "NA", "GID_2": "ITA.16.7_1", "NAME_2": "Pisa", "NL_NAME_2": "NA", "NAME_3": "Lorenzana", "VARNAME_3": "NA", "NL_NAME_3": "NA", "TYPE_3": "Commune", "ENGTYPE_3": "Commune", "CC_3": "NA", "HASC_3": "IT.PI.LO"}, "geometry": {"type": "MultiPolygon", "coordinates": [[[[10.5544, 43.5461], [10.5564, 43.5342], [10.5463, 43.5219], [10.5435, 43.5072], [10.5373, 43.5028], [10.5282, 43.4995], [10.5152, 43.5035], [10.5036, 43.513], [10.5173, 43.5318], [10.5214, 43.5534], [10.5351, 43.5576], [10.539, 43.56], [10.5388, 43.5646], [10.5424, 43.5646], [10.5652, 43.5571], [10.5603, 43.5521], [10.5543, 43.5493], [10.5544, 43.5461]]]]}}, {"type": "Feature", "properties": {"GID_3": "ITA.16.7.19_1", "GID_0": "ITA", "COUNTRY": "Italy", "GID_1": "ITA.16_1", "NAME_1": "Toscana", "NL_NAME_1": "NA", "GID_2": "ITA.16.7_1", "NAME_2": "Pisa", "NL_NAME_2": "NA", "NAME_3": "MontecatiniValDiCecina", "VARNAME_3": "NA", "NL_NAME_3": "NA", "TYPE_3": "Commune", "ENGTYPE_3": "Commune", "CC_3": "NA", "HASC_3": "IT.PI.MV"}, "geometry": {"type": "MultiPolygon", "coordinates": [[[[10.673, 43.2479], [10.6685, 43.254], [10.668, 43.2661], [10.6812, 43.2754], [10.6931, 43.2788], [10.6977, 43.2818], [10.6993, 43.2936], [10.698, 43.2957], [10.6877, 43.3023], [10.6853, 43.3018], [10.6807, 43.3062], [10.6746, 43.3239], [10.665, 43.3301], [10.6472, 43.3349], [10.6419, 43.339], [10.6486, 43.3412], [10.6488, 43.3478], [10.6582, 43.363], [10.6575, 43.3754], [10.6537, 43.3814], [10.6532, 43.3981], [10.6506, 43.4081], [10.6422, 43.4076], [10.6429, 43.4106], [10.6559, 43.4218], [10.6661, 43.412], [10.706, 43.4124], [10.7341, 43.4143], [10.7505, 43.4213], [10.7735, 43.4246], [10.7772, 43.4052], [10.7932, 43.3987], [10.8076, 43.3705], [10.8074, 43.3679], [10.8041, 43.3589], [10.7981, 43.3565], [10.7892, 43.3571], [10.7664, 43.3435], [10.7496, 43.3367], [10.7401, 43.3346], [10.7438, 43.3284], [10.7484, 43.3246], [10.7624, 43.3182], [10.7641, 43.3063], [10.763, 43.3013], [10.75, 43.2809], [10.7324, 43.2764], [10.7284, 43.2728], [10.7305, 43.2487], [10.7361, 43.2422], [10.74, 43.2403], [10.7399, 43.2354], [10.7376, 43.2342], [10.7199, 43.2423], [10.7109, 43.2445], [10.673, 43.2479]]]]}}, {"type": "Feature", "properties": {"GID_3": "ITA.16.7.20_1", "GID_0": "ITA", "COUNTRY": "Italy", "GID_1": "ITA.16_1", "NAME_1": "Toscana", "NL_NAME_1": "NA", "GID_2": "ITA.16.7_1", "NAME_2": "Pisa", "NL_NAME_2": "NA", "NAME_3": "Montescudaio", "VARNAME_3": "NA", "NL_NAME_3": "NA", "TYPE_3": "Commune", "ENGTYPE_3": "Commune", "CC_3": "NA", "HASC_3": "IT.PI.MO"}, "geometry": {"type": "MultiPolygon", "coordinates": [[[[10.5492, 43.3104], [10.5409, 43.3141], [10.5332, 43.3246], [10.5372, 43.3294], [10.5719, 43.3436], [10.5768, 43.3383], [10.5813, 43.3374], [10.5884, 43.3385], [10.6047, 43.3466], [10.6111, 43.3478], [10.6244, 43.3398], [10.6261, 43.3407], [10.6249, 43.3464], [10.6292, 43.349], [10.6407, 43.3435], [10.6419, 43.339], [10.6476, 43.3344], [10.6479, 43.3258], [10.6382, 43.3217], [10.6257, 43.3204], [10.6114, 43.3234], [10.5765, 43.3243], [10.5604, 43.3209], [10.5515, 43.3143], [10.5492, 43.3104]]]]}}, {"type": "Feature", "properties": {"GID_3": "ITA.16.7.21_1", "GID_0": "ITA", "COUNTRY": "Italy", "GID_1": "ITA.16_1", "NAME_1": "Toscana", "NL_NAME_1": "NA", "GID_2": "ITA.16.7_1", "NAME_2": "Pisa", "NL_NAME_2": "NA", "NAME_3": "MonteverdiMarittimo", "VARNAME_3": "NA", "NL_NAME_3": "NA", "TYPE_3": "Commune", "ENGTYPE_3": "Commune", "CC_3": "NA", "HASC_3": "IT.PI.MM"}, "geometry": {"type": "MultiPolygon", "coordinates": [[[[10.7648, 43.1536], [10.7564, 43.155], [10.7513, 43.1371], [10.7516, 43.1282], [10.7482, 43.1233], [10.7182, 43.1095], [10.7159, 43.1151], [10.721, 43.122], [10.7184, 43.1254], [10.7029, 43.1247], [10.6962, 43.1266], [10.6908, 43.1381], [10.69, 43.1437], [10.6745, 43.1436], [10.6641, 43.1468], [10.6618, 43.1508], [10.6663, 43.1567], [10.6645, 43.1742], [10.6502, 43.1726], [10.6496, 43.1818], [10.6441, 43.1917], [10.663, 43.1964], [10.6798, 43.194], [10.6915, 43.2092], [10.6913, 43.2252], [10.6798, 43.2257], [10.6716, 43.223], [10.6635, 43.2287], [10.6637, 43.2313], [10.6694, 43.233], [10.6712, 43.236], [10.6691, 43.2433], [10.6672, 43.2447], [10.6689, 43.2476], [10.6864, 43.2475], [10.7109, 43.2445], [10.7199, 43.2423], [10.7376, 43.2342], [10.7475, 43.2326], [10.7743, 43.2107], [10.7764, 43.207], [10.7705, 43.1896], [10.7742, 43.1819], [10.776, 43.1672], [10.7725, 43.1621], [10.7684, 43.1604], [10.7648, 43.1536]]]]}}, {"type": "Feature", "properties": {"GID_3": "ITA.16.7.22_1", "GID_0": "ITA", "COUNTRY": "Italy", "GID_1": "ITA.16_1", "NAME_1": "Toscana", "NL_NAME_1": "NA", "GID_2": "ITA.16.7_1", "NAME_2": "Pisa", "NL_NAME_2": "NA", "NAME_3": "MontopoliinVald'Arno", "VARNAME_3": "NA", "NL_NAME_3": "NA", "TYPE_3": "Commune", "ENGTYPE_3": "Commune", "CC_3": "NA", "HASC_3": "IT.PI.MI"}, "geometry": {"type": "MultiPolygon", "coordinates": [[[[10.7254, 43.695], [10.7315, 43.6963], [10.7643, 43.6939], [10.768, 43.689], [10.7765, 43.657], [10.7726, 43.6444], [10.7669, 43.6462], [10.7466, 43.6384], [10.74, 43.6376], [10.7266, 43.6435], [10.7099, 43.6458], [10.7066, 43.6474], [10.7065, 43.6571], [10.7017, 43.666], [10.6948, 43.671], [10.7176, 43.6912], [10.7254, 43.695]]]]}}, {"type": "Feature", "properties": {"GID_3": "ITA.16.7.23_1", "GID_0": "ITA", "COUNTRY": "Italy", "GID_1": "ITA.16_1", "NAME_1": "Toscana", "NL_NAME_1": "NA", "GID_2": "ITA.16.7_1", "NAME_2": "Pisa", "NL_NAME_2": "NA", "NAME_3": "OrcianoPisano", "VARNAME_3": "NA", "NL_NAME_3": "NA", "TYPE_3": "Commune", "ENGTYPE_3": "Commune", "CC_3": "NA", "HASC_3": "IT.PI.OP"}, "geometry": {"type": "MultiPolygon", "coordinates": [[[[10.4856, 43.4874], [10.4748, 43.5058], [10.4754, 43.5142], [10.48, 43.5191], [10.4887, 43.5097], [10.5036, 43.513], [10.5152, 43.5035], [10.5282, 43.4995], [10.5172, 43.4838], [10.4934, 43.4742], [10.491, 43.4737], [10.4856, 43.4874]]]]}}, {"type": "Feature", "properties": {"GID_3": "ITA.16.7.24_1", "GID_0": "ITA", "COUNTRY": "Italy", "GID_1": "ITA.16_1", "NAME_1": "Toscana", "NL_NAME_1": "NA", "GID_2": "ITA.16.7_1", "NAME_2": "Pisa", "NL_NAME_2": "NA", "NAME_3": "Palaia", "VARNAME_3": "NA", "NL_NAME_3": "NA", "TYPE_3": "Commune", "ENGTYPE_3": "Commune", "CC_3": "NA", "HASC_3": "IT.PI.PA"}, "geometry": {"type": "MultiPolygon", "coordinates": [[[[10.8234, 43.6149], [10.8309, 43.6117], [10.8356, 43.6067], [10.8369, 43.594], [10.8418, 43.5891], [10.8413, 43.5782], [10.8384, 43.5751], [10.832, 43.5731], [10.8286, 43.5737], [10.8074, 43.5781], [10.7877, 43.5854], [10.7782, 43.5827], [10.7698, 43.578], [10.754, 43.5643], [10.744, 43.5609], [10.7315, 43.5627], [10.7261, 43.5702], [10.7256, 43.58], [10.7017, 43.5964], [10.6981, 43.6026], [10.6851, 43.6125], [10.6911, 43.6174], [10.6962, 43.6195], [10.7023, 43.6192], [10.7059, 43.6214], [10.7073, 43.6246], [10.7045, 43.6305], [10.7038, 43.6405], [10.7066, 43.6474], [10.7099, 43.6458], [10.7266, 43.6435], [10.74, 43.6376], [10.7466, 43.6384], [10.7669, 43.6462], [10.7819, 43.6421], [10.8097, 43.6258], [10.8234, 43.6149]]]]}}, {"type": "Feature", "properties": {"GID_3": "ITA.16.7.25_1", "GID_0": "ITA", "COUNTRY": "Italy", "GID_1": "ITA.16_1", "NAME_1": "Toscana", "NL_NAME_1": "NA", "GID_2": "ITA.16.7_1", "NAME_2": "Pisa", "NL_NAME_2": "NA", "NAME_3": "Peccioli", "VARNAME_3": "NA", "NL_NAME_3": "NA", "TYPE_3": "Commune", "ENGTYPE_3": "Commune", "CC_3": "NA", "HASC_3": "IT.PI.PE"}, "geometry": {"type": "MultiPolygon", "coordinates": [[[[10.832, 43.5731], [10.8316, 43.5708], [10.8334, 43.5691], [10.8449, 43.568], [10.8495, 43.5636], [10.8417, 43.5574], [10.8351, 43.5558], [10.8304, 43.5513], [10.8265, 43.5411], [10.8265, 43.5365], [10.8324, 43.5276], [10.8401, 43.522], [10.8477, 43.5111], [10.8454, 43.5044], [10.8407, 43.5004], [10.8393, 43.4964], [10.8313, 43.4948], [10.8186, 43.4981], [10.8073, 43.4957], [10.8015, 43.4923], [10.8002, 43.4885], [10.7852, 43.4799], [10.7748, 43.4786], [10.7712, 43.4798], [10.7699, 43.4842], [10.7637, 43.4839], [10.7548, 43.4869], [10.7453, 43.4933], [10.7345, 43.5143], [10.7196, 43.5252], [10.7107, 43.5264], [10.7103, 43.5327], [10.7134, 43.5406], [10.7069, 43.5623], [10.7009, 43.5619], [10.6908, 43.5682], [10.6892, 43.5784], [10.6925, 43.5823], [10.7224, 43.5815], [10.7256, 43.58], [10.7261, 43.5702], [10.7315, 43.5627], [10.744, 43.5609], [10.754, 43.5643], [10.7698, 43.578], [10.7782, 43.5827], [10.7877, 43.5854], [10.8074, 43.5781], [10.832, 43.5731]]]]}}, {"type": "Feature", "properties": {"GID_3": "ITA.16.7.26_1", "GID_0": "ITA", "COUNTRY": "Italy", "GID_1": "ITA.16_1", "NAME_1": "Toscana", "NL_NAME_1": "NA", "GID_2": "ITA.16.7_1", "NAME_2": "Pisa", "NL_NAME_2": "NA", "NAME_3": "Pisa", "VARNAME_3": "NA", "NL_NAME_3": "NA", "TYPE_3": "Commune", "ENGTYPE_3": "Commune", "CC_3": "NA", "HASC_3": "IT.PI.PI"}, "geometry": {"type": "MultiPolygon", "coordinates": [[[[10.4102, 43.6216], [10.3781, 43.6104], [10.3671, 43.6038], [10.3468, 43.5993], [10.3037, 43.586], [10.2993, 43.5826], [10.2976, 43.5835], [10.2946, 43.5887], [10.2887, 43.614], [10.2887, 43.6335], [10.2854, 43.6474], [10.2768, 43.666], [10.2679, 43.6774], [10.2729, 43.6796], [10.271, 43.6815], [10.2782, 43.6807], [10.2807, 43.6818], [10.2835, 43.6882], [10.2799, 43.7076], [10.2762, 43.7166], [10.279, 43.7238], [10.276, 43.7343], [10.2776, 43.7349], [10.2776, 43.7399], [10.2743, 43.7526], [10.2821, 43.7483], [10.3002, 43.7515], [10.3038, 43.7483], [10.3071, 43.7413], [10.3135, 43.7357], [10.326, 43.7305], [10.3577, 43.7365], [10.391, 43.7403], [10.4251, 43.7385], [10.4179, 43.7264], [10.4294, 43.7178], [10.4463, 43.7119], [10.4486, 43.7043], [10.4568, 43.7018], [10.4564, 43.6948], [10.4427, 43.6743], [10.4391, 43.665], [10.4391, 43.6587], [10.4418, 43.6516], [10.4126, 43.6296], [10.4102, 43.6216]]]]}}, {"type": "Feature", "properties": {"GID_3": "ITA.16.7.27_1", "GID_0": "ITA", "COUNTRY": "Italy", "GID_1": "ITA.16_1", "NAME_1": "Toscana", "NL_NAME_1": "NA", "GID_2": "ITA.16.7_1", "NAME_2": "Pisa", "NL_NAME_2": "NA", "NAME_3": "Pomarance", "VARNAME_3": "NA", "NL_NAME_3": "NA", "TYPE_3": "Commune", "ENGTYPE_3": "Commune", "CC_3": "NA", "HASC_3": "IT.PI.PM"}, "geometry": {"type": "MultiPolygon", "coordinates": [[[[10.797, 43.1618], [10.7696, 43.1443], [10.7657, 43.1456], [10.7638, 43.151], [10.7661, 43.1572], [10.7688, 43.1609], [10.7725, 43.1621], [10.776, 43.1672], [10.7742, 43.1819], [10.7705, 43.1896], [10.7765, 43.2081], [10.7506, 43.2308], [10.7475, 43.2326], [10.7376, 43.2342], [10.7401, 43.236], [10.74, 43.2403], [10.7361, 43.2422], [10.7305, 43.2487], [10.7284, 43.2728], [10.7324, 43.2764], [10.75, 43.2809], [10.763, 43.3013], [10.764, 43.3054], [10.7624, 43.3182], [10.7484, 43.3246], [10.7438, 43.3284], [10.7401, 43.3346], [10.7496, 43.3367], [10.7664, 43.3435], [10.7916, 43.3575], [10.7976, 43.3564], [10.8067, 43.3512], [10.8159, 43.3515], [10.8299, 43.3491], [10.835, 43.3464], [10.8389, 43.3401], [10.8453, 43.3358], [10.883, 43.3348], [10.8908, 43.33], [10.9008, 43.3206], [10.9126, 43.3182], [10.9216, 43.314], [10.9299, 43.3059], [10.9351, 43.3053], [10.9421, 43.307], [10.9502, 43.3053], [10.953, 43.303], [10.9514, 43.2967], [10.9496, 43.2935], [10.9465, 43.2922], [10.9434, 43.2856], [10.9427, 43.2674], [10.9407, 43.2596], [10.9453, 43.2528], [10.9445, 43.2481], [10.933, 43.2371], [10.9224, 43.2405], [10.9084, 43.2393], [10.8927, 43.2342], [10.8884, 43.2311], [10.8875, 43.2285], [10.8893, 43.2189], [10.883, 43.2161], [10.8681, 43.2148], [10.8435, 43.2153], [10.8372, 43.2136], [10.8061, 43.1755], [10.797, 43.1618]]]]}}, {"type": "Feature", "properties": {"GID_3": "ITA.16.7.28_1", "GID_0": "ITA", "COUNTRY": "Italy", "GID_1": "ITA.16_1", "NAME_1": "Toscana", "NL_NAME_1": "NA", "GID_2": "ITA.16.7_1", "NAME_2": "Pisa", "NL_NAME_2": "NA", "NAME_3": "Ponsacco", "VARNAME_3": "NA", "NL_NAME_3": "NA", "TYPE_3": "Commune", "ENGTYPE_3": "Commune", "CC_3": "NA", "HASC_3": "IT.PI.PS"}, "geometry": {"type": "MultiPolygon", "coordinates": [[[[10.6608, 43.6137], [10.6676, 43.6142], [10.6679, 43.6063], [10.6568, 43.5946], [10.6368, 43.5939], [10.6321, 43.5914], [10.6173, 43.5924], [10.6121, 43.5991], [10.6149, 43.605], [10.6216, 43.6122], [10.6215, 43.6153], [10.6018, 43.626], [10.6052, 43.634], [10.6363, 43.6446], [10.6459, 43.6464], [10.6504, 43.6441], [10.6622, 43.6297], [10.6494, 43.6201], [10.6512, 43.6175], [10.6608, 43.6137]]]]}}, {"type": "Feature", "properties": {"GID_3": "ITA.16.7.29_1", "GID_0": "ITA", "COUNTRY": "Italy", "GID_1": "ITA.16_1", "NAME_1": "Toscana", "NL_NAME_1": "NA", "GID_2": "ITA.16.7_1", "NAME_2": "Pisa", "NL_NAME_2": "NA", "NAME_3": "Pontedera", "VARNAME_3": "NA", "NL_NAME_3": "NA", "TYPE_3": "Commune", "ENGTYPE_3": "Commune", "CC_3": "NA", "HASC_3": "IT.PI.PT"}, "geometry": {"type": "MultiPolygon", "coordinates": [[[[10.5724, 43.6704], [10.5905, 43.6659], [10.5985, 43.6609], [10.601, 43.656], [10.6048, 43.6606], [10.6057, 43.6657], [10.6039, 43.6688], [10.6069, 43.6748], [10.6203, 43.675], [10.6244, 43.6704], [10.6368, 43.6715], [10.6399, 43.6773], [10.6472, 43.6819], [10.6757, 43.6619], [10.6839, 43.6634], [10.6948, 43.671], [10.7017, 43.666], [10.7065, 43.6571], [10.7066, 43.6474], [10.7038, 43.6405], [10.7045, 43.6305], [10.7072, 43.6243], [10.7057, 43.6212], [10.7023, 43.6192], [10.6962, 43.6195], [10.6816, 43.611], [10.6765, 43.6123], [10.6725, 43.6163], [10.6624, 43.6164], [10.6608, 43.6137], [10.6512, 43.6175], [10.6494, 43.6201], [10.6622, 43.6297], [10.6499, 43.6446], [10.6433, 43.6466], [10.6052, 43.634], [10.6018, 43.626], [10.5981, 43.6271], [10.5717, 43.6429], [10.5755, 43.6433], [10.5772, 43.6462], [10.5797, 43.66], [10.5765, 43.6619], [10.5724, 43.6704]]]]}}, {"type": "Feature", "properties": {"GID_3": "ITA.16.7.30_1", "GID_0": "ITA", "COUNTRY": "Italy", "GID_1": "ITA.16_1", "NAME_1": "Toscana", "NL_NAME_1": "NA", "GID_2": "ITA.16.7_1", "NAME_2": "Pisa", "NL_NAME_2": "NA", "NAME_3": "Riparbella", "VARNAME_3": "NA", "NL_NAME_3": "NA", "TYPE_3": "Commune", "ENGTYPE_3": "Commune", "CC_3": "NA", "HASC_3": "IT.PI.RI"}, "geometry": {"type": "MultiPolygon", "coordinates": [[[[10.5332, 43.3246], [10.5243, 43.3259], [10.5334, 43.3353], [10.5368, 43.3499], [10.5349, 43.3524], [10.5344, 43.3581], [10.5418, 43.3696], [10.5555, 43.3721], [10.5767, 43.3802], [10.5953, 43.3937], [10.6007, 43.4007], [10.6103, 43.4006], [10.6116, 43.4059], [10.6262, 43.4135], [10.6293, 43.4165], [10.6297, 43.4204], [10.6329, 43.4247], [10.637, 43.4275], [10.6451, 43.4312], [10.6617, 43.4336], [10.6577, 43.4293], [10.6576, 43.4243], [10.6559, 43.4218], [10.6432, 43.4109], [10.642, 43.408], [10.6506, 43.4081], [10.6532, 43.3981], [10.6539, 43.3802], [10.6576, 43.375], [10.6582, 43.363], [10.6488, 43.3478], [10.6486, 43.3412], [10.6419, 43.339], [10.6407, 43.3435], [10.6292, 43.349], [10.6249, 43.3464], [10.6261, 43.3407], [10.6244, 43.3398], [10.6111, 43.3478], [10.6047, 43.3466], [10.5884, 43.3385], [10.5813, 43.3374], [10.5768, 43.3383], [10.5719, 43.3436], [10.5372, 43.3294], [10.5332, 43.3246]]]]}}, {"type": "Feature", "properties": {"GID_3": "ITA.16.7.31_1", "GID_0": "ITA", "COUNTRY": "Italy", "GID_1": "ITA.16_1", "NAME_1": "Toscana", "NL_NAME_1": "NA", "GID_2": "ITA.16.7_1", "NAME_2": "Pisa", "NL_NAME_2": "NA", "NAME_3": "SanGiulianoTerme", "VARNAME_3": "NA", "NL_NAME_3": "NA", "TYPE_3": "Commune", "ENGTYPE_3": "Commune", "CC_3": "NA", "HASC_3": "IT.PI.SG"}, "geometry": {"type": "MultiPolygon", "coordinates": [[[[10.4961, 43.7591], [10.5019, 43.7543], [10.5059, 43.7441], [10.5032, 43.7363], [10.4887, 43.7292], [10.4866, 43.7262], [10.4938, 43.719], [10.4995, 43.7157], [10.4983, 43.7135], [10.493, 43.7142], [10.4811, 43.7005], [10.4745, 43.6988], [10.4696, 43.7024], [10.4691, 43.7086], [10.4719, 43.7127], [10.4721, 43.716], [10.4666, 43.7217], [10.4605, 43.723], [10.4508, 43.7212], [10.4471, 43.7179], [10.4453, 43.7118], [10.4294, 43.7178], [10.4195, 43.7247], [10.4179, 43.7264], [10.4251, 43.7385], [10.391, 43.7403], [10.3577, 43.7365], [10.3265, 43.7305], [10.3182, 43.7327], [10.3071, 43.7413], [10.3038, 43.7483], [10.3002, 43.7515], [10.2821, 43.7483], [10.2791, 43.7488], [10.2746, 43.7527], [10.2682, 43.7804], [10.2693, 43.783], [10.2936, 43.7679], [10.3135, 43.7472], [10.3208, 43.7447], [10.3253, 43.7452], [10.3362, 43.754], [10.3419, 43.7624], [10.3513, 43.7712], [10.3695, 43.784], [10.3762, 43.7841], [10.3904, 43.7773], [10.4149, 43.7843], [10.4169, 43.7912], [10.3991, 43.8045], [10.4078, 43.8095], [10.4137, 43.8175], [10.4148, 43.8232], [10.4195, 43.8313], [10.4262, 43.8359], [10.428, 43.8339], [10.4287, 43.8256], [10.437, 43.8124], [10.4426, 43.8085], [10.4474, 43.81], [10.453, 43.8054], [10.4518, 43.7952], [10.4403, 43.7892], [10.4426, 43.7788], [10.4543, 43.7663], [10.4692, 43.7677], [10.475, 43.7636], [10.4961, 43.7591]]]]}}, {"type": "Feature", "properties": {"GID_3": "ITA.16.7.32_1", "GID_0": "ITA", "COUNTRY": "Italy", "GID_1": "ITA.16_1", "NAME_1": "Toscana", "NL_NAME_1": "NA", "GID_2": "ITA.16.7_1", "NAME_2": "Pisa", "NL_NAME_2": "NA", "NAME_3": "SanMiniato", "VARNAME_3": "NA", "NL_NAME_3": "NA", "TYPE_3": "Commune", "ENGTYPE_3": "Commune", "CC_3": "NA", "HASC_3": "IT.PI.SN"}, "geometry": {"type": "MultiPolygon", "coordinates": [[[[10.9349, 43.6585], [10.912, 43.6407], [10.9031, 43.6373], [10.8969, 43.6386], [10.8878, 43.6374], [10.8772, 43.6251], [10.8754, 43.6214], [10.8769, 43.6161], [10.875, 43.6152], [10.853, 43.6301], [10.8508, 43.6267], [10.8383, 43.6209], [10.8348, 43.6209], [10.8342, 43.6223], [10.8268, 43.6216], [10.8234, 43.6149], [10.8097, 43.6258], [10.7826, 43.6417], [10.7726, 43.6444], [10.7765, 43.657], [10.768, 43.689], [10.7643, 43.6939], [10.7737, 43.7054], [10.7819, 43.7096], [10.7964, 43.7095], [10.7995, 43.7045], [10.8246, 43.7045], [10.8279, 43.7093], [10.8255, 43.7138], [10.8536, 43.7199], [10.8682, 43.7185], [10.8782, 43.7202], [10.88, 43.7114], [10.8914, 43.7079], [10.8922, 43.7033], [10.8879, 43.7003], [10.8889, 43.6974], [10.9055, 43.6835], [10.9165, 43.6638], [10.9264, 43.66], [10.9318, 43.6611], [10.9349, 43.6585]]]]}}, {"type": "Feature", "properties": {"GID_3": "ITA.16.7.33_1", "GID_0": "ITA", "COUNTRY": "Italy", "GID_1": "ITA.16_1", "NAME_1": "Toscana", "NL_NAME_1": "NA", "GID_2": "ITA.16.7_1", "NAME_2": "Pisa", "NL_NAME_2": "NA", "NAME_3": "SantaCrocesull'Arno", "VARNAME_3": "NA", "NL_NAME_3": "NA", "TYPE_3": "Commune", "ENGTYPE_3": "Commune", "CC_3": "NA", "HASC_3": "IT.PI.SC"}, "geometry": {"type": "MultiPolygon", "coordinates": [[[[10.7591, 43.7461], [10.7658, 43.7394], [10.7752, 43.7361], [10.7782, 43.7392], [10.7798, 43.7381], [10.7933, 43.7213], [10.7973, 43.7117], [10.7964, 43.7095], [10.7826, 43.7097], [10.7753, 43.7067], [10.7701, 43.7013], [10.7669, 43.7028], [10.7529, 43.7187], [10.7484, 43.7317], [10.7512, 43.7405], [10.7553, 43.7466], [10.7591, 43.7461]]], [[[10.6993, 43.7509], [10.6835, 43.7555], [10.7112, 43.7783], [10.7169, 43.7765], [10.7257, 43.752], [10.703, 43.7527], [10.6993, 43.7509]]]]}}, {"type": "Feature", "properties": {"GID_3": "ITA.16.7.34_1", "GID_0": "ITA", "COUNTRY": "Italy", "GID_1": "ITA.16_1", "NAME_1": "Toscana", "NL_NAME_1": "NA", "GID_2": "ITA.16.7_1", "NAME_2": "Pisa", "NL_NAME_2": "NA", "NAME_3": "SantaLuce", "VARNAME_3": "NA", "NL_NAME_3": "NA", "TYPE_3": "Commune", "ENGTYPE_3": "Commune", "CC_3": "NA", "HASC_3": "IT.PI.SL"}, "geometry": {"type": "MultiPolygon", "coordinates": [[[[10.5029, 43.4208], [10.508, 43.4328], [10.5061, 43.4372], [10.4882, 43.4386], [10.5009, 43.4483], [10.491, 43.4737], [10.5172, 43.4838], [10.5282, 43.4995], [10.536, 43.5022], [10.5435, 43.5072], [10.5456, 43.5183], [10.5553, 43.5128], [10.5592, 43.5076], [10.5702, 43.5031], [10.5779, 43.5034], [10.5993, 43.4971], [10.5974, 43.4902], [10.6036, 43.4802], [10.6014, 43.4663], [10.6021, 43.4569], [10.5915, 43.4479], [10.5969, 43.4389], [10.5925, 43.4313], [10.5877, 43.4307], [10.5791, 43.4334], [10.5716, 43.4332], [10.5372, 43.4216], [10.5262, 43.4198], [10.5159, 43.4227], [10.5029, 43.4208]]]]}}, {"type": "Feature", "properties": {"GID_3": "ITA.16.7.35_1", "GID_0": "ITA", "COUNTRY": "Italy", "GID_1": "ITA.16_1", "NAME_1": "Toscana", "NL_NAME_1": "NA", "GID_2": "ITA.16.7_1", "NAME_2": "Pisa", "NL_NAME_2": "NA", "NAME_3": "SantaMariaAMonte", "VARNAME_3": "NA", "NL_NAME_3": "NA", "TYPE_3": "Commune", "ENGTYPE_3": "Commune", "CC_3": "NA", "HASC_3": "IT.PI.ST"}, "geometry": {"type": "MultiPolygon", "coordinates": [[[[10.6475, 43.6916], [10.6574, 43.6925], [10.6718, 43.7226], [10.6722, 43.7272], [10.669, 43.732], [10.6688, 43.7505], [10.6826, 43.7553], [10.6923, 43.7522], [10.7118, 43.7398], [10.716, 43.7356], [10.7228, 43.7171], [10.7088, 43.7059], [10.7259, 43.6962], [10.7176, 43.6912], [10.6902, 43.6667], [10.6797, 43.6618], [10.6725, 43.6634], [10.6478, 43.6818], [10.6475, 43.6916]]]]}}, {"type": "Feature", "properties": {"GID_3": "ITA.16.7.36_1", "GID_0": "ITA", "COUNTRY": "Italy", "GID_1": "ITA.16_1", "NAME_1": "Toscana", "NL_NAME_1": "NA", "GID_2": "ITA.16.7_1", "NAME_2": "Pisa", "NL_NAME_2": "NA", "NAME_3": "Terricciola", "VARNAME_3": "NA", "NL_NAME_3": "NA", "TYPE_3": "Commune", "ENGTYPE_3": "Commune", "CC_3": "NA", "HASC_3": "IT.PI.TE"}, "geometry": {"type": "MultiPolygon", "coordinates": [[[[10.6319, 43.5742], [10.653, 43.5683], [10.6582, 43.5549], [10.661, 43.5529], [10.6705, 43.5564], [10.6817, 43.5645], [10.6901, 43.5732], [10.6911, 43.568], [10.7009, 43.5619], [10.7069, 43.5623], [10.7134, 43.5406], [10.7103, 43.5327], [10.7105, 43.5267], [10.7196, 43.5252], [10.7258, 43.5207], [10.7236, 43.5143], [10.724, 43.5037], [10.7213, 43.498], [10.7143, 43.493], [10.7152, 43.4907], [10.6947, 43.4891], [10.6909, 43.4906], [10.6828, 43.4996], [10.6803, 43.5048], [10.6828, 43.5069], [10.6821, 43.5088], [10.6743, 43.5092], [10.6653, 43.5071], [10.6592, 43.5102], [10.66, 43.516], [10.6473, 43.5225], [10.6444, 43.5293], [10.6453, 43.5331], [10.6425, 43.5382], [10.6321, 43.5447], [10.6303, 43.5482], [10.6319, 43.5742]]]]}}, {"type": "Feature", "properties": {"GID_3": "ITA.16.7.37_1", "GID_0": "ITA", "COUNTRY": "Italy", "GID_1": "ITA.16_1", "NAME_1": "Toscana", "NL_NAME_1": "NA", "GID_2": "ITA.16.7_1", "NAME_2": "Pisa", "NL_NAME_2": "NA", "NAME_3": "Vecchiano", "VARNAME_3": "NA", "NL_NAME_3": "NA", "TYPE_3": "Commune", "ENGTYPE_3": "Commune", "CC_3": "NA", "HASC_3": "IT.PI.VE"}, "geometry": {"type": "MultiPolygon", "coordinates": [[[[10.3747, 43.8154], [10.3814, 43.8136], [10.4075, 43.8275], [10.412, 43.8279], [10.4148, 43.8232], [10.4137, 43.8175], [10.4078, 43.8095], [10.3991, 43.8039], [10.4169, 43.7912], [10.4149, 43.7843], [10.3904, 43.7773], [10.3762, 43.7841], [10.3695, 43.784], [10.3513, 43.7712], [10.3419, 43.7624], [10.3362, 43.754], [10.3271, 43.7462], [10.3215, 43.7447], [10.3115, 43.7485], [10.2941, 43.7675], [10.2699, 43.7823], [10.2657, 43.791], [10.2632, 43.8026], [10.264, 43.8068], [10.2618, 43.8079], [10.2618, 43.8129], [10.259, 43.8167], [10.2922, 43.8243], [10.3081, 43.8304], [10.3243, 43.8218], [10.344, 43.8204], [10.3491, 43.8175], [10.3747, 43.8154]]]]}}, {"type": "Feature", "properties": {"GID_3": "ITA.16.7.38_1", "GID_0": "ITA", "COUNTRY": "Italy", "GID_1": "ITA.16_1", "NAME_1": "Toscana", "NL_NAME_1": "NA", "GID_2": "ITA.16.7_1", "NAME_2": "Pisa", "NL_NAME_2": "NA", "NAME_3": "Vicopisano", "VARNAME_3": "NA", "NL_NAME_3": "NA", "TYPE_3": "Commune", "ENGTYPE_3": "Commune", "CC_3": "NA", "HASC_3": "IT.PI.VI"}, "geometry": {"type": "MultiPolygon", "coordinates": [[[[10.6186, 43.7203], [10.6187, 43.7167], [10.6144, 43.7106], [10.6107, 43.7111], [10.6087, 43.7072], [10.6099, 43.7053], [10.6142, 43.7072], [10.61, 43.7017], [10.6078, 43.692], [10.5986, 43.6821], [10.5893, 43.6849], [10.58, 43.6851], [10.5741, 43.6768], [10.5709, 43.6757], [10.5623, 43.683], [10.5575, 43.6847], [10.5375, 43.6826], [10.5308, 43.6836], [10.5251, 43.6926], [10.509, 43.6965], [10.5031, 43.6995], [10.5011, 43.7022], [10.5012, 43.7093], [10.4983, 43.7135], [10.4995, 43.7157], [10.5081, 43.7132], [10.5071, 43.7116], [10.5108, 43.7073], [10.5237, 43.7008], [10.5532, 43.7127], [10.5575, 43.7172], [10.5581, 43.7201], [10.564, 43.7183], [10.6137, 43.7227], [10.6186, 43.7203]]]]}}, {"type": "Feature", "properties": {"GID_3": "ITA.16.7.39_1", "GID_0": "ITA", "COUNTRY": "Italy", "GID_1": "ITA.16_1", "NAME_1": "Toscana", "NL_NAME_1": "NA", "GID_2": "ITA.16.7_1", "NAME_2": "Pisa", "NL_NAME_2": "NA", "NAME_3": "Volterra", "VARNAME_3": "NA", "NL_NAME_3": "NA", "TYPE_3": "Commune", "ENGTYPE_3": "Commune", "CC_3": "NA", "HASC_3": "IT.PI.VO"}, "geometry": {"type": "MultiPolygon", "coordinates": [[[[10.8617, 43.4881], [10.8556, 43.4837], [10.8523, 43.4788], [10.8542, 43.4769], [10.8599, 43.4781], [10.8689, 43.4737], [10.8708, 43.4684], [10.8708, 43.4615], [10.8913, 43.4606], [10.9001, 43.4663], [10.9103, 43.4669], [10.9165, 43.4644], [10.9211, 43.4584], [10.9374, 43.4544], [10.953, 43.4533], [10.9526, 43.4501], [10.9637, 43.4374], [10.9753, 43.4273], [10.9797, 43.4205], [10.98, 43.407], [10.9828, 43.4044], [10.9915, 43.402], [11.003, 43.4022], [11.0005, 43.4013], [11.003, 43.3907], [11.0066, 43.3802], [11.0136, 43.3776], [11.014, 43.3652], [10.9987, 43.345], [10.992, 43.3433], [10.9731, 43.3452], [10.9709, 43.3326], [10.9739, 43.3242], [10.971, 43.3152], [10.9551, 43.3131], [10.953, 43.303], [10.9502, 43.3053], [10.9421, 43.307], [10.9351, 43.3053], [10.9299, 43.3059], [10.9216, 43.314], [10.9126, 43.3182], [10.9008, 43.3206], [10.8908, 43.33], [10.883, 43.3348], [10.8453, 43.3358], [10.8389, 43.3401], [10.835, 43.3464], [10.8299, 43.3491], [10.8159, 43.3515], [10.8063, 43.3513], [10.7976, 43.3564], [10.8041, 43.3589], [10.8077, 43.3701], [10.7932, 43.3987], [10.7772, 43.4052], [10.7731, 43.4255], [10.7731, 43.4277], [10.7801, 43.4299], [10.7879, 43.4297], [10.7934, 43.436], [10.7941, 43.4377], [10.7904, 43.445], [10.7922, 43.4559], [10.7716, 43.4751], [10.7712, 43.4798], [10.7808, 43.4784], [10.7852, 43.4799], [10.8002, 43.4885], [10.8019, 43.4926], [10.8162, 43.498], [10.8317, 43.4948], [10.8482, 43.4984], [10.8575, 43.495], [10.8617, 43.4881]]]]}}, {"type": "Feature", "properties": {"GID_3": "ITA.16.8.1_1", "GID_0": "ITA", "COUNTRY": "Italy", "GID_1": "ITA.16_1", "NAME_1": "Toscana", "NL_NAME_1": "NA", "GID_2": "ITA.16.8_1", "NAME_2": "Pistoia", "NL_NAME_2": "NA", "NAME_3": "Abetone", "VARNAME_3": "NA", "NL_NAME_3": "NA", "TYPE_3": "Commune", "ENGTYPE_3": "Commune", "CC_3": "NA", "HASC_3": "IT.PT.AB"}, "geometry": {"type": "MultiPolygon", "coordinates": [[[[10.6251, 44.1213], [10.6263, 44.1278], [10.6255, 44.1423], [10.6438, 44.161], [10.6625, 44.1553], [10.695, 44.1586], [10.7099, 44.1559], [10.7077, 44.1541], [10.7036, 44.1431], [10.7167, 44.1294], [10.7209, 44.1277], [10.7122, 44.1192], [10.7028, 44.1204], [10.6886, 44.1192], [10.6669, 44.1102], [10.6528, 44.1093], [10.6394, 44.1127], [10.6251, 44.1213]]]]}}, {"type": "Feature", "properties": {"GID_3": "ITA.16.8.2_1", "GID_0": "ITA", "COUNTRY": "Italy", "GID_1": "ITA.16_1", "NAME_1": "Toscana", "NL_NAME_1": "NA", "GID_2": "ITA.16.8_1", "NAME_2": "Pistoia", "NL_NAME_2": "NA", "NAME_3": "Agliana", "VARNAME_3": "NA", "NL_NAME_3": "NA", "TYPE_3": "Commune", "ENGTYPE_3": "Commune", "CC_3": "NA", "HASC_3": "IT.PT.AG"}, "geometry": {"type": "MultiPolygon", "coordinates": [[[[10.997, 43.9209], [11.0258, 43.8973], [11.018, 43.885], [11.0139, 43.8707], [11.0026, 43.8744], [10.9861, 43.8896], [10.9817, 43.8961], [10.9801, 43.9099], [10.9918, 43.9229], [10.997, 43.9209]]]]}}, {"type": "Feature", "properties": {"GID_3": "ITA.16.8.3_1", "GID_0": "ITA", "COUNTRY": "Italy", "GID_1": "ITA.16_1", "NAME_1": "Toscana", "NL_NAME_1": "NA", "GID_2": "ITA.16.8_1", "NAME_2": "Pistoia", "NL_NAME_2": "NA", "NAME_3": "Buggiano", "VARNAME_3": "NA", "NL_NAME_3": "NA", "TYPE_3": "Commune", "ENGTYPE_3": "Commune", "CC_3": "NA", "HASC_3": "IT.PT.BU"}, "geometry": {"type": "MultiPolygon", "coordinates": [[[[10.7302, 43.935], [10.7335, 43.9244], [10.7311, 43.9185], [10.7317, 43.9134], [10.7351, 43.9067], [10.7399, 43.9058], [10.7451, 43.9021], [10.7502, 43.8847], [10.7511, 43.8755], [10.7492, 43.8715], [10.7491, 43.8642], [10.7687, 43.8571], [10.7687, 43.8551], [10.7567, 43.8602], [10.7381, 43.8599], [10.727, 43.8617], [10.7157, 43.8791], [10.7217, 43.8916], [10.7171, 43.9025], [10.7194, 43.9152], [10.7163, 43.9244], [10.7173, 43.9367], [10.7212, 43.9385], [10.7302, 43.935]]]]}}, {"type": "Feature", "properties": {"GID_3": "ITA.16.8.4_1", "GID_0": "ITA", "COUNTRY": "Italy", "GID_1": "ITA.16_1", "NAME_1": "Toscana", "NL_NAME_1": "NA", "GID_2": "ITA.16.8_1", "NAME_2": "Pistoia", "NL_NAME_2": "NA", "NAME_3": "ChiesinaUzzanese", "VARNAME_3": "NA", "NL_NAME_3": "NA", "TYPE_3": "Commune", "ENGTYPE_3": "Commune", "CC_3": "NA", "HASC_3": "IT.PT.CI"}, "geometry": {"type": "MultiPolygon", "coordinates": [[[[10.7372, 43.8131], [10.7288, 43.8151], [10.7264, 43.8233], [10.7199, 43.8351], [10.7062, 43.8438], [10.6959, 43.855], [10.7174, 43.8529], [10.7182, 43.8547], [10.7162, 43.8634], [10.7139, 43.8648], [10.727, 43.8617], [10.7375, 43.831], [10.7339, 43.824], [10.7372, 43.8131]]]]}}, {"type": "Feature", "properties": {"GID_3": "ITA.16.8.5_1", "GID_0": "ITA", "COUNTRY": "Italy", "GID_1": "ITA.16_1", "NAME_1": "Toscana", "NL_NAME_1": "NA", "GID_2": "ITA.16.8_1", "NAME_2": "Pistoia", "NL_NAME_2": "NA", "NAME_3": "Cutigliano", "VARNAME_3": "NA", "NL_NAME_3": "NA", "TYPE_3": "Commune", "ENGTYPE_3": "Commune", "CC_3": "NA", "HASC_3": "IT.PT.CT"}, "geometry": {"type": "MultiPolygon", "coordinates": [[[[10.7099, 44.1559], [10.7443, 44.1574], [10.7553, 44.1551], [10.7608, 44.152], [10.7743, 44.1356], [10.7847, 44.1305], [10.7721, 44.1131], [10.7688, 44.1068], [10.7669, 44.0968], [10.7435, 44.0815], [10.7364, 44.0844], [10.7246, 44.0837], [10.7188, 44.0857], [10.707, 44.0939], [10.6669, 44.1102], [10.6886, 44.1192], [10.7028, 44.1204], [10.7122, 44.1192], [10.7209, 44.1277], [10.7167, 44.1294], [10.7036, 44.1431], [10.7077, 44.1541], [10.7099, 44.1559]]]]}}, {"type": "Feature", "properties": {"GID_3": "ITA.16.8.6_1", "GID_0": "ITA", "COUNTRY": "Italy", "GID_1": "ITA.16_1", "NAME_1": "Toscana", "NL_NAME_1": "NA", "GID_2": "ITA.16.8_1", "NAME_2": "Pistoia", "NL_NAME_2": "NA", "NAME_3": "Lamporecchio", "VARNAME_3": "NA", "NL_NAME_3": "NA", "TYPE_3": "Commune", "ENGTYPE_3": "Commune", "CC_3": "NA", "HASC_3": "IT.PT.LM"}, "geometry": {"type": "MultiPolygon", "coordinates": [[[[10.8362, 43.7993], [10.8266, 43.7959], [10.8364, 43.8016], [10.846, 43.8031], [10.8362, 43.7993]]], [[[10.8485, 43.804], [10.8676, 43.8129], [10.8899, 43.8196], [10.8921, 43.8237], [10.8906, 43.8266], [10.9, 43.8414], [10.9072, 43.8477], [10.9159, 43.8481], [10.9356, 43.8375], [10.9394, 43.8287], [10.943, 43.8244], [10.9219, 43.8041], [10.9185, 43.802], [10.9007, 43.798], [10.8838, 43.7949], [10.8729, 43.7956], [10.865, 43.7996], [10.8485, 43.804]]]]}}, {"type": "Feature", "properties": {"GID_3": "ITA.16.8.7_1", "GID_0": "ITA", "COUNTRY": "Italy", "GID_1": "ITA.16_1", "NAME_1": "Toscana", "NL_NAME_1": "NA", "GID_2": "ITA.16.8_1", "NAME_2": "Pistoia", "NL_NAME_2": "NA", "NAME_3": "Larciano", "VARNAME_3": "NA", "NL_NAME_3": "NA", "TYPE_3": "Commune", "ENGTYPE_3": "Commune", "CC_3": "NA", "HASC_3": "IT.PT.LR"}, "geometry": {"type": "MultiPolygon", "coordinates": [[[[10.8266, 43.7959], [10.8137, 43.7898], [10.8189, 43.8001], [10.8167, 43.8097], [10.8102, 43.8188], [10.844, 43.8298], [10.8501, 43.8341], [10.8584, 43.8413], [10.8729, 43.86], [10.87, 43.8668], [10.8712, 43.8685], [10.8831, 43.8656], [10.8813, 43.8598], [10.8825, 43.8517], [10.8914, 43.8547], [10.8991, 43.8538], [10.907, 43.85], [10.9072, 43.8477], [10.9, 43.8414], [10.8906, 43.8266], [10.8921, 43.8237], [10.8899, 43.8196], [10.8676, 43.8129], [10.846, 43.8031], [10.8364, 43.8016], [10.8266, 43.7959]]]]}}, {"type": "Feature", "properties": {"GID_3": "ITA.16.8.8_1", "GID_0": "ITA", "COUNTRY": "Italy", "GID_1": "ITA.16_1", "NAME_1": "Toscana", "NL_NAME_1": "NA", "GID_2": "ITA.16.8_1", "NAME_2": "Pistoia", "NL_NAME_2": "NA", "NAME_3": "Marliana", "VARNAME_3": "NA", "NL_NAME_3": "NA", "TYPE_3": "Commune", "ENGTYPE_3": "Commune", "CC_3": "NA", "HASC_3": "IT.PT.MA"}, "geometry": {"type": "MultiPolygon", "coordinates": [[[[10.7711, 43.9201], [10.7661, 43.9317], [10.7517, 43.9442], [10.7555, 43.9475], [10.7553, 43.9521], [10.7467, 43.964], [10.7365, 43.9669], [10.7363, 43.969], [10.748, 43.9808], [10.7639, 43.9827], [10.7879, 43.9714], [10.797, 43.9806], [10.8006, 43.987], [10.7928, 43.9937], [10.7929, 44.0023], [10.8032, 44.0028], [10.8105, 44.0], [10.8087, 43.9966], [10.8096, 43.9926], [10.8192, 43.9839], [10.8346, 43.9749], [10.8449, 43.9513], [10.84, 43.9516], [10.831, 43.9446], [10.828, 43.9396], [10.8272, 43.9316], [10.8121, 43.9253], [10.8048, 43.9184], [10.7913, 43.9294], [10.7854, 43.9277], [10.7802, 43.9231], [10.7711, 43.9201]]]]}}, {"type": "Feature", "properties": {"GID_3": "ITA.16.8.9_1", "GID_0": "ITA", "COUNTRY": "Italy", "GID_1": "ITA.16_1", "NAME_1": "Toscana", "NL_NAME_1": "NA", "GID_2": "ITA.16.8_1", "NAME_2": "Pistoia", "NL_NAME_2": "NA", "NAME_3": "MassaECozzile", "VARNAME_3": "NA", "NL_NAME_3": "NA", "TYPE_3": "Commune", "ENGTYPE_3": "Commune", "CC_3": "NA", "HASC_3": "IT.PT.MC"}, "geometry": {"type": "MultiPolygon", "coordinates": [[[[10.7687, 43.8571], [10.7491, 43.8642], [10.7492, 43.8715], [10.7511, 43.8755], [10.7502, 43.8847], [10.7451, 43.9021], [10.7399, 43.9058], [10.7351, 43.9067], [10.7317, 43.9134], [10.7311, 43.9185], [10.7335, 43.9244], [10.7302, 43.935], [10.738, 43.9353], [10.7517, 43.9442], [10.7661, 43.9317], [10.7711, 43.9201], [10.77, 43.9141], [10.7628, 43.9086], [10.7582, 43.891], [10.7674, 43.8726], [10.7687, 43.8571]]]]}}, {"type": "Feature", "properties": {"GID_3": "ITA.16.8.10_1", "GID_0": "ITA", "COUNTRY": "Italy", "GID_1": "ITA.16_1", "NAME_1": "Toscana", "NL_NAME_1": "NA", "GID_2": "ITA.16.8_1", "NAME_2": "Pistoia", "NL_NAME_2": "NA", "NAME_3": "MonsummanoTerme", "VARNAME_3": "NA", "NL_NAME_3": "NA", "TYPE_3": "Commune", "ENGTYPE_3": "Commune", "CC_3": "NA", "HASC_3": "IT.PT.MT"}, "geometry": {"type": "MultiPolygon", "coordinates": [[[[10.8712, 43.8685], [10.87, 43.8668], [10.8729, 43.8609], [10.8716, 43.858], [10.8584, 43.8413], [10.844, 43.8298], [10.8102, 43.8188], [10.7921, 43.8389], [10.8008, 43.8571], [10.8094, 43.8827], [10.817, 43.8904], [10.821, 43.8882], [10.8324, 43.8889], [10.8453, 43.887], [10.8583, 43.8785], [10.8611, 43.8738], [10.8712, 43.8685]]]]}}, {"type": "Feature", "properties": {"GID_3": "ITA.16.8.11_1", "GID_0": "ITA", "COUNTRY": "Italy", "GID_1": "ITA.16_1", "NAME_1": "Toscana", "NL_NAME_1": "NA", "GID_2": "ITA.16.8_1", "NAME_2": "Pistoia", "NL_NAME_2": "NA", "NAME_3": "Montale", "VARNAME_3": "NA", "NL_NAME_3": "NA", "TYPE_3": "Commune", "ENGTYPE_3": "Commune", "CC_3": "NA", "HASC_3": "IT.PT.MO"}, "geometry": {"type": "MultiPolygon", "coordinates": [[[[11.0255, 43.8979], [10.997, 43.9209], [11.0067, 43.9424], [10.9972, 43.9536], [10.9959, 43.9655], [10.9963, 43.9693], [11.004, 43.9751], [11.0081, 43.9826], [11.0117, 43.9957], [11.036, 44.0], [11.0531, 43.9931], [11.0639, 43.9853], [11.0716, 43.9839], [11.0655, 43.9701], [11.0624, 43.967], [11.0483, 43.9613], [11.0303, 43.9429], [11.0192, 43.912], [11.0262, 43.9037], [11.0255, 43.8979]]]]}}, {"type": "Feature", "properties": {"GID_3": "ITA.16.8.12_1", "GID_0": "ITA", "COUNTRY": "Italy", "GID_1": "ITA.16_1", "NAME_1": "Toscana", "NL_NAME_1": "NA", "GID_2": "ITA.16.8_1", "NAME_2": "Pistoia", "NL_NAME_2": "NA", "NAME_3": "Montecatini-Terme", "VARNAME_3": "NA", "NL_NAME_3": "NA", "TYPE_3": "Commune", "ENGTYPE_3": "Commune", "CC_3": "NA", "HASC_3": "IT.PT.ME"}, "geometry": {"type": "MultiPolygon", "coordinates": [[[[10.7687, 43.8551], [10.7674, 43.8726], [10.7582, 43.891], [10.7603, 43.9028], [10.7638, 43.9103], [10.77, 43.9141], [10.7711, 43.9201], [10.7802, 43.9231], [10.7867, 43.9284], [10.7913, 43.9294], [10.8048, 43.9184], [10.8121, 43.9253], [10.8125, 43.916], [10.8101, 43.914], [10.8096, 43.9077], [10.8011, 43.8938], [10.7873, 43.8888], [10.7847, 43.8789], [10.7745, 43.8636], [10.7733, 43.8526], [10.7687, 43.8551]]]]}}, {"type": "Feature", "properties": {"GID_3": "ITA.16.8.13_1", "GID_0": "ITA", "COUNTRY": "Italy", "GID_1": "ITA.16_1", "NAME_1": "Toscana", "NL_NAME_1": "NA", "GID_2": "ITA.16.8_1", "NAME_2": "Pistoia", "NL_NAME_2": "NA", "NAME_3": "Pescia", "VARNAME_3": "NA", "NL_NAME_3": "NA", "TYPE_3": "Commune", "ENGTYPE_3": "Commune", "CC_3": "NA", "HASC_3": "IT.PT.PE"}, "geometry": {"type": "MultiPolygon", "coordinates": [[[[10.676, 43.9859], [10.6788, 43.9859], [10.6954, 44.0], [10.6979, 44.0082], [10.7065, 44.0155], [10.7129, 44.0192], [10.724, 44.0182], [10.7343, 44.0212], [10.7397, 44.0269], [10.7421, 44.0269], [10.7453, 44.0205], [10.7416, 44.0007], [10.7374, 43.9975], [10.7348, 43.9979], [10.7305, 43.9836], [10.734, 43.9763], [10.7391, 43.973], [10.7361, 43.9673], [10.7472, 43.9635], [10.7553, 43.9521], [10.7557, 43.9482], [10.7547, 43.9462], [10.738, 43.9353], [10.7302, 43.935], [10.7212, 43.9385], [10.7173, 43.9367], [10.7163, 43.9244], [10.7184, 43.9174], [10.7056, 43.9121], [10.6986, 43.9005], [10.6956, 43.8915], [10.6951, 43.8817], [10.7162, 43.8634], [10.7182, 43.8547], [10.7174, 43.8529], [10.6889, 43.8554], [10.6879, 43.8676], [10.6794, 43.8765], [10.6757, 43.8766], [10.6635, 43.869], [10.6518, 43.8687], [10.651, 43.8828], [10.6557, 43.8956], [10.6503, 43.9044], [10.6489, 43.9114], [10.6589, 43.917], [10.6618, 43.9229], [10.6726, 43.9534], [10.6723, 43.9821], [10.676, 43.9859]]]]}}, {"type": "Feature", "properties": {"GID_3": "ITA.16.8.14_1", "GID_0": "ITA", "COUNTRY": "Italy", "GID_1": "ITA.16_1", "NAME_1": "Toscana", "NL_NAME_1": "NA", "GID_2": "ITA.16.8_1", "NAME_2": "Pistoia", "NL_NAME_2": "NA", "NAME_3": "PieveANievole", "VARNAME_3": "NA", "NL_NAME_3": "NA", "TYPE_3": "Commune", "ENGTYPE_3": "Commune", "CC_3": "NA", "HASC_3": "IT.PT.PN"}, "geometry": {"type": "MultiPolygon", "coordinates": [[[[10.817, 43.8904], [10.8094, 43.8827], [10.8008, 43.8571], [10.792, 43.8399], [10.798, 43.8332], [10.7902, 43.8316], [10.7837, 43.8416], [10.7733, 43.8526], [10.7746, 43.864], [10.7847, 43.8789], [10.7873, 43.8888], [10.8011, 43.8938], [10.8096, 43.9077], [10.8162, 43.9065], [10.812, 43.8975], [10.817, 43.8904]]]]}}, {"type": "Feature", "properties": {"GID_3": "ITA.16.8.15_1", "GID_0": "ITA", "COUNTRY": "Italy", "GID_1": "ITA.16_1", "NAME_1": "Toscana", "NL_NAME_1": "NA", "GID_2": "ITA.16.8_1", "NAME_2": "Pistoia", "NL_NAME_2": "NA", "NAME_3": "Pistoia", "VARNAME_3": "NA", "NL_NAME_3": "NA", "TYPE_3": "Commune", "ENGTYPE_3": "Commune", "CC_3": "NA", "HASC_3": "IT.PT.PS"}, "geometry": {"type": "MultiPolygon", "coordinates": [[[[10.8824, 44.0987], [10.9046, 44.0861], [10.9066, 44.0796], [10.9001, 44.0674], [10.9013, 44.0658], [10.9111, 44.0635], [10.9187, 44.0637], [10.9212, 44.0614], [10.9291, 44.0589], [10.9449, 44.06], [10.9719, 44.0508], [10.977, 44.0473], [10.988, 44.0292], [10.9863, 44.0189], [10.9941, 44.012], [11.0001, 44.009], [11.0073, 44.0064], [11.0127, 44.0064], [11.0153, 43.9967], [11.0117, 43.9957], [11.0081, 43.9826], [11.004, 43.9751], [10.9963, 43.9693], [10.9959, 43.9655], [10.9972, 43.9536], [11.0067, 43.9424], [10.997, 43.9209], [10.9918, 43.9229], [10.9801, 43.9099], [10.9817, 43.8961], [10.9836, 43.8921], [10.9771, 43.8855], [10.9637, 43.8781], [10.953, 43.8795], [10.9436, 43.8859], [10.9388, 43.8841], [10.9346, 43.89], [10.9259, 43.8924], [10.9178, 43.8931], [10.917, 43.8907], [10.9082, 43.8912], [10.8933, 43.8974], [10.8878, 43.8962], [10.888, 43.8927], [10.8742, 43.8955], [10.8689, 43.8992], [10.8669, 43.9092], [10.8604, 43.9153], [10.8512, 43.9187], [10.8418, 43.9298], [10.8272, 43.9316], [10.828, 43.9396], [10.831, 43.9446], [10.84, 43.9516], [10.8451, 43.9517], [10.8346, 43.9749], [10.8192, 43.9839], [10.8096, 43.9926], [10.809, 43.9974], [10.8112, 43.9992], [10.8146, 44.0075], [10.8082, 44.0182], [10.8125, 44.0215], [10.8297, 44.0268], [10.8355, 44.0253], [10.8447, 44.0194], [10.8554, 44.0252], [10.8621, 44.0326], [10.8679, 44.0355], [10.8839, 44.0387], [10.8909, 44.0435], [10.8905, 44.0465], [10.8802, 44.0599], [10.8685, 44.0707], [10.882, 44.0764], [10.8831, 44.0801], [10.8577, 44.1], [10.8678, 44.1016], [10.8773, 44.1009], [10.8824, 44.0987]]]]}}, {"type": "Feature", "properties": {"GID_3": "ITA.16.8.16_1", "GID_0": "ITA", "COUNTRY": "Italy", "GID_1": "ITA.16_1", "NAME_1": "Toscana", "NL_NAME_1": "NA", "GID_2": "ITA.16.8_1", "NAME_2": "Pistoia", "NL_NAME_2": "NA", "NAME_3": "Piteglio", "VARNAME_3": "NA", "NL_NAME_3": "NA", "TYPE_3": "Commune", "ENGTYPE_3": "Commune", "CC_3": "NA", "HASC_3": "IT.PT.PT"}, "geometry": {"type": "MultiPolygon", "coordinates": [[[[10.7388, 44.0259], [10.7319, 44.0396], [10.726, 44.0405], [10.72, 44.0448], [10.7197, 44.0528], [10.7261, 44.0647], [10.7233, 44.0839], [10.7391, 44.084], [10.7645, 44.0714], [10.7677, 44.0618], [10.7658, 44.0508], [10.7867, 44.0374], [10.7958, 44.0277], [10.8064, 44.0209], [10.8146, 44.0075], [10.8112, 43.9992], [10.8032, 44.0028], [10.7929, 44.0023], [10.7928, 43.9937], [10.8006, 43.987], [10.797, 43.9806], [10.7879, 43.9714], [10.7639, 43.9827], [10.748, 43.9808], [10.7391, 43.973], [10.734, 43.9763], [10.7305, 43.9836], [10.7348, 43.9979], [10.7374, 43.9975], [10.7416, 44.0007], [10.7446, 44.0131], [10.7452, 44.0209], [10.7421, 44.0269], [10.7388, 44.0259]]]]}}, {"type": "Feature", "properties": {"GID_3": "ITA.16.8.17_1", "GID_0": "ITA", "COUNTRY": "Italy", "GID_1": "ITA.16_1", "NAME_1": "Toscana", "NL_NAME_1": "NA", "GID_2": "ITA.16.8_1", "NAME_2": "Pistoia", "NL_NAME_2": "NA", "NAME_3": "PonteBuggianese", "VARNAME_3": "NA", "NL_NAME_3": "NA", "TYPE_3": "Commune", "ENGTYPE_3": "Commune", "CC_3": "NA", "HASC_3": "IT.PT.PB"}, "geometry": {"type": "MultiPolygon", "coordinates": [[[[10.8167, 43.8097], [10.7876, 43.7995], [10.7685, 43.8016], [10.7372, 43.8131], [10.7339, 43.824], [10.7375, 43.831], [10.727, 43.8617], [10.7381, 43.8599], [10.7567, 43.8602], [10.7733, 43.8526], [10.7837, 43.8416], [10.7895, 43.832], [10.798, 43.8332], [10.8167, 43.8097]]]]}}, {"type": "Feature", "properties": {"GID_3": "ITA.16.8.18_1", "GID_0": "ITA", "COUNTRY": "Italy", "GID_1": "ITA.16_1", "NAME_1": "Toscana", "NL_NAME_1": "NA", "GID_2": "ITA.16.8_1", "NAME_2": "Pistoia", "NL_NAME_2": "NA", "NAME_3": "Quarrata", "VARNAME_3": "NA", "NL_NAME_3": "NA", "TYPE_3": "Commune", "ENGTYPE_3": "Commune", "CC_3": "NA", "HASC_3": "IT.PT.QU"}, "geometry": {"type": "MultiPolygon", "coordinates": [[[[10.9651, 43.8134], [10.9548, 43.8203], [10.943, 43.8244], [10.9394, 43.8287], [10.9365, 43.8368], [10.9159, 43.8481], [10.9275, 43.8613], [10.9337, 43.8767], [10.9388, 43.8841], [10.9436, 43.8859], [10.953, 43.8795], [10.9637, 43.8781], [10.9771, 43.8855], [10.9839, 43.8927], [11.0026, 43.8744], [11.0179, 43.8684], [11.0268, 43.8572], [11.0247, 43.85], [11.0255, 43.8456], [11.0313, 43.8398], [11.0223, 43.8419], [11.0162, 43.8367], [10.9852, 43.8267], [10.9854, 43.8211], [10.9733, 43.8156], [10.968, 43.8158], [10.9651, 43.8134]]]]}}, {"type": "Feature", "properties": {"GID_3": "ITA.16.8.19_1", "GID_0": "ITA", "COUNTRY": "Italy", "GID_1": "ITA.16_1", "NAME_1": "Toscana", "NL_NAME_1": "NA", "GID_2": "ITA.16.8_1", "NAME_2": "Pistoia", "NL_NAME_2": "NA", "NAME_3": "SambucaPistoiese", "VARNAME_3": "NA", "NL_NAME_3": "NA", "TYPE_3": "Commune", "ENGTYPE_3": "Commune", "CC_3": "NA", "HASC_3": "IT.PT.SB"}, "geometry": {"type": "MultiPolygon", "coordinates": [[[[11.0332, 44.097], [11.0481, 44.0959], [11.0504, 44.0912], [11.0494, 44.0832], [11.055, 44.0734], [11.0469, 44.0532], [11.037, 44.0409], [11.0414, 44.0352], [11.0371, 44.0272], [11.0239, 44.0121], [11.0127, 44.0064], [11.0073, 44.0064], [11.0001, 44.009], [10.9941, 44.012], [10.9863, 44.0189], [10.988, 44.0292], [10.977, 44.0473], [10.9719, 44.0508], [10.9449, 44.06], [10.9291, 44.0589], [10.9212, 44.0614], [10.9187, 44.0637], [10.9285, 44.0769], [10.9451, 44.0822], [10.953, 44.0895], [10.9706, 44.1076], [10.9739, 44.1175], [10.9794, 44.1232], [10.9955, 44.1309], [10.9936, 44.1365], [11.0079, 44.1395], [11.0153, 44.1384], [11.0157, 44.1253], [11.0072, 44.1225], [11.0028, 44.1123], [11.025, 44.0984], [11.0332, 44.097]]]]}}, {"type": "Feature", "properties": {"GID_3": "ITA.16.8.20_1", "GID_0": "ITA", "COUNTRY": "Italy", "GID_1": "ITA.16_1", "NAME_1": "Toscana", "NL_NAME_1": "NA", "GID_2": "ITA.16.8_1", "NAME_2": "Pistoia", "NL_NAME_2": "NA", "NAME_3": "SanMarcelloPistoiese", "VARNAME_3": "NA", "NL_NAME_3": "NA", "TYPE_3": "Commune", "ENGTYPE_3": "Commune", "CC_3": "NA", "HASC_3": "IT.PT.SM"}, "geometry": {"type": "MultiPolygon", "coordinates": [[[[10.816, 44.1166], [10.8236, 44.1155], [10.8319, 44.1175], [10.8438, 44.1106], [10.8497, 44.099], [10.8577, 44.1], [10.8829, 44.0806], [10.882, 44.0764], [10.8685, 44.0707], [10.8802, 44.0599], [10.8905, 44.0465], [10.8907, 44.0432], [10.8832, 44.0384], [10.8635, 44.0334], [10.8602, 44.0315], [10.8554, 44.0252], [10.8447, 44.0194], [10.8355, 44.0253], [10.8297, 44.0268], [10.8125, 44.0215], [10.8082, 44.0182], [10.8064, 44.0209], [10.7958, 44.0277], [10.7867, 44.0374], [10.7658, 44.0508], [10.7677, 44.0618], [10.7645, 44.0714], [10.7435, 44.0815], [10.7439, 44.0828], [10.7669, 44.0968], [10.7688, 44.1068], [10.7721, 44.1131], [10.7847, 44.1305], [10.7923, 44.1289], [10.8051, 44.1196], [10.816, 44.1166]]]]}}, {"type": "Feature", "properties": {"GID_3": "ITA.16.8.21_1", "GID_0": "ITA", "COUNTRY": "Italy", "GID_1": "ITA.16_1", "NAME_1": "Toscana", "NL_NAME_1": "NA", "GID_2": "ITA.16.8_1", "NAME_2": "Pistoia", "NL_NAME_2": "NA", "NAME_3": "SerravallePistoiese", "VARNAME_3": "NA", "NL_NAME_3": "NA", "TYPE_3": "Commune", "ENGTYPE_3": "Commune", "CC_3": "NA", "HASC_3": "IT.PT.SR"}, "geometry": {"type": "MultiPolygon", "coordinates": [[[[10.9159, 43.8481], [10.9072, 43.8477], [10.9062, 43.8508], [10.8978, 43.854], [10.8898, 43.8546], [10.8825, 43.8517], [10.8813, 43.8598], [10.8831, 43.8656], [10.8712, 43.8685], [10.8611, 43.8738], [10.8583, 43.8785], [10.8453, 43.887], [10.8324, 43.8889], [10.821, 43.8882], [10.8163, 43.8908], [10.812, 43.8975], [10.8162, 43.9065], [10.8096, 43.9077], [10.8089, 43.9096], [10.8101, 43.914], [10.8125, 43.916], [10.8121, 43.9253], [10.8272, 43.9316], [10.8418, 43.9298], [10.8512, 43.9187], [10.8604, 43.9153], [10.8669, 43.9092], [10.8689, 43.8992], [10.8742, 43.8955], [10.888, 43.8927], [10.8878, 43.8962], [10.8933, 43.8974], [10.9082, 43.8912], [10.917, 43.8907], [10.9187, 43.8931], [10.9346, 43.89], [10.9388, 43.8841], [10.9337, 43.8767], [10.9275, 43.8613], [10.9159, 43.8481]]]]}}, {"type": "Feature", "properties": {"GID_3": "ITA.16.8.22_1", "GID_0": "ITA", "COUNTRY": "Italy", "GID_1": "ITA.16_1", "NAME_1": "Toscana", "NL_NAME_1": "NA", "GID_2": "ITA.16.8_1", "NAME_2": "Pistoia", "NL_NAME_2": "NA", "NAME_3": "Uzzano", "VARNAME_3": "NA", "NL_NAME_3": "NA", "TYPE_3": "Commune", "ENGTYPE_3": "Commune", "CC_3": "NA", "HASC_3": "IT.PT.UZ"}, "geometry": {"type": "MultiPolygon", "coordinates": [[[[10.7184, 43.9174], [10.7194, 43.9152], [10.7171, 43.9025], [10.7217, 43.8916], [10.7157, 43.8791], [10.727, 43.8617], [10.7139, 43.8648], [10.6947, 43.8827], [10.6956, 43.8915], [10.6986, 43.9005], [10.7056, 43.9121], [10.7184, 43.9174]]]]}}, {"type": "Feature", "properties": {"GID_3": "ITA.16.9.1_1", "GID_0": "ITA", "COUNTRY": "Italy", "GID_1": "ITA.16_1", "NAME_1": "Toscana", "NL_NAME_1": "NA", "GID_2": "ITA.16.9_1", "NAME_2": "Prato", "NL_NAME_2": "NA", "NAME_3": "Cantagallo", "VARNAME_3": "NA", "NL_NAME_3": "NA", "TYPE_3": "Commune", "ENGTYPE_3": "Commune", "CC_3": "NA", "HASC_3": "IT.PO.CN"}, "geometry": {"type": "MultiPolygon", "coordinates": [[[[11.0504, 44.0912], [11.0682, 44.0928], [11.0904, 44.0909], [11.0942, 44.0954], [11.0985, 44.0939], [11.1055, 44.0843], [11.1089, 44.0666], [11.1065, 44.0544], [11.1081, 44.0512], [11.1119, 44.0473], [11.1229, 44.044], [11.1308, 44.0389], [11.1233, 44.0319], [11.1262, 44.0238], [11.1377, 44.0218], [11.1522, 44.0219], [11.1632, 44.0179], [11.1676, 44.0136], [11.1766, 44.0103], [11.181, 43.9946], [11.1788, 43.9875], [11.1735, 43.9821], [11.1673, 43.9794], [11.1538, 43.9777], [11.1332, 43.9823], [11.1275, 43.979], [11.0828, 43.9718], [11.0716, 43.9839], [11.0639, 43.9853], [11.0531, 43.9931], [11.0384, 43.9994], [11.0312, 43.9997], [11.0153, 43.9967], [11.0127, 44.0064], [11.0239, 44.0121], [11.03, 44.0176], [11.0414, 44.0352], [11.037, 44.0409], [11.0469, 44.0532], [11.055, 44.0734], [11.0494, 44.0832], [11.0504, 44.0912]]]]}}, {"type": "Feature", "properties": {"GID_3": "ITA.16.9.2_1", "GID_0": "ITA", "COUNTRY": "Italy", "GID_1": "ITA.16_1", "NAME_1": "Toscana", "NL_NAME_1": "NA", "GID_2": "ITA.16.9_1", "NAME_2": "Prato", "NL_NAME_2": "NA", "NAME_3": "Carmignano", "VARNAME_3": "NA", "NL_NAME_3": "NA", "TYPE_3": "Commune", "ENGTYPE_3": "Commune", "CC_3": "NA", "HASC_3": "IT.PO.CR"}, "geometry": {"type": "MultiPolygon", "coordinates": [[[[11.0357, 43.7679], [11.0289, 43.7754], [11.0003, 43.7777], [10.9861, 43.7857], [10.9788, 43.7863], [10.9808, 43.793], [10.9801, 43.7961], [10.9755, 43.8019], [10.9698, 43.8055], [10.9651, 43.8134], [10.968, 43.8158], [10.9733, 43.8156], [10.9854, 43.8211], [10.9852, 43.8267], [11.0162, 43.8367], [11.0223, 43.8419], [11.0313, 43.8398], [11.0413, 43.8316], [11.029, 43.8301], [11.0259, 43.8272], [11.0313, 43.8185], [11.0331, 43.806], [11.0398, 43.8026], [11.0482, 43.8013], [11.0639, 43.8062], [11.0683, 43.799], [11.075, 43.7948], [11.0572, 43.7834], [11.058, 43.7808], [11.0659, 43.777], [11.0631, 43.7751], [11.0577, 43.7597], [11.0538, 43.7597], [11.0468, 43.7653], [11.0357, 43.7679]]]]}}, {"type": "Feature", "properties": {"GID_3": "ITA.16.9.3_1", "GID_0": "ITA", "COUNTRY": "Italy", "GID_1": "ITA.16_1", "NAME_1": "Toscana", "NL_NAME_1": "NA", "GID_2": "ITA.16.9_1", "NAME_2": "Prato", "NL_NAME_2": "NA", "NAME_3": "Montemurlo", "VARNAME_3": "NA", "NL_NAME_3": "NA", "TYPE_3": "Commune", "ENGTYPE_3": "Commune", "CC_3": "NA", "HASC_3": "IT.PO.MO"}, "geometry": {"type": "MultiPolygon", "coordinates": [[[[11.0258, 43.8973], [11.0262, 43.9037], [11.0192, 43.912], [11.0303, 43.9429], [11.0483, 43.9613], [11.0624, 43.967], [11.0655, 43.9701], [11.0716, 43.9839], [11.0828, 43.9718], [11.0909, 43.9586], [11.0966, 43.9555], [11.0966, 43.9513], [11.0824, 43.9357], [11.0809, 43.9246], [11.0767, 43.9173], [11.0643, 43.9081], [11.0473, 43.9032], [11.0432, 43.905], [11.031, 43.903], [11.0258, 43.8973]]]]}}, {"type": "Feature", "properties": {"GID_3": "ITA.16.9.4_1", "GID_0": "ITA", "COUNTRY": "Italy", "GID_1": "ITA.16_1", "NAME_1": "Toscana", "NL_NAME_1": "NA", "GID_2": "ITA.16.9_1", "NAME_2": "Prato", "NL_NAME_2": "NA", "NAME_3": "PoggioACaiano", "VARNAME_3": "NA", "NL_NAME_3": "NA", "TYPE_3": "Commune", "ENGTYPE_3": "Commune", "CC_3": "NA", "HASC_3": "IT.PO.PC"}, "geometry": {"type": "MultiPolygon", "coordinates": [[[[11.0631, 43.8174], [11.0639, 43.8062], [11.0492, 43.8013], [11.0398, 43.8026], [11.0331, 43.806], [11.0313, 43.8185], [11.0259, 43.8272], [11.029, 43.8301], [11.0413, 43.8316], [11.0631, 43.8174]]]]}}, {"type": "Feature", "properties": {"GID_3": "ITA.16.9.5_1", "GID_0": "ITA", "COUNTRY": "Italy", "GID_1": "ITA.16_1", "NAME_1": "Toscana", "NL_NAME_1": "NA", "GID_2": "ITA.16.9_1", "NAME_2": "Prato", "NL_NAME_2": "NA", "NAME_3": "Prato", "VARNAME_3": "NA", "NL_NAME_3": "NA", "TYPE_3": "Commune", "ENGTYPE_3": "Commune", "CC_3": "NA", "HASC_3": "IT.PO.PR"}, "geometry": {"type": "MultiPolygon", "coordinates": [[[[11.1641, 43.9291], [11.1703, 43.9196], [11.1685, 43.9177], [11.1587, 43.9178], [11.1426, 43.9078], [11.1486, 43.9032], [11.1356, 43.8857], [11.1453, 43.8764], [11.1487, 43.871], [11.1498, 43.8676], [11.1467, 43.8619], [11.1447, 43.8595], [11.142, 43.8601], [11.1357, 43.8539], [11.1238, 43.8515], [11.1042, 43.8293], [11.1048, 43.8269], [11.096, 43.821], [11.0848, 43.8187], [11.0799, 43.8207], [11.0808, 43.8228], [11.0783, 43.8244], [11.0706, 43.826], [11.0631, 43.8174], [11.0413, 43.8316], [11.0255, 43.8456], [11.0247, 43.85], [11.0268, 43.8572], [11.0179, 43.8684], [11.0139, 43.8707], [11.0159, 43.88], [11.0228, 43.8933], [11.031, 43.903], [11.0432, 43.905], [11.0473, 43.9032], [11.0643, 43.9081], [11.0767, 43.9173], [11.0809, 43.9246], [11.0824, 43.9357], [11.0937, 43.9486], [11.0995, 43.9502], [11.1101, 43.9461], [11.129, 43.915], [11.1386, 43.9166], [11.1641, 43.9291]]]]}}, {"type": "Feature", "properties": {"GID_3": "ITA.16.9.6_1", "GID_0": "ITA", "COUNTRY": "Italy", "GID_1": "ITA.16_1", "NAME_1": "Toscana", "NL_NAME_1": "NA", "GID_2": "ITA.16.9_1", "NAME_2": "Prato", "NL_NAME_2": "NA", "NAME_3": "Vaiano", "VARNAME_3": "NA", "NL_NAME_3": "NA", "TYPE_3": "Commune", "ENGTYPE_3": "Commune", "CC_3": "NA", "HASC_3": "IT.PO.VA"}, "geometry": {"type": "MultiPolygon", "coordinates": [[[[11.1723, 43.9813], [11.1749, 43.9755], [11.1704, 43.9638], [11.1761, 43.9526], [11.1727, 43.9425], [11.1651, 43.9401], [11.1617, 43.9363], [11.1641, 43.9291], [11.1386, 43.9166], [11.1329, 43.9154], [11.129, 43.915], [11.1101, 43.9461], [11.0995, 43.9502], [11.0937, 43.9486], [11.0966, 43.9513], [11.0966, 43.9555], [11.0909, 43.9586], [11.0828, 43.9718], [11.1275, 43.979], [11.1332, 43.9823], [11.1538, 43.9777], [11.1723, 43.9813]]]]}}, {"type": "Feature", "properties": {"GID_3": "ITA.16.9.7_1", "GID_0": "ITA", "COUNTRY": "Italy", "GID_1": "ITA.16_1", "NAME_1": "Toscana", "NL_NAME_1": "NA", "GID_2": "ITA.16.9_1", "NAME_2": "Prato", "NL_NAME_2": "NA", "NAME_3": "Vernio", "VARNAME_3": "NA", "NL_NAME_3": "NA", "TYPE_3": "Commune", "ENGTYPE_3": "Commune", "CC_3": "NA", "HASC_3": "IT.PO.VE"}, "geometry": {"type": "MultiPolygon", "coordinates": [[[[11.0942, 44.0954], [11.1256, 44.1082], [11.1286, 44.1106], [11.1404, 44.1088], [11.1427, 44.1112], [11.1602, 44.1134], [11.1713, 44.1085], [11.1873, 44.107], [11.2034, 44.1017], [11.1997, 44.0985], [11.2001, 44.0845], [11.1879, 44.0754], [11.1867, 44.0721], [11.1879, 44.065], [11.1872, 44.0572], [11.1816, 44.0525], [11.1803, 44.0467], [11.1804, 44.0432], [11.1925, 44.0311], [11.1893, 44.0197], [11.175, 44.0109], [11.1676, 44.0136], [11.1632, 44.0179], [11.1522, 44.0219], [11.1377, 44.0218], [11.1262, 44.0238], [11.1233, 44.0319], [11.1308, 44.0389], [11.1229, 44.044], [11.1119, 44.0473], [11.1081, 44.0512], [11.1065, 44.0544], [11.1089, 44.0666], [11.1055, 44.0843], [11.1002, 44.0923], [11.0942, 44.0954]]]]}}, {"type": "Feature", "properties": {"GID_3": "ITA.16.10.1_1", "GID_0": "ITA", "COUNTRY": "Italy", "GID_1": "ITA.16_1", "NAME_1": "Toscana", "NL_NAME_1": "NA", "GID_2": "ITA.16.10_1", "NAME_2": "Siena", "NL_NAME_2": "NA", "NAME_3": "AbbadiaSanSalvatore", "VARNAME_3": "NA", "NL_NAME_3": "NA", "TYPE_3": "Commune", "ENGTYPE_3": "Commune", "CC_3": "NA", "HASC_3": "IT.SI.AB"}, "geometry": {"type": "MultiPolygon", "coordinates": [[[[11.6206, 42.8824], [11.6262, 42.8911], [11.6256, 42.9046], [11.6278, 42.9126], [11.6352, 42.9102], [11.6446, 42.9166], [11.6573, 42.9155], [11.6667, 42.9157], [11.6794, 42.9183], [11.7061, 42.9175], [11.721, 42.9252], [11.7214, 42.9141], [11.7243, 42.9087], [11.7327, 42.9033], [11.7324, 42.8993], [11.7266, 42.8929], [11.727, 42.8873], [11.7494, 42.859], [11.7519, 42.8527], [11.751, 42.8442], [11.7524, 42.8379], [11.7492, 42.8345], [11.7365, 42.8407], [11.7278, 42.8551], [11.7131, 42.8648], [11.7056, 42.8612], [11.6775, 42.8547], [11.6721, 42.8565], [11.6699, 42.8598], [11.6627, 42.8646], [11.6569, 42.8652], [11.653, 42.8629], [11.6372, 42.8594], [11.6256, 42.8661], [11.6251, 42.8723], [11.6206, 42.8824]]]]}}, {"type": "Feature", "properties": {"GID_3": "ITA.16.10.2_1", "GID_0": "ITA", "COUNTRY": "Italy", "GID_1": "ITA.16_1", "NAME_1": "Toscana", "NL_NAME_1": "NA", "GID_2": "ITA.16.10_1", "NAME_2": "Siena", "NL_NAME_2": "NA", "NAME_3": "Asciano", "VARNAME_3": "NA", "NL_NAME_3": "NA", "TYPE_3": "Commune", "ENGTYPE_3": "Commune", "CC_3": "NA", "HASC_3": "IT.SI.AC"}, "geometry": {"type": "MultiPolygon", "coordinates": [[[[11.5475, 43.1541], [11.5394, 43.1625], [11.5256, 43.1653], [11.52, 43.1633], [11.5144, 43.156], [11.5123, 43.1565], [11.5043, 43.1641], [11.5015, 43.1689], [11.5002, 43.1853], [11.5014, 43.1909], [11.4934, 43.1983], [11.4884, 43.1993], [11.4659, 43.1948], [11.464, 43.1978], [11.4702, 43.2178], [11.4647, 43.2289], [11.4539, 43.237], [11.4439, 43.2398], [11.4392, 43.2456], [11.4362, 43.2563], [11.4379, 43.2645], [11.4359, 43.2663], [11.4212, 43.2646], [11.4137, 43.2569], [11.4096, 43.2505], [11.4104, 43.2488], [11.4009, 43.2529], [11.3986, 43.2557], [11.3893, 43.2572], [11.385, 43.2604], [11.3799, 43.2751], [11.3802, 43.278], [11.3953, 43.2863], [11.4032, 43.2964], [11.4187, 43.3], [11.4259, 43.3039], [11.4389, 43.3074], [11.4656, 43.3095], [11.4896, 43.3096], [11.5042, 43.308], [11.5138, 43.3138], [11.5255, 43.3179], [11.5429, 43.3212], [11.552, 43.325], [11.5598, 43.3247], [11.5709, 43.3206], [11.5805, 43.3129], [11.5798, 43.2864], [11.5751, 43.2795], [11.5838, 43.2646], [11.5969, 43.2535], [11.5991, 43.2446], [11.6123, 43.2327], [11.6173, 43.2321], [11.6285, 43.2344], [11.6452, 43.2236], [11.6736, 43.2274], [11.6685, 43.2167], [11.6586, 43.2108], [11.6385, 43.2073], [11.6258, 43.1962], [11.6146, 43.1956], [11.6035, 43.1908], [11.6112, 43.1812], [11.6135, 43.1739], [11.5993, 43.174], [11.5802, 43.1785], [11.5795, 43.1699], [11.5769, 43.1671], [11.5638, 43.159], [11.5548, 43.1596], [11.548, 43.1566], [11.5475, 43.1541]]]]}}, {"type": "Feature", "properties": {"GID_3": "ITA.16.10.3_1", "GID_0": "ITA", "COUNTRY": "Italy", "GID_1": "ITA.16_1", "NAME_1": "Toscana", "NL_NAME_1": "NA", "GID_2": "ITA.16.10_1", "NAME_2": "Siena", "NL_NAME_2": "NA", "NAME_3": "Buonconvento", "VARNAME_3": "NA", "NL_NAME_3": "NA", "TYPE_3": "Commune", "ENGTYPE_3": "Commune", "CC_3": "NA", "HASC_3": "IT.SI.BU"}, "geometry": {"type": "MultiPolygon", "coordinates": [[[[11.4659, 43.1948], [11.4884, 43.1993], [11.4934, 43.1983], [11.5014, 43.1909], [11.5002, 43.1853], [11.5015, 43.1689], [11.5043, 43.1641], [11.5123, 43.1565], [11.5144, 43.156], [11.52, 43.1633], [11.5256, 43.1653], [11.5394, 43.1625], [11.5475, 43.1541], [11.5232, 43.1475], [11.5152, 43.1412], [11.5195, 43.1387], [11.5247, 43.1302], [11.528, 43.1159], [11.5243, 43.1119], [11.5188, 43.1106], [11.5113, 43.1061], [11.4969, 43.1087], [11.4827, 43.1086], [11.476, 43.1067], [11.4587, 43.1103], [11.441, 43.1053], [11.4244, 43.104], [11.4231, 43.1046], [11.4232, 43.1073], [11.4199, 43.1097], [11.4059, 43.1136], [11.4029, 43.1124], [11.4021, 43.1213], [11.4031, 43.1238], [11.4166, 43.1328], [11.4263, 43.1561], [11.4395, 43.1619], [11.4443, 43.1625], [11.4482, 43.1604], [11.4645, 43.1645], [11.4739, 43.1723], [11.4758, 43.1768], [11.4675, 43.1797], [11.4574, 43.1906], [11.4659, 43.1948]]]]}}, {"type": "Feature", "properties": {"GID_3": "ITA.16.10.4_1", "GID_0": "ITA", "COUNTRY": "Italy", "GID_1": "ITA.16_1", "NAME_1": "Toscana", "NL_NAME_1": "NA", "GID_2": "ITA.16.10_1", "NAME_2": "Siena", "NL_NAME_2": "NA", "NAME_3": "Casoled'Elsa", "VARNAME_3": "NA", "NL_NAME_3": "NA", "TYPE_3": "Commune", "ENGTYPE_3": "Commune", "CC_3": "NA", "HASC_3": "IT.SI.CE"}, "geometry": {"type": "MultiPolygon", "coordinates": [[[[10.9858, 43.2865], [10.9846, 43.289], [10.9719, 43.2979], [10.953, 43.303], [10.9551, 43.3131], [10.971, 43.3152], [10.9739, 43.3242], [10.9709, 43.3326], [10.9733, 43.3455], [10.992, 43.3433], [10.9987, 43.345], [11.014, 43.3652], [11.0136, 43.3776], [11.0353, 43.3797], [11.047, 43.3831], [11.0574, 43.3818], [11.0649, 43.376], [11.0646, 43.3699], [11.0766, 43.3536], [11.0833, 43.3535], [11.087, 43.3484], [11.0796, 43.3325], [11.1025, 43.3268], [11.1139, 43.3262], [11.1327, 43.3355], [11.1341, 43.3496], [11.1539, 43.351], [11.1647, 43.355], [11.1953, 43.3459], [11.1998, 43.34], [11.1965, 43.33], [11.1989, 43.3271], [11.1839, 43.3199], [11.1729, 43.3181], [11.1607, 43.3104], [11.1541, 43.3026], [11.1476, 43.2912], [11.1486, 43.2803], [11.1296, 43.2732], [11.1332, 43.269], [11.1525, 43.2587], [11.1579, 43.2583], [11.167, 43.2528], [11.1715, 43.2478], [11.1721, 43.2411], [11.1656, 43.2458], [11.1587, 43.2479], [11.1565, 43.2405], [11.158, 43.2363], [11.1507, 43.2338], [11.1367, 43.2346], [11.1288, 43.2385], [11.1177, 43.2394], [11.117, 43.2429], [11.1085, 43.2478], [11.1056, 43.2518], [11.1074, 43.2569], [11.1099, 43.2575], [11.1103, 43.2594], [11.1051, 43.2656], [11.0882, 43.2692], [11.0867, 43.2728], [11.076, 43.2789], [11.0579, 43.2826], [11.0489, 43.2826], [11.0327, 43.293], [11.0247, 43.2917], [11.0214, 43.2886], [11.0025, 43.2841], [10.9858, 43.2865]]]]}}, {"type": "Feature", "properties": {"GID_3": "ITA.16.10.5_1", "GID_0": "ITA", "COUNTRY": "Italy", "GID_1": "ITA.16_1", "NAME_1": "Toscana", "NL_NAME_1": "NA", "GID_2": "ITA.16.10_1", "NAME_2": "Siena", "NL_NAME_2": "NA", "NAME_3": "CastellinaInChianti", "VARNAME_3": "NA", "NL_NAME_3": "NA", "TYPE_3": "Commune", "ENGTYPE_3": "Commune", "CC_3": "NA", "HASC_3": "IT.SI.CC"}, "geometry": {"type": "MultiPolygon", "coordinates": [[[[11.2121, 43.4822], [11.2139, 43.485], [11.2206, 43.489], [11.2306, 43.4907], [11.247, 43.4995], [11.2733, 43.5307], [11.2693, 43.5436], [11.2706, 43.5468], [11.2764, 43.5449], [11.2915, 43.5338], [11.2937, 43.5249], [11.3082, 43.5192], [11.3065, 43.511], [11.3117, 43.5038], [11.3144, 43.4959], [11.3079, 43.4899], [11.3071, 43.4812], [11.3178, 43.4674], [11.3068, 43.4602], [11.3065, 43.4548], [11.3129, 43.452], [11.3244, 43.4368], [11.325, 43.427], [11.3198, 43.4243], [11.3187, 43.4205], [11.3143, 43.4154], [11.3056, 43.4105], [11.301, 43.4106], [11.2921, 43.4066], [11.2841, 43.4006], [11.2796, 43.4047], [11.2589, 43.404], [11.2565, 43.3964], [11.2519, 43.3892], [11.2402, 43.3947], [11.2288, 43.3966], [11.2208, 43.3957], [11.2145, 43.4049], [11.2154, 43.4152], [11.2129, 43.4175], [11.208, 43.4179], [11.2135, 43.4319], [11.2246, 43.4479], [11.214, 43.4585], [11.2207, 43.4654], [11.2203, 43.4762], [11.2121, 43.4822]]]]}}, {"type": "Feature", "properties": {"GID_3": "ITA.16.10.6_1", "GID_0": "ITA", "COUNTRY": "Italy", "GID_1": "ITA.16_1", "NAME_1": "Toscana", "NL_NAME_1": "NA", "GID_2": "ITA.16.10_1", "NAME_2": "Siena", "NL_NAME_2": "NA", "NAME_3": "CastelnuovoBerardenga", "VARNAME_3": "NA", "NL_NAME_3": "NA", "TYPE_3": "Commune", "ENGTYPE_3": "Commune", "CC_3": "NA", "HASC_3": "IT.SI.CB"}, "geometry": {"type": "MultiPolygon", "coordinates": [[[[11.5361, 43.4085], [11.5307, 43.3996], [11.5325, 43.3933], [11.549, 43.3787], [11.5643, 43.3756], [11.5647, 43.3691], [11.5685, 43.3637], [11.5797, 43.3624], [11.5878, 43.3583], [11.5905, 43.3552], [11.6013, 43.3524], [11.5988, 43.3467], [11.5743, 43.3297], [11.5691, 43.3236], [11.5691, 43.3214], [11.5598, 43.3247], [11.552, 43.325], [11.5429, 43.3212], [11.5255, 43.3179], [11.5138, 43.3138], [11.5042, 43.308], [11.4896, 43.3096], [11.4656, 43.3095], [11.4389, 43.3074], [11.4038, 43.296], [11.4151, 43.3026], [11.4217, 43.3204], [11.4227, 43.3337], [11.4276, 43.3388], [11.4226, 43.3489], [11.4148, 43.3506], [11.3996, 43.3509], [11.383, 43.3487], [11.3677, 43.3489], [11.3476, 43.3555], [11.3358, 43.3636], [11.3348, 43.366], [11.3312, 43.3659], [11.3159, 43.3592], [11.3138, 43.3655], [11.3112, 43.3909], [11.3056, 43.4105], [11.3145, 43.4155], [11.3198, 43.4243], [11.3247, 43.4266], [11.3351, 43.4255], [11.3512, 43.4289], [11.3679, 43.4298], [11.3821, 43.4195], [11.3854, 43.4142], [11.3839, 43.4111], [11.3865, 43.4089], [11.3937, 43.408], [11.4014, 43.411], [11.4034, 43.4102], [11.4123, 43.3829], [11.4161, 43.3591], [11.422, 43.3562], [11.4313, 43.3627], [11.4344, 43.3703], [11.4497, 43.3934], [11.4637, 43.3995], [11.4919, 43.4172], [11.5042, 43.4194], [11.5132, 43.4181], [11.5301, 43.4124], [11.5361, 43.4085]]]]}}, {"type": "Feature", "properties": {"GID_3": "ITA.16.10.7_1", "GID_0": "ITA", "COUNTRY": "Italy", "GID_1": "ITA.16_1", "NAME_1": "Toscana", "NL_NAME_1": "NA", "GID_2": "ITA.16.10_1", "NAME_2": "Siena", "NL_NAME_2": "NA", "NAME_3": "Castiglioned'Orcia", "VARNAME_3": "NA", "NL_NAME_3": "NA", "TYPE_3": "Commune", "ENGTYPE_3": "Commune", "CC_3": "NA", "HASC_3": "IT.SI.CO"}, "geometry": {"type": "MultiPolygon", "coordinates": [[[[11.5272, 42.9687], [11.5296, 42.9747], [11.5438, 42.9747], [11.5491, 42.9777], [11.5561, 42.9882], [11.5528, 42.9999], [11.553, 43.0287], [11.5539, 43.0345], [11.5609, 43.0443], [11.5768, 43.0406], [11.5899, 43.0419], [11.5985, 43.0262], [11.6079, 43.0212], [11.6325, 43.0307], [11.6409, 43.0319], [11.6602, 43.0299], [11.6701, 43.0258], [11.6936, 43.0195], [11.7164, 43.0167], [11.7336, 43.0204], [11.7331, 43.01], [11.7193, 42.992], [11.7148, 42.9888], [11.7086, 42.9785], [11.7081, 42.9553], [11.713, 42.9372], [11.7191, 42.9309], [11.7211, 42.9259], [11.7149, 42.9211], [11.7061, 42.9175], [11.6794, 42.9183], [11.6667, 42.9157], [11.6573, 42.9155], [11.6446, 42.9166], [11.6341, 42.9104], [11.6239, 42.915], [11.6247, 42.9295], [11.6108, 42.9524], [11.5968, 42.9519], [11.5863, 42.9608], [11.5845, 42.9651], [11.5726, 42.9712], [11.5384, 42.9649], [11.5303, 42.9664], [11.5272, 42.9687]]]]}}, {"type": "Feature", "properties": {"GID_3": "ITA.16.10.8_1", "GID_0": "ITA", "COUNTRY": "Italy", "GID_1": "ITA.16_1", "NAME_1": "Toscana", "NL_NAME_1": "NA", "GID_2": "ITA.16.10_1", "NAME_2": "Siena", "NL_NAME_2": "NA", "NAME_3": "Cetona", "VARNAME_3": "NA", "NL_NAME_3": "NA", "TYPE_3": "Commune", "ENGTYPE_3": "Commune", "CC_3": "NA", "HASC_3": "IT.SI.CN"}, "geometry": {"type": "MultiPolygon", "coordinates": [[[[11.9184, 42.9898], [11.931, 42.9948], [11.9318, 42.9894], [11.9365, 42.9823], [11.9445, 42.9775], [11.9505, 42.9775], [11.953, 42.9507], [11.9435, 42.9393], [11.9337, 42.9095], [11.9344, 42.9064], [11.9377, 42.9044], [11.953, 42.902], [11.9576, 42.8951], [11.953, 42.8976], [11.9185, 42.9064], [11.9082, 42.9045], [11.888, 42.8933], [11.8816, 42.8965], [11.8778, 42.9012], [11.8767, 42.9118], [11.8781, 42.9146], [11.8708, 42.9142], [11.8632, 42.921], [11.8762, 42.931], [11.8752, 42.9374], [11.8702, 42.9456], [11.8689, 42.959], [11.9067, 42.99], [11.9184, 42.9898]]]]}}, {"type": "Feature", "properties": {"GID_3": "ITA.16.10.9_1", "GID_0": "ITA", "COUNTRY": "Italy", "GID_1": "ITA.16_1", "NAME_1": "Toscana", "NL_NAME_1": "NA", "GID_2": "ITA.16.10_1", "NAME_2": "Siena", "NL_NAME_2": "NA", "NAME_3": "ChiancianoTerme", "VARNAME_3": "NA", "NL_NAME_3": "NA", "TYPE_3": "Commune", "ENGTYPE_3": "Commune", "CC_3": "NA", "HASC_3": "IT.SI.CT"}, "geometry": {"type": "MultiPolygon", "coordinates": [[[[11.8876, 43.0625], [11.8986, 43.0522], [11.8778, 43.0449], [11.8692, 43.0334], [11.8573, 43.0299], [11.8469, 43.0322], [11.8232, 43.0286], [11.8169, 43.0225], [11.8154, 43.0181], [11.8099, 43.0116], [11.7891, 43.0035], [11.7671, 43.0069], [11.7694, 43.0094], [11.7846, 43.0154], [11.7817, 43.032], [11.8011, 43.048], [11.8013, 43.0551], [11.8054, 43.0586], [11.8331, 43.07], [11.8435, 43.0722], [11.8716, 43.0693], [11.8788, 43.0643], [11.8876, 43.0625]]]]}}, {"type": "Feature", "properties": {"GID_3": "ITA.16.10.10_1", "GID_0": "ITA", "COUNTRY": "Italy", "GID_1": "ITA.16_1", "NAME_1": "Toscana", "NL_NAME_1": "NA", "GID_2": "ITA.16.10_1", "NAME_2": "Siena", "NL_NAME_2": "NA", "NAME_3": "Chiusdino", "VARNAME_3": "NA", "NL_NAME_3": "NA", "TYPE_3": "Commune", "ENGTYPE_3": "Commune", "CC_3": "NA", "HASC_3": "IT.SI.CD"}, "geometry": {"type": "MultiPolygon", "coordinates": [[[[11.0834, 43.085], [11.0779, 43.0889], [11.0657, 43.1118], [11.0669, 43.1191], [11.0721, 43.1245], [11.06, 43.1336], [11.0521, 43.1446], [11.0543, 43.1508], [11.0613, 43.1558], [11.0607, 43.1683], [11.0578, 43.1766], [11.0601, 43.1848], [11.0576, 43.1898], [11.0602, 43.1991], [11.0639, 43.2052], [11.0841, 43.2108], [11.0965, 43.2083], [11.1093, 43.2098], [11.1189, 43.2334], [11.1177, 43.2394], [11.1288, 43.2385], [11.1367, 43.2346], [11.1489, 43.2334], [11.158, 43.2363], [11.1565, 43.2405], [11.1587, 43.2479], [11.1685, 43.2438], [11.1784, 43.2339], [11.1872, 43.2318], [11.1924, 43.2342], [11.1916, 43.236], [11.1947, 43.2404], [11.2011, 43.2415], [11.2077, 43.2277], [11.2075, 43.2252], [11.2018, 43.2152], [11.1957, 43.2105], [11.203, 43.2001], [11.2165, 43.1996], [11.2181, 43.1981], [11.2233, 43.1858], [11.2244, 43.1765], [11.2232, 43.1736], [11.2201, 43.1716], [11.2162, 43.1616], [11.2223, 43.1578], [11.2226, 43.1553], [11.2099, 43.1569], [11.2092, 43.1607], [11.1954, 43.1705], [11.1692, 43.1664], [11.1625, 43.1614], [11.1656, 43.1581], [11.1639, 43.151], [11.1564, 43.1405], [11.1496, 43.1393], [11.1474, 43.1403], [11.1387, 43.1369], [11.1381, 43.1331], [11.1403, 43.1212], [11.1455, 43.1118], [11.1392, 43.1032], [11.1282, 43.0993], [11.1264, 43.092], [11.111, 43.0913], [11.0834, 43.085]]]]}}, {"type": "Feature", "properties": {"GID_3": "ITA.16.10.11_1", "GID_0": "ITA", "COUNTRY": "Italy", "GID_1": "ITA.16_1", "NAME_1": "Toscana", "NL_NAME_1": "NA", "GID_2": "ITA.16.10_1", "NAME_2": "Siena", "NL_NAME_2": "NA", "NAME_3": "Chiusi", "VARNAME_3": "NA", "NL_NAME_3": "NA", "TYPE_3": "Commune", "ENGTYPE_3": "Commune", "CC_3": "NA", "HASC_3": "IT.SI.CH"}, "geometry": {"type": "MultiPolygon", "coordinates": [[[[11.9505, 42.9775], [11.9445, 42.9775], [11.9365, 42.9823], [11.9318, 42.9894], [11.931, 42.9948], [11.9184, 42.9898], [11.9116, 43.0058], [11.9013, 43.0144], [11.8807, 43.0201], [11.8573, 43.0299], [11.8692, 43.0334], [11.8778, 43.0449], [11.8986, 43.0522], [11.8876, 43.0625], [11.9034, 43.067], [11.9248, 43.0768], [11.9331, 43.0687], [11.937, 43.0569], [11.9418, 43.054], [11.9497, 43.0572], [11.9522, 43.0612], [11.9513, 43.0654], [11.9565, 43.0693], [11.9632, 43.0687], [11.9735, 43.065], [11.9815, 43.0578], [11.9832, 43.0498], [11.9809, 43.0456], [11.9766, 43.0427], [11.9733, 43.0363], [11.9729, 43.0229], [11.965, 43.0074], [11.9556, 42.9805], [11.9505, 42.9775]]]]}}, {"type": "Feature", "properties": {"GID_3": "ITA.16.10.12_1", "GID_0": "ITA", "COUNTRY": "Italy", "GID_1": "ITA.16_1", "NAME_1": "Toscana", "NL_NAME_1": "NA", "GID_2": "ITA.16.10_1", "NAME_2": "Siena", "NL_NAME_2": "NA", "NAME_3": "CollediVald'Elsa", "VARNAME_3": "NA", "NL_NAME_3": "NA", "TYPE_3": "Commune", "ENGTYPE_3": "Commune", "CC_3": "NA", "HASC_3": "IT.SI.CV"}, "geometry": {"type": "MultiPolygon", "coordinates": [[[[11.0136, 43.3776], [11.0066, 43.3802], [11.0007, 43.4015], [11.0102, 43.4053], [11.0255, 43.4052], [11.0355, 43.4072], [11.0504, 43.4125], [11.0544, 43.4159], [11.0536, 43.4195], [11.0557, 43.422], [11.0853, 43.4373], [11.0888, 43.4451], [11.0876, 43.448], [11.0888, 43.4536], [11.0984, 43.4487], [11.1071, 43.447], [11.1304, 43.4379], [11.1292, 43.4338], [11.1614, 43.4304], [11.165, 43.4275], [11.1645, 43.4228], [11.176, 43.404], [11.1631, 43.3943], [11.1464, 43.3917], [11.1346, 43.3872], [11.1294, 43.373], [11.1223, 43.3634], [11.1341, 43.3493], [11.1327, 43.3355], [11.1139, 43.3262], [11.1025, 43.3268], [11.0796, 43.3325], [11.087, 43.3484], [11.0833, 43.3535], [11.0766, 43.3536], [11.0646, 43.3699], [11.0649, 43.376], [11.0574, 43.3818], [11.047, 43.3831], [11.0353, 43.3797], [11.0136, 43.3776]]]]}}, {"type": "Feature", "properties": {"GID_3": "ITA.16.10.13_1", "GID_0": "ITA", "COUNTRY": "Italy", "GID_1": "ITA.16_1", "NAME_1": "Toscana", "NL_NAME_1": "NA", "GID_2": "ITA.16.10_1", "NAME_2": "Siena", "NL_NAME_2": "NA", "NAME_3": "GaioleInChianti", "VARNAME_3": "NA", "NL_NAME_3": "NA", "TYPE_3": "Commune", "ENGTYPE_3": "Commune", "CC_3": "NA", "HASC_3": "IT.SI.GC"}, "geometry": {"type": "MultiPolygon", "coordinates": [[[[11.5516, 43.4605], [11.543, 43.4436], [11.5474, 43.4272], [11.5469, 43.4234], [11.5445, 43.419], [11.5407, 43.4174], [11.5353, 43.4115], [11.5361, 43.4085], [11.5301, 43.4124], [11.5132, 43.4181], [11.5042, 43.4194], [11.4919, 43.4172], [11.4637, 43.3995], [11.4497, 43.3934], [11.4344, 43.3703], [11.4313, 43.3627], [11.4228, 43.3563], [11.4161, 43.3591], [11.4123, 43.3829], [11.4034, 43.4102], [11.4014, 43.411], [11.3933, 43.408], [11.3843, 43.4104], [11.3854, 43.4142], [11.3824, 43.4192], [11.3679, 43.4298], [11.3687, 43.433], [11.3674, 43.4358], [11.3622, 43.4358], [11.3575, 43.438], [11.3557, 43.4448], [11.3555, 43.458], [11.3589, 43.4648], [11.3898, 43.4782], [11.4024, 43.4862], [11.4254, 43.4944], [11.4332, 43.4956], [11.4476, 43.4943], [11.4494, 43.5002], [11.4404, 43.5043], [11.4369, 43.5126], [11.4539, 43.5138], [11.4618, 43.5113], [11.459, 43.5033], [11.4738, 43.4856], [11.48, 43.4803], [11.4868, 43.4786], [11.495, 43.4708], [11.5055, 43.4656], [11.5114, 43.4693], [11.5185, 43.4688], [11.526, 43.4634], [11.5295, 43.4579], [11.5516, 43.4605]]]]}}, {"type": "Feature", "properties": {"GID_3": "ITA.16.10.14_1", "GID_0": "ITA", "COUNTRY": "Italy", "GID_1": "ITA.16_1", "NAME_1": "Toscana", "NL_NAME_1": "NA", "GID_2": "ITA.16.10_1", "NAME_2": "Siena", "NL_NAME_2": "NA", "NAME_3": "Montalcino", "VARNAME_3": "NA", "NL_NAME_3": "NA", "TYPE_3": "Commune", "ENGTYPE_3": "Commune", "CC_3": "NA", "HASC_3": "IT.SI.MN"}, "geometry": {"type": "MultiPolygon", "coordinates": [[[[11.5296, 42.9747], [11.5201, 42.9819], [11.5068, 42.9802], [11.4985, 42.9768], [11.4947, 42.9734], [11.4924, 42.9681], [11.4885, 42.9653], [11.4572, 42.9583], [11.4413, 42.9605], [11.4126, 42.9608], [11.3927, 42.9651], [11.359, 42.9684], [11.3539, 42.9702], [11.3514, 42.973], [11.3624, 42.9795], [11.3676, 42.9779], [11.3764, 42.9799], [11.3815, 42.9971], [11.3752, 43.0056], [11.3702, 43.0082], [11.3638, 43.0071], [11.3621, 43.011], [11.3622, 43.0431], [11.3667, 43.0552], [11.3649, 43.0821], [11.3774, 43.0881], [11.3772, 43.0948], [11.3865, 43.1067], [11.3957, 43.1069], [11.4051, 43.1136], [11.4199, 43.1097], [11.4232, 43.1073], [11.4231, 43.1046], [11.4244, 43.104], [11.441, 43.1053], [11.4587, 43.1103], [11.4766, 43.1067], [11.4827, 43.1086], [11.4969, 43.1087], [11.5124, 43.1061], [11.5257, 43.0995], [11.5381, 43.1009], [11.5401, 43.1035], [11.5668, 43.1012], [11.5746, 43.1045], [11.5772, 43.0994], [11.5769, 43.0943], [11.5882, 43.0926], [11.5903, 43.0876], [11.5867, 43.0808], [11.5769, 43.0802], [11.5628, 43.0757], [11.5538, 43.0598], [11.5537, 43.0559], [11.5655, 43.0493], [11.5669, 43.0437], [11.5602, 43.0439], [11.5535, 43.0335], [11.5528, 42.9999], [11.5561, 42.9882], [11.5493, 42.9779], [11.5438, 42.9747], [11.5296, 42.9747]]]]}}, {"type": "Feature", "properties": {"GID_3": "ITA.16.10.15_1", "GID_0": "ITA", "COUNTRY": "Italy", "GID_1": "ITA.16_1", "NAME_1": "Toscana", "NL_NAME_1": "NA", "GID_2": "ITA.16.10_1", "NAME_2": "Siena", "NL_NAME_2": "NA", "NAME_3": "Montepulciano", "VARNAME_3": "NA", "NL_NAME_3": "NA", "TYPE_3": "Commune", "ENGTYPE_3": "Commune", "CC_3": "NA", "HASC_3": "IT.SI.MP"}, "geometry": {"type": "MultiPolygon", "coordinates": [[[[11.8523, 43.1865], [11.8635, 43.1747], [11.8897, 43.1574], [11.8919, 43.1578], [11.9043, 43.1753], [11.92, 43.1687], [11.9313, 43.1775], [11.9622, 43.1679], [11.9347, 43.1564], [11.925, 43.1487], [11.9164, 43.1266], [11.922, 43.1178], [11.9313, 43.0954], [11.9315, 43.0899], [11.9239, 43.0834], [11.9248, 43.0768], [11.9034, 43.067], [11.8876, 43.0625], [11.8788, 43.0643], [11.8716, 43.0693], [11.8435, 43.0722], [11.828, 43.0681], [11.8037, 43.0577], [11.8009, 43.0541], [11.8011, 43.048], [11.7817, 43.032], [11.7756, 43.0382], [11.7622, 43.0586], [11.7376, 43.0829], [11.7374, 43.1055], [11.7395, 43.1084], [11.7511, 43.1096], [11.7698, 43.1175], [11.7787, 43.1342], [11.7798, 43.1434], [11.783, 43.1522], [11.7947, 43.1552], [11.7978, 43.1639], [11.8168, 43.1746], [11.8341, 43.1782], [11.8523, 43.1865]]]]}}, {"type": "Feature", "properties": {"GID_3": "ITA.16.10.16_1", "GID_0": "ITA", "COUNTRY": "Italy", "GID_1": "ITA.16_1", "NAME_1": "Toscana", "NL_NAME_1": "NA", "GID_2": "ITA.16.10_1", "NAME_2": "Siena", "NL_NAME_2": "NA", "NAME_3": "Monteriggioni", "VARNAME_3": "NA", "NL_NAME_3": "NA", "TYPE_3": "Commune", "ENGTYPE_3": "Commune", "CC_3": "NA", "HASC_3": "IT.SI.MR"}, "geometry": {"type": "MultiPolygon", "coordinates": [[[[11.1989, 43.3271], [11.1965, 43.33], [11.1998, 43.34], [11.1948, 43.3462], [11.1655, 43.355], [11.1539, 43.351], [11.1341, 43.3493], [11.132, 43.3508], [11.1223, 43.3634], [11.1294, 43.373], [11.1346, 43.3872], [11.1464, 43.3917], [11.1631, 43.3943], [11.176, 43.404], [11.1804, 43.4024], [11.1997, 43.4055], [11.2085, 43.4117], [11.2096, 43.4152], [11.208, 43.4179], [11.2129, 43.4175], [11.2154, 43.4152], [11.2144, 43.4054], [11.2202, 43.396], [11.2288, 43.3966], [11.2402, 43.3947], [11.2445, 43.3937], [11.2473, 43.3903], [11.2513, 43.3892], [11.2565, 43.3964], [11.2589, 43.404], [11.2796, 43.4047], [11.2841, 43.4006], [11.2921, 43.4066], [11.301, 43.4106], [11.3056, 43.4105], [11.3112, 43.3909], [11.3138, 43.3655], [11.3159, 43.3592], [11.3132, 43.35], [11.3068, 43.3444], [11.2807, 43.3475], [11.2721, 43.3527], [11.2662, 43.3535], [11.2602, 43.3342], [11.263, 43.3319], [11.2612, 43.3271], [11.251, 43.3201], [11.2421, 43.3196], [11.2403, 43.3236], [11.215, 43.3199], [11.1989, 43.3271]]]]}}, {"type": "Feature", "properties": {"GID_3": "ITA.16.10.17_1", "GID_0": "ITA", "COUNTRY": "Italy", "GID_1": "ITA.16_1", "NAME_1": "Toscana", "NL_NAME_1": "NA", "GID_2": "ITA.16.10_1", "NAME_2": "Siena", "NL_NAME_2": "NA", "NAME_3": "Monteronid'Arbia", "VARNAME_3": "NA", "NL_NAME_3": "NA", "TYPE_3": "Commune", "ENGTYPE_3": "Commune", "CC_3": "NA", "HASC_3": "IT.SI.MA"}, "geometry": {"type": "MultiPolygon", "coordinates": [[[[11.3986, 43.2557], [11.4009, 43.2529], [11.4104, 43.2488], [11.4096, 43.2505], [11.4137, 43.2569], [11.4212, 43.2646], [11.4351, 43.2666], [11.4379, 43.2645], [11.4362, 43.2563], [11.4392, 43.2456], [11.4439, 43.2398], [11.4539, 43.237], [11.4647, 43.2289], [11.4702, 43.2178], [11.464, 43.1978], [11.4659, 43.1948], [11.4574, 43.1906], [11.4675, 43.1797], [11.4758, 43.1768], [11.4703, 43.1689], [11.4645, 43.1645], [11.4482, 43.1604], [11.4443, 43.1625], [11.4395, 43.1619], [11.4319, 43.1591], [11.4291, 43.1656], [11.406, 43.1836], [11.397, 43.1839], [11.3918, 43.1857], [11.3784, 43.1969], [11.3563, 43.2028], [11.3295, 43.1913], [11.3248, 43.1915], [11.3136, 43.2112], [11.2943, 43.2268], [11.2965, 43.237], [11.3015, 43.2419], [11.3051, 43.251], [11.3136, 43.2552], [11.323, 43.2576], [11.3444, 43.2755], [11.366, 43.262], [11.3811, 43.2548], [11.3889, 43.2527], [11.3986, 43.2557]]]]}}, {"type": "Feature", "properties": {"GID_3": "ITA.16.10.18_1", "GID_0": "ITA", "COUNTRY": "Italy", "GID_1": "ITA.16_1", "NAME_1": "Toscana", "NL_NAME_1": "NA", "GID_2": "ITA.16.10_1", "NAME_2": "Siena", "NL_NAME_2": "NA", "NAME_3": "Monticiano", "VARNAME_3": "NA", "NL_NAME_3": "NA", "TYPE_3": "Commune", "ENGTYPE_3": "Commune", "CC_3": "NA", "HASC_3": "IT.SI.MC"}, "geometry": {"type": "MultiPolygon", "coordinates": [[[[11.3395, 43.0909], [11.3295, 43.0926], [11.3124, 43.0874], [11.2982, 43.0781], [11.2824, 43.0845], [11.2715, 43.0826], [11.2664, 43.0842], [11.2439, 43.0853], [11.2334, 43.0915], [11.221, 43.09], [11.1978, 43.0928], [11.1761, 43.091], [11.1743, 43.0837], [11.1712, 43.0798], [11.1679, 43.0794], [11.1299, 43.0858], [11.1266, 43.09], [11.1261, 43.0938], [11.1282, 43.0993], [11.1327, 43.1015], [11.137, 43.1015], [11.1455, 43.1118], [11.1403, 43.1212], [11.1381, 43.1331], [11.1387, 43.1369], [11.1474, 43.1403], [11.1496, 43.1393], [11.1564, 43.1405], [11.1639, 43.151], [11.1656, 43.1581], [11.1625, 43.1614], [11.1692, 43.1664], [11.1954, 43.1705], [11.2092, 43.1607], [11.2099, 43.1569], [11.2216, 43.1547], [11.2221, 43.1527], [11.2269, 43.1504], [11.2396, 43.1481], [11.2552, 43.1527], [11.262, 43.1615], [11.2729, 43.1667], [11.2772, 43.1669], [11.2853, 43.1577], [11.2935, 43.1422], [11.298, 43.139], [11.2979, 43.132], [11.3011, 43.1227], [11.3094, 43.1117], [11.3208, 43.1123], [11.3328, 43.099], [11.3386, 43.0991], [11.341, 43.0976], [11.3416, 43.0942], [11.3395, 43.0909]]]]}}, {"type": "Feature", "properties": {"GID_3": "ITA.16.10.19_1", "GID_0": "ITA", "COUNTRY": "Italy", "GID_1": "ITA.16_1", "NAME_1": "Toscana", "NL_NAME_1": "NA", "GID_2": "ITA.16.10_1", "NAME_2": "Siena", "NL_NAME_2": "NA", "NAME_3": "Murlo", "VARNAME_3": "NA", "NL_NAME_3": "NA", "TYPE_3": "Commune", "ENGTYPE_3": "Commune", "CC_3": "NA", "HASC_3": "IT.SI.MU"}, "geometry": {"type": "MultiPolygon", "coordinates": [[[[11.3649, 43.0821], [11.362, 43.0842], [11.3544, 43.0806], [11.3398, 43.0885], [11.341, 43.0976], [11.3386, 43.0991], [11.3328, 43.099], [11.3196, 43.1129], [11.3098, 43.1113], [11.3011, 43.1227], [11.2979, 43.132], [11.298, 43.139], [11.2935, 43.1422], [11.2853, 43.1577], [11.2791, 43.1651], [11.2845, 43.1676], [11.2789, 43.1728], [11.2769, 43.2026], [11.28, 43.2103], [11.2907, 43.2225], [11.3003, 43.2223], [11.3136, 43.2112], [11.3248, 43.1915], [11.3295, 43.1913], [11.3563, 43.2028], [11.3621, 43.2018], [11.3784, 43.1969], [11.3918, 43.1857], [11.397, 43.1839], [11.406, 43.1836], [11.4294, 43.165], [11.4319, 43.1591], [11.4263, 43.1561], [11.4166, 43.1328], [11.4031, 43.1238], [11.4023, 43.1114], [11.3957, 43.1069], [11.3865, 43.1067], [11.3772, 43.0948], [11.3774, 43.0881], [11.3649, 43.0821]]]]}}, {"type": "Feature", "properties": {"GID_3": "ITA.16.10.20_1", "GID_0": "ITA", "COUNTRY": "Italy", "GID_1": "ITA.16_1", "NAME_1": "Toscana", "NL_NAME_1": "NA", "GID_2": "ITA.16.10_1", "NAME_2": "Siena", "NL_NAME_2": "NA", "NAME_3": "Piancastagnaio", "VARNAME_3": "NA", "NL_NAME_3": "NA", "TYPE_3": "Commune", "ENGTYPE_3": "Commune", "CC_3": "NA", "HASC_3": "IT.SI.PA"}, "geometry": {"type": "MultiPolygon", "coordinates": [[[[11.7695, 42.8209], [11.7695, 42.8164], [11.7594, 42.8093], [11.7543, 42.8032], [11.7509, 42.7914], [11.747, 42.7867], [11.739, 42.7908], [11.7267, 42.7941], [11.6982, 42.7991], [11.695, 42.7964], [11.6785, 42.7903], [11.6619, 42.7891], [11.6423, 42.8007], [11.6354, 42.7998], [11.631, 42.7974], [11.6265, 42.7989], [11.6243, 42.8058], [11.6327, 42.8083], [11.6365, 42.819], [11.6332, 42.8282], [11.6381, 42.8503], [11.6372, 42.8594], [11.653, 42.8629], [11.6569, 42.8652], [11.6648, 42.8641], [11.6721, 42.8565], [11.6775, 42.8547], [11.7056, 42.8612], [11.7131, 42.8648], [11.7278, 42.8551], [11.7328, 42.8485], [11.7357, 42.8413], [11.7504, 42.8347], [11.7559, 42.8282], [11.7695, 42.8209]]]]}}, {"type": "Feature", "properties": {"GID_3": "ITA.16.10.21_1", "GID_0": "ITA", "COUNTRY": "Italy", "GID_1": "ITA.16_1", "NAME_1": "Toscana", "NL_NAME_1": "NA", "GID_2": "ITA.16.10_1", "NAME_2": "Siena", "NL_NAME_2": "NA", "NAME_3": "Pienza", "VARNAME_3": "NA", "NL_NAME_3": "NA", "TYPE_3": "Commune", "ENGTYPE_3": "Commune", "CC_3": "NA", "HASC_3": "IT.SI.PE"}, "geometry": {"type": "MultiPolygon", "coordinates": [[[[11.7336, 43.0204], [11.7164, 43.0167], [11.6936, 43.0195], [11.6701, 43.0258], [11.6602, 43.0299], [11.6409, 43.0319], [11.654, 43.0372], [11.6587, 43.0409], [11.6565, 43.0461], [11.6508, 43.0472], [11.6436, 43.053], [11.6425, 43.0708], [11.6332, 43.0755], [11.6306, 43.0903], [11.6258, 43.0937], [11.6119, 43.0899], [11.6026, 43.0935], [11.5943, 43.1027], [11.5848, 43.1055], [11.5813, 43.109], [11.5809, 43.1107], [11.5859, 43.1192], [11.617, 43.1198], [11.6227, 43.1239], [11.6308, 43.136], [11.6395, 43.1382], [11.6485, 43.1377], [11.6569, 43.1357], [11.6604, 43.1119], [11.6692, 43.1099], [11.6963, 43.1132], [11.7088, 43.1209], [11.7247, 43.103], [11.7366, 43.0996], [11.738, 43.0944], [11.7376, 43.0829], [11.7622, 43.0586], [11.7756, 43.0382], [11.7817, 43.032], [11.7846, 43.0154], [11.7694, 43.0094], [11.7671, 43.0069], [11.7617, 43.0072], [11.7583, 43.0017], [11.7677, 42.9877], [11.7821, 42.9759], [11.789, 42.9617], [11.7891, 42.9576], [11.7866, 42.9522], [11.7835, 42.9503], [11.782, 42.951], [11.7676, 42.9671], [11.7654, 42.9774], [11.7598, 42.9852], [11.7497, 42.9907], [11.7394, 43.0057], [11.7409, 43.0093], [11.7392, 43.0154], [11.7336, 43.0204]]]]}}, {"type": "Feature", "properties": {"GID_3": "ITA.16.10.22_1", "GID_0": "ITA", "COUNTRY": "Italy", "GID_1": "ITA.16_1", "NAME_1": "Toscana", "NL_NAME_1": "NA", "GID_2": "ITA.16.10_1", "NAME_2": "Siena", "NL_NAME_2": "NA", "NAME_3": "Poggibonsi", "VARNAME_3": "NA", "NL_NAME_3": "NA", "TYPE_3": "Commune", "ENGTYPE_3": "Commune", "CC_3": "NA", "HASC_3": "IT.SI.PO"}, "geometry": {"type": "MultiPolygon", "coordinates": [[[[11.1137, 43.4975], [11.1208, 43.4771], [11.1246, 43.4761], [11.1391, 43.4783], [11.1513, 43.4876], [11.1556, 43.5017], [11.161, 43.5088], [11.1845, 43.5236], [11.1859, 43.5232], [11.1941, 43.5153], [11.1881, 43.5019], [11.1819, 43.4985], [11.1754, 43.4908], [11.1766, 43.4892], [11.1865, 43.4915], [11.191, 43.491], [11.2006, 43.4865], [11.2024, 43.4836], [11.2065, 43.4816], [11.2121, 43.4822], [11.2163, 43.4801], [11.2203, 43.4762], [11.2207, 43.4654], [11.214, 43.4585], [11.2246, 43.4479], [11.2135, 43.4319], [11.208, 43.4179], [11.2096, 43.4152], [11.2082, 43.4112], [11.1997, 43.4055], [11.18, 43.4024], [11.176, 43.404], [11.173, 43.4081], [11.1645, 43.4228], [11.165, 43.4275], [11.1614, 43.4304], [11.1292, 43.4338], [11.1304, 43.4379], [11.1071, 43.447], [11.0984, 43.4487], [11.0888, 43.4536], [11.0978, 43.4559], [11.1113, 43.4639], [11.112, 43.4655], [11.1087, 43.4685], [11.1034, 43.4831], [11.1083, 43.4874], [11.1137, 43.4975]]]]}}, {"type": "Feature", "properties": {"GID_3": "ITA.16.10.23_1", "GID_0": "ITA", "COUNTRY": "Italy", "GID_1": "ITA.16_1", "NAME_1": "Toscana", "NL_NAME_1": "NA", "GID_2": "ITA.16.10_1", "NAME_2": "Siena", "NL_NAME_2": "NA", "NAME_3": "RaddaInChianti", "VARNAME_3": "NA", "NL_NAME_3": "NA", "TYPE_3": "Commune", "ENGTYPE_3": "Commune", "CC_3": "NA", "HASC_3": "IT.SI.RH"}, "geometry": {"type": "MultiPolygon", "coordinates": [[[[11.3985, 43.5492], [11.404, 43.5495], [11.4155, 43.5358], [11.4261, 43.5307], [11.4293, 43.5273], [11.4349, 43.5183], [11.4404, 43.5043], [11.4494, 43.5002], [11.4485, 43.4952], [11.4459, 43.4937], [11.4332, 43.4956], [11.4254, 43.4944], [11.4024, 43.4862], [11.3898, 43.4782], [11.3589, 43.4648], [11.3555, 43.458], [11.3557, 43.4448], [11.3575, 43.438], [11.3681, 43.435], [11.3679, 43.4298], [11.3512, 43.4289], [11.3351, 43.4255], [11.3247, 43.4266], [11.3244, 43.4368], [11.3129, 43.452], [11.3065, 43.4548], [11.3068, 43.4602], [11.3178, 43.4674], [11.3071, 43.4812], [11.3079, 43.4899], [11.3144, 43.4959], [11.3117, 43.5038], [11.3065, 43.511], [11.3074, 43.5183], [11.3171, 43.5237], [11.3384, 43.5296], [11.365, 43.5271], [11.38, 43.5334], [11.3828, 43.5425], [11.3869, 43.5482], [11.3985, 43.5492]]]]}}, {"type": "Feature", "properties": {"GID_3": "ITA.16.10.24_1", "GID_0": "ITA", "COUNTRY": "Italy", "GID_1": "ITA.16_1", "NAME_1": "Toscana", "NL_NAME_1": "NA", "GID_2": "ITA.16.10_1", "NAME_2": "Siena", "NL_NAME_2": "NA", "NAME_3": "Radicofani", "VARNAME_3": "NA", "NL_NAME_3": "NA", "TYPE_3": "Commune", "ENGTYPE_3": "Commune", "CC_3": "NA", "HASC_3": "IT.SI.RF"}, "geometry": {"type": "MultiPolygon", "coordinates": [[[[11.7524, 42.8379], [11.751, 42.8442], [11.7519, 42.8527], [11.7494, 42.859], [11.727, 42.8873], [11.7266, 42.8929], [11.7324, 42.8993], [11.7327, 42.9033], [11.7243, 42.9087], [11.7214, 42.9141], [11.7209, 42.9272], [11.713, 42.9372], [11.7081, 42.9553], [11.7086, 42.9785], [11.7148, 42.9888], [11.7193, 42.992], [11.7331, 43.01], [11.7336, 43.0204], [11.7392, 43.0154], [11.7409, 43.0093], [11.7394, 43.0057], [11.7416, 43.0018], [11.7514, 42.9887], [11.7598, 42.9852], [11.7654, 42.9774], [11.7667, 42.9684], [11.782, 42.951], [11.7835, 42.9503], [11.7881, 42.9535], [11.8003, 42.9561], [11.8243, 42.9456], [11.8259, 42.9416], [11.8372, 42.9301], [11.8445, 42.9248], [11.85, 42.924], [11.8545, 42.9171], [11.8536, 42.9151], [11.8391, 42.9074], [11.8322, 42.8938], [11.8331, 42.8912], [11.8245, 42.8794], [11.8051, 42.8718], [11.8065, 42.8633], [11.8087, 42.8606], [11.7987, 42.8475], [11.7911, 42.8446], [11.7807, 42.8472], [11.7678, 42.8473], [11.7583, 42.8384], [11.7524, 42.8379]]]]}}, {"type": "Feature", "properties": {"GID_3": "ITA.16.10.25_1", "GID_0": "ITA", "COUNTRY": "Italy", "GID_1": "ITA.16_1", "NAME_1": "Toscana", "NL_NAME_1": "NA", "GID_2": "ITA.16.10_1", "NAME_2": "Siena", "NL_NAME_2": "NA", "NAME_3": "Radicondoli", "VARNAME_3": "NA", "NL_NAME_3": "NA", "TYPE_3": "Commune", "ENGTYPE_3": "Commune", "CC_3": "NA", "HASC_3": "IT.SI.RC"}, "geometry": {"type": "MultiPolygon", "coordinates": [[[[11.0601, 43.1848], [11.0471, 43.1814], [11.0339, 43.185], [11.0196, 43.1865], [11.0098, 43.1795], [10.9874, 43.1792], [10.9754, 43.1766], [10.9699, 43.1717], [10.9434, 43.1613], [10.9125, 43.1636], [10.9093, 43.1655], [10.9096, 43.1735], [10.9122, 43.1818], [10.9247, 43.192], [10.9329, 43.195], [10.9404, 43.2012], [10.9424, 43.205], [10.9431, 43.2169], [10.9397, 43.228], [10.9282, 43.2321], [10.9292, 43.2337], [10.944, 43.2474], [10.9577, 43.2374], [10.9899, 43.2321], [10.9946, 43.2357], [10.9976, 43.2407], [10.9922, 43.2465], [10.9951, 43.2589], [10.9986, 43.2661], [10.9863, 43.2792], [10.9849, 43.2854], [10.9858, 43.2865], [11.0025, 43.2841], [11.0214, 43.2886], [11.0235, 43.2912], [11.0294, 43.293], [11.0331, 43.2929], [11.0489, 43.2826], [11.0579, 43.2826], [11.076, 43.2789], [11.0867, 43.2728], [11.0882, 43.2692], [11.1051, 43.2656], [11.1103, 43.2594], [11.1099, 43.2575], [11.1074, 43.2569], [11.1056, 43.2518], [11.1085, 43.2478], [11.1172, 43.2425], [11.1189, 43.2334], [11.1093, 43.2098], [11.0965, 43.2083], [11.0841, 43.2108], [11.0646, 43.2056], [11.0602, 43.1991], [11.0576, 43.1898], [11.0601, 43.1848]]]]}}, {"type": "Feature", "properties": {"GID_3": "ITA.16.10.26_1", "GID_0": "ITA", "COUNTRY": "Italy", "GID_1": "ITA.16_1", "NAME_1": "Toscana", "NL_NAME_1": "NA", "GID_2": "ITA.16.10_1", "NAME_2": "Siena", "NL_NAME_2": "NA", "NAME_3": "RapolanoTerme", "VARNAME_3": "NA", "NL_NAME_3": "NA", "TYPE_3": "Commune", "ENGTYPE_3": "Commune", "CC_3": "NA", "HASC_3": "IT.SI.RT"}, "geometry": {"type": "MultiPolygon", "coordinates": [[[[11.6013, 43.3524], [11.627, 43.3437], [11.6372, 43.3363], [11.6404, 43.3317], [11.659, 43.3227], [11.6626, 43.3119], [11.6776, 43.2921], [11.679, 43.2865], [11.6756, 43.2741], [11.6645, 43.2574], [11.6629, 43.2506], [11.6664, 43.2354], [11.6736, 43.2274], [11.6452, 43.2236], [11.6285, 43.2344], [11.6173, 43.2321], [11.6123, 43.2327], [11.5989, 43.2448], [11.5969, 43.2535], [11.5838, 43.2646], [11.578, 43.274], [11.5751, 43.2795], [11.5798, 43.2864], [11.5805, 43.3129], [11.5691, 43.3214], [11.5691, 43.3236], [11.5743, 43.3297], [11.5988, 43.3467], [11.6013, 43.3524]]]]}}, {"type": "Feature", "properties": {"GID_3": "ITA.16.10.27_1", "GID_0": "ITA", "COUNTRY": "Italy", "GID_1": "ITA.16_1", "NAME_1": "Toscana", "NL_NAME_1": "NA", "GID_2": "ITA.16.10_1", "NAME_2": "Siena", "NL_NAME_2": "NA", "NAME_3": "SanCascianoDeiBagni", "VARNAME_3": "NA", "NL_NAME_3": "NA", "TYPE_3": "Commune", "ENGTYPE_3": "Commune", "CC_3": "NA", "HASC_3": "IT.SI.SC"}, "geometry": {"type": "MultiPolygon", "coordinates": [[[[11.8959, 42.8356], [11.8599, 42.8364], [11.8557, 42.839], [11.8504, 42.8397], [11.8459, 42.835], [11.833, 42.8278], [11.8251, 42.8276], [11.8164, 42.8247], [11.8141, 42.8225], [11.8158, 42.8164], [11.8118, 42.8087], [11.8124, 42.8001], [11.8078, 42.7958], [11.8058, 42.7966], [11.8035, 42.7994], [11.804, 42.8019], [11.7943, 42.8122], [11.7873, 42.8173], [11.7768, 42.8216], [11.7695, 42.8209], [11.7641, 42.8234], [11.7559, 42.8282], [11.7504, 42.8347], [11.7524, 42.8379], [11.7583, 42.8384], [11.7678, 42.8473], [11.7807, 42.8472], [11.7911, 42.8446], [11.7987, 42.8475], [11.8087, 42.8606], [11.8065, 42.8633], [11.8051, 42.8718], [11.8245, 42.8794], [11.8331, 42.8912], [11.8322, 42.8938], [11.8391, 42.9074], [11.8574, 42.9166], [11.8706, 42.9134], [11.8781, 42.9146], [11.8767, 42.9118], [11.8778, 42.9012], [11.8816, 42.8965], [11.888, 42.8933], [11.9082, 42.9045], [11.9185, 42.9064], [11.953, 42.8976], [11.9576, 42.8951], [11.9598, 42.8926], [11.9596, 42.872], [11.9507, 42.8709], [11.9439, 42.8728], [11.93, 42.8703], [11.927, 42.8682], [11.9217, 42.8582], [11.9142, 42.8515], [11.8928, 42.8439], [11.8959, 42.8356]]]]}}, {"type": "Feature", "properties": {"GID_3": "ITA.16.10.28_1", "GID_0": "ITA", "COUNTRY": "Italy", "GID_1": "ITA.16_1", "NAME_1": "Toscana", "NL_NAME_1": "NA", "GID_2": "ITA.16.10_1", "NAME_2": "Siena", "NL_NAME_2": "NA", "NAME_3": "SanGimignano", "VARNAME_3": "NA", "NL_NAME_3": "NA", "TYPE_3": "Commune", "ENGTYPE_3": "Commune", "CC_3": "NA", "HASC_3": "IT.SI.SM"}, "geometry": {"type": "MultiPolygon", "coordinates": [[[[11.0811, 43.5169], [11.1137, 43.4975], [11.1083, 43.4874], [11.1034, 43.4831], [11.1087, 43.4685], [11.112, 43.4655], [11.1113, 43.4639], [11.0978, 43.4559], [11.0888, 43.4536], [11.0876, 43.448], [11.0888, 43.4451], [11.0853, 43.4373], [11.0557, 43.422], [11.0536, 43.4195], [11.0544, 43.4159], [11.0496, 43.4121], [11.0355, 43.4072], [11.0255, 43.4052], [11.0102, 43.4053], [11.003, 43.4022], [10.9921, 43.402], [10.9828, 43.4044], [10.9794, 43.4079], [10.98, 43.4179], [10.9779, 43.4234], [10.9526, 43.4501], [10.9603, 43.4712], [10.9622, 43.4831], [10.9571, 43.4865], [10.9551, 43.4962], [10.9664, 43.515], [10.978, 43.5155], [11.0022, 43.5293], [11.0164, 43.5395], [11.035, 43.5476], [11.0355, 43.5427], [11.0385, 43.5377], [11.0623, 43.5284], [11.0707, 43.5272], [11.073, 43.5284], [11.0811, 43.5169]]]]}}, {"type": "Feature", "properties": {"GID_3": "ITA.16.10.29_1", "GID_0": "ITA", "COUNTRY": "Italy", "GID_1": "ITA.16_1", "NAME_1": "Toscana", "NL_NAME_1": "NA", "GID_2": "ITA.16.10_1", "NAME_2": "Siena", "NL_NAME_2": "NA", "NAME_3": "SanGiovannid'Asso", "VARNAME_3": "NA", "NL_NAME_3": "NA", "TYPE_3": "Commune", "ENGTYPE_3": "Commune", "CC_3": "NA", "HASC_3": "IT.SI.SG"}, "geometry": {"type": "MultiPolygon", "coordinates": [[[[11.5475, 43.1541], [11.548, 43.1566], [11.5548, 43.1596], [11.5638, 43.159], [11.5769, 43.1671], [11.5795, 43.1699], [11.5802, 43.1785], [11.6006, 43.1738], [11.6135, 43.1739], [11.619, 43.1762], [11.6311, 43.1766], [11.6574, 43.1751], [11.6606, 43.1729], [11.6742, 43.1713], [11.6815, 43.1753], [11.6849, 43.1743], [11.685, 43.1668], [11.6816, 43.1618], [11.6594, 43.1514], [11.6437, 43.1485], [11.6317, 43.1421], [11.6288, 43.1394], [11.6308, 43.136], [11.6192, 43.1208], [11.5859, 43.1192], [11.581, 43.11], [11.5842, 43.1059], [11.588, 43.1049], [11.5902, 43.0995], [11.5781, 43.096], [11.5769, 43.0943], [11.577, 43.1003], [11.5741, 43.1048], [11.5668, 43.1012], [11.5401, 43.1035], [11.5381, 43.1009], [11.5257, 43.0995], [11.5124, 43.1061], [11.5188, 43.1106], [11.5243, 43.1119], [11.528, 43.1159], [11.5247, 43.1302], [11.5195, 43.1387], [11.5152, 43.1412], [11.5232, 43.1475], [11.5475, 43.1541]]]]}}, {"type": "Feature", "properties": {"GID_3": "ITA.16.10.30_1", "GID_0": "ITA", "COUNTRY": "Italy", "GID_1": "ITA.16_1", "NAME_1": "Toscana", "NL_NAME_1": "NA", "GID_2": "ITA.16.10_1", "NAME_2": "Siena", "NL_NAME_2": "NA", "NAME_3": "SanQuiricod'Orcia", "VARNAME_3": "NA", "NL_NAME_3": "NA", "TYPE_3": "Commune", "ENGTYPE_3": "Commune", "CC_3": "NA", "HASC_3": "IT.SI.SQ"}, "geometry": {"type": "MultiPolygon", "coordinates": [[[[11.6409, 43.0319], [11.6325, 43.0307], [11.6079, 43.0212], [11.5985, 43.0262], [11.5899, 43.0419], [11.5768, 43.0406], [11.5675, 43.0433], [11.5655, 43.0493], [11.5537, 43.0559], [11.5538, 43.0598], [11.5628, 43.0757], [11.5769, 43.0802], [11.5867, 43.0808], [11.5903, 43.0876], [11.5888, 43.0921], [11.5769, 43.0943], [11.5781, 43.096], [11.59, 43.099], [11.5899, 43.1027], [11.588, 43.1049], [11.5943, 43.1027], [11.6026, 43.0935], [11.6119, 43.0899], [11.6258, 43.0937], [11.6307, 43.0899], [11.6332, 43.0755], [11.6425, 43.0708], [11.6436, 43.053], [11.6508, 43.0472], [11.6565, 43.0461], [11.6587, 43.0409], [11.654, 43.0372], [11.6409, 43.0319]]]]}}, {"type": "Feature", "properties": {"GID_3": "ITA.16.10.31_1", "GID_0": "ITA", "COUNTRY": "Italy", "GID_1": "ITA.16_1", "NAME_1": "Toscana", "NL_NAME_1": "NA", "GID_2": "ITA.16.10_1", "NAME_2": "Siena", "NL_NAME_2": "NA", "NAME_3": "Sarteano", "VARNAME_3": "NA", "NL_NAME_3": "NA", "TYPE_3": "Commune", "ENGTYPE_3": "Commune", "CC_3": "NA", "HASC_3": "IT.SI.SA"}, "geometry": {"type": "MultiPolygon", "coordinates": [[[[11.9184, 42.9898], [11.9067, 42.99], [11.8689, 42.959], [11.8702, 42.9456], [11.8752, 42.9374], [11.8762, 42.931], [11.8632, 42.921], [11.8708, 42.9142], [11.8781, 42.9146], [11.8706, 42.9134], [11.8586, 42.917], [11.8536, 42.9151], [11.8544, 42.9176], [11.8503, 42.9237], [11.8445, 42.9248], [11.8372, 42.9301], [11.8259, 42.9416], [11.8243, 42.9456], [11.8003, 42.9561], [11.7869, 42.9528], [11.789, 42.9617], [11.7821, 42.9759], [11.7677, 42.9877], [11.7583, 43.0017], [11.7625, 43.0077], [11.7891, 43.0035], [11.8063, 43.0092], [11.8099, 43.0116], [11.8154, 43.0181], [11.8169, 43.0225], [11.8232, 43.0286], [11.8497, 43.0323], [11.8807, 43.0201], [11.9013, 43.0144], [11.9116, 43.0058], [11.9184, 42.9898]]]]}}, {"type": "Feature", "properties": {"GID_3": "ITA.16.10.32_1", "GID_0": "ITA", "COUNTRY": "Italy", "GID_1": "ITA.16_1", "NAME_1": "Toscana", "NL_NAME_1": "NA", "GID_2": "ITA.16.10_1", "NAME_2": "Siena", "NL_NAME_2": "NA", "NAME_3": "Siena", "VARNAME_3": "NA", "NL_NAME_3": "NA", "TYPE_3": "Commune", "ENGTYPE_3": "Commune", "CC_3": "NA", "HASC_3": "IT.SI.SE"}, "geometry": {"type": "MultiPolygon", "coordinates": [[[[11.4032, 43.2964], [11.3953, 43.2863], [11.38, 43.2776], [11.385, 43.2604], [11.3893, 43.2572], [11.3986, 43.2557], [11.3889, 43.2527], [11.3811, 43.2548], [11.366, 43.262], [11.3444, 43.2755], [11.323, 43.2576], [11.3136, 43.2552], [11.3051, 43.251], [11.3008, 43.2593], [11.2954, 43.2626], [11.2878, 43.2605], [11.2901, 43.2674], [11.2946, 43.2725], [11.2983, 43.2804], [11.2746, 43.2846], [11.2494, 43.2937], [11.2361, 43.3032], [11.2308, 43.3102], [11.2326, 43.3219], [11.2403, 43.3236], [11.2421, 43.3196], [11.251, 43.3201], [11.2602, 43.3258], [11.263, 43.3319], [11.2602, 43.3342], [11.2662, 43.3535], [11.2721, 43.3527], [11.2807, 43.3475], [11.3068, 43.3444], [11.3132, 43.35], [11.3159, 43.3592], [11.3312, 43.3659], [11.3348, 43.366], [11.3358, 43.3636], [11.3476, 43.3555], [11.3677, 43.3489], [11.383, 43.3487], [11.3996, 43.3509], [11.4148, 43.3506], [11.4226, 43.3489], [11.4276, 43.3388], [11.4227, 43.3337], [11.4217, 43.3204], [11.4151, 43.3026], [11.4032, 43.2964]]]]}}, {"type": "Feature", "properties": {"GID_3": "ITA.16.10.33_1", "GID_0": "ITA", "COUNTRY": "Italy", "GID_1": "ITA.16_1", "NAME_1": "Toscana", "NL_NAME_1": "NA", "GID_2": "ITA.16.10_1", "NAME_2": "Siena", "NL_NAME_2": "NA", "NAME_3": "Sinalunga", "VARNAME_3": "NA", "NL_NAME_3": "NA", "TYPE_3": "Commune", "ENGTYPE_3": "Commune", "CC_3": "NA", "HASC_3": "IT.SI.SL"}, "geometry": {"type": "MultiPolygon", "coordinates": [[[[11.8347, 43.2254], [11.8387, 43.2074], [11.8439, 43.1984], [11.8302, 43.1941], [11.8124, 43.1927], [11.7922, 43.1991], [11.7687, 43.1902], [11.7524, 43.1935], [11.7334, 43.1772], [11.7313, 43.1771], [11.7209, 43.18], [11.7118, 43.1872], [11.7099, 43.2056], [11.6944, 43.2113], [11.6861, 43.2204], [11.6736, 43.2274], [11.6678, 43.2333], [11.6655, 43.2376], [11.6629, 43.2506], [11.6645, 43.2574], [11.6756, 43.2741], [11.679, 43.2865], [11.7011, 43.2873], [11.714, 43.2773], [11.7224, 43.2619], [11.7215, 43.2558], [11.7402, 43.2449], [11.7549, 43.239], [11.7755, 43.2392], [11.7968, 43.223], [11.8139, 43.2217], [11.8347, 43.2254]]]]}}, {"type": "Feature", "properties": {"GID_3": "ITA.16.10.34_1", "GID_0": "ITA", "COUNTRY": "Italy", "GID_1": "ITA.16_1", "NAME_1": "Toscana", "NL_NAME_1": "NA", "GID_2": "ITA.16.10_1", "NAME_2": "Siena", "NL_NAME_2": "NA", "NAME_3": "Sovicille", "VARNAME_3": "NA", "NL_NAME_3": "NA", "TYPE_3": "Commune", "ENGTYPE_3": "Commune", "CC_3": "NA", "HASC_3": "IT.SI.SO"}, "geometry": {"type": "MultiPolygon", "coordinates": [[[[11.1721, 43.2411], [11.1715, 43.2478], [11.1676, 43.2524], [11.1579, 43.2583], [11.1525, 43.2587], [11.1332, 43.269], [11.1296, 43.2732], [11.1486, 43.2803], [11.1476, 43.2912], [11.1541, 43.3026], [11.1607, 43.3104], [11.1729, 43.3181], [11.1839, 43.3199], [11.1989, 43.3271], [11.215, 43.3199], [11.2315, 43.3227], [11.2324, 43.3173], [11.2308, 43.3102], [11.2361, 43.3032], [11.2494, 43.2937], [11.2746, 43.2846], [11.2983, 43.2804], [11.2877, 43.2611], [11.2888, 43.26], [11.2954, 43.2626], [11.3008, 43.2593], [11.3051, 43.251], [11.3022, 43.2432], [11.2965, 43.237], [11.2942, 43.2308], [11.2946, 43.2263], [11.3003, 43.2223], [11.2898, 43.2217], [11.28, 43.2103], [11.2768, 43.2017], [11.2789, 43.1728], [11.2845, 43.1676], [11.2791, 43.1651], [11.2763, 43.1671], [11.272, 43.1663], [11.2592, 43.1593], [11.2552, 43.1527], [11.2451, 43.149], [11.2396, 43.1481], [11.2221, 43.1527], [11.2223, 43.1578], [11.2162, 43.1616], [11.2201, 43.1716], [11.2232, 43.1736], [11.2244, 43.1765], [11.2221, 43.1896], [11.2175, 43.1991], [11.203, 43.2001], [11.1957, 43.2105], [11.2018, 43.2152], [11.2075, 43.2252], [11.2019, 43.2405], [11.2001, 43.2415], [11.1947, 43.2404], [11.1916, 43.236], [11.1924, 43.2342], [11.1872, 43.2318], [11.1784, 43.2339], [11.1721, 43.2411]]]]}}, {"type": "Feature", "properties": {"GID_3": "ITA.16.10.35_1", "GID_0": "ITA", "COUNTRY": "Italy", "GID_1": "ITA.16_1", "NAME_1": "Toscana", "NL_NAME_1": "NA", "GID_2": "ITA.16.10_1", "NAME_2": "Siena", "NL_NAME_2": "NA", "NAME_3": "TorritaDiSiena", "VARNAME_3": "NA", "NL_NAME_3": "NA", "TYPE_3": "Commune", "ENGTYPE_3": "Commune", "CC_3": "NA", "HASC_3": "IT.SI.TS"}, "geometry": {"type": "MultiPolygon", "coordinates": [[[[11.8446, 43.1988], [11.8523, 43.1865], [11.8341, 43.1782], [11.8168, 43.1746], [11.7978, 43.1639], [11.7947, 43.1552], [11.7837, 43.1528], [11.7798, 43.1434], [11.7787, 43.1342], [11.7698, 43.1175], [11.7511, 43.1096], [11.7395, 43.1084], [11.7357, 43.0995], [11.7247, 43.103], [11.7088, 43.1209], [11.7095, 43.1312], [11.7167, 43.1536], [11.7311, 43.1683], [11.7323, 43.177], [11.7524, 43.1935], [11.7687, 43.1902], [11.7922, 43.1991], [11.8141, 43.1927], [11.8302, 43.1941], [11.8446, 43.1988]]]]}}, {"type": "Feature", "properties": {"GID_3": "ITA.16.10.36_1", "GID_0": "ITA", "COUNTRY": "Italy", "GID_1": "ITA.16_1", "NAME_1": "Toscana", "NL_NAME_1": "NA", "GID_2": "ITA.16.10_1", "NAME_2": "Siena", "NL_NAME_2": "NA", "NAME_3": "Trequanda", "VARNAME_3": "NA", "NL_NAME_3": "NA", "TYPE_3": "Commune", "ENGTYPE_3": "Commune", "CC_3": "NA", "HASC_3": "IT.SI.TR"}, "geometry": {"type": "MultiPolygon", "coordinates": [[[[11.6135, 43.1739], [11.6112, 43.1812], [11.6035, 43.1908], [11.6146, 43.1956], [11.6258, 43.1962], [11.6385, 43.2073], [11.6586, 43.2108], [11.6685, 43.2167], [11.6736, 43.2274], [11.6861, 43.2204], [11.6944, 43.2113], [11.7099, 43.2056], [11.7118, 43.1872], [11.7209, 43.18], [11.7325, 43.1766], [11.7311, 43.1683], [11.7167, 43.1536], [11.7095, 43.1312], [11.7088, 43.1209], [11.6969, 43.1133], [11.6692, 43.1099], [11.6604, 43.1119], [11.6569, 43.1357], [11.6395, 43.1382], [11.6308, 43.136], [11.6288, 43.1394], [11.6437, 43.1485], [11.6594, 43.1514], [11.6816, 43.1618], [11.685, 43.1668], [11.6849, 43.1743], [11.6815, 43.1753], [11.6742, 43.1713], [11.6498, 43.1758], [11.6256, 43.1767], [11.6135, 43.1739]]]]}}]}