osm_id,osm_type,lat,lon,name,amenity,operator,emergency,beds,phone,website,addr_city
103717455,node,45.7574805,4.886023,Clinique Psychiatrique Notre-Dame,hospital,ORSAC,no,,+33 4 78 54 75 19,https://orsac-cnd.fr/,
205457304,node,45.7405497,4.7722795,La Maisonnée,hospital,,,,+33472162200,,
229888571,node,43.6251723,3.8802441,Institut Nazareth,hospital,Armée du salut,,,,,Montpellier
237625616,node,48.5819895,7.7353506,Clinique Sainte-Barbe,hospital,,no,,,,Strasbourg
239553929,node,48.59276,7.7543833,Centre Régional de Réadaptation Fonctionnelle Clémenceau,hospital,,,,,,
248586169,node,48.7464387,-0.5624879,Clinique Saint-Dominique,hospital,,,,+33 2 33 98 25 15,,Flers
269046098,node,48.1228623,-1.6115311,Maison médicale de la Marre Pavée,clinic,M. Bruno Fourrier,,,,,Cesson-Sévigné
283342353,node,42.7161184,2.8947379,Clinique Saint-Christophe,hospital,,,,,,
299979400,node,49.003201,2.4151516,C.M.P.P Villiers le Bel,clinic,,,,,,Villiers-le-Bel
300055323,node,49.914026,2.5140718,Centre Hospitalier de Corbie,hospital,,,,,,Corbie
303595838,node,43.6713452,7.2224761,Centre de Soin Arenas,clinic,,,,,,
307770427,node,48.4155126,-4.4919221,Soins Infirmiers,clinic,,,,,,
318733816,node,44.8889561,-0.616115,Clinique Jean Villar,hospital,,,,+33 8 26 30 81 81,,
324258223,node,44.732355,4.5940897,Hôpital Sainte-Marie,hospital,,,,+33 4 75 20 15 15,https://www.ahsm.eu/implantations/centre-hospitalier-sainte-marie-privas,
336491750,node,47.2268805,-1.6107852,Polyclinique de l'Atlantique,hospital,,,,,,
339863655,node,48.7302613,7.7218052,Hôpital Alexandre Millerand,hospital,,,,,,
348174002,node,46.9955043,3.1488091,Polyclinique du Val de Loire,hospital,,,,,,Nevers
365175388,node,48.0042122,-1.6966037,Clinique Philae,hospital,,,,,,
390679880,node,44.5269365,5.0649157,Hopital de Dieulefit,hospital,,,,,,
438084148,node,43.6371923,5.0826635,Diaverum,clinic,,,,+33491838880,,
452401907,node,48.7863537,2.2917115,Clinalliance Fontenay-aux-Roses,hospital,,,,,https://www.clinalliance.fr/fontenay/,
469713362,node,-22.2059241,166.4724384,Centre médical Numa Joubert,hospital,,no,,,,Dumbéa
483569726,node,48.8235358,2.2768317,L'Hôpital Suisse de Paris,hospital,,,,,https://www.hopitalsuissedeparis.com/,
498449503,node,48.8343215,-0.8863574,Pole de santé du Colombier,clinic,,,,,,
579949071,node,43.8428728,1.5257788,Clinique du Château de Vernhes,hospital,,no,,+33 5 61 37 27 27,https://www.cliniquebondigoux.fr/,
606264332,node,48.819862,7.7877322,Clinique Saint-François,clinic,,,,+33388907070,,
667189126,node,43.614936,3.8864006,Cabinet d'Infirmières,clinic,Arnaud et Bardin,,,+33 6 41 38 26 44,,
670633220,node,48.7222771,2.4525995,Centre Hospitalier Intercommunal Lucie et Raymond Aubrac,hospital,,,,,,Villeneuve-Saint-Georges
697023907,node,48.7594984,7.8570413,Centre Hospitalier Départemental de Bichwiller,hospital,,,,,,
703406696,node,48.856638,2.359653,Clinique Vétérinaire Saint Paul,clinic,,,,+33148878596,https://saintpaul.vet/,
710466776,node,50.6126187,2.986561,Centre Hospitalier Jean de Luxembourg,hospital,,no,,+33 362 210 400,https://ghlh.fr/,Haubourdin
738003925,node,48.3995891,-4.494993,Service de Santé Universitaire,clinic,,,,+33 2 98 01 82 88,https://www.univ-brest.fr/service-sante-etudiant/fr,
762703217,node,47.4852002,-0.5878728,Clinique Saint-Didier,hospital,,,,,,
778795029,node,-22.266382,166.3965427,CHS de Nouville,hospital,,,,,,
783760856,node,48.8352616,2.2442898,Centre de Pneumologie de l'Enfant,hospital,,,,+33 1 46 99 98 98,,
803374729,node,43.5702881,1.4549327,Santé Rangueil,clinic,,,,,,
833196750,node,42.7195809,1.8402221,Hôpital local Saint-Louis,hospital,,,,,,
871682965,node,-21.3464132,165.1586345,Dispensaire de Poya,hospital,,,,,,
876656117,node,-21.0605881,164.8602816,,hospital,,,,,,
876656130,node,-21.0568083,164.8622235,Dispensaire de Koné,hospital,,,,,,
878451741,node,-20.9495048,164.6885211,Dispensaire de Voh,hospital,,,,,,
878722649,node,47.8304083,-3.3175966,Centre hospitalier Charcot,hospital,,,,,,
883722156,node,-22.2254864,166.4881641,SMIT CAFAT,hospital,,,,,,Nouméa
906643217,node,-21.3973548,165.8295784,Dispensaire de Kouaoua,hospital,,,,,,
939291137,node,-21.047901,55.2672873,Clinique Les Oliviers,hospital,,,,,,
939878432,node,-21.6113332,166.214515,Dispensaire de Thio,hospital,,,,,,
969919953,node,45.6406242,2.5133601,Centre psychiatrique de la Cellette,hospital,,,,,,
977194624,node,48.8435512,2.3549103,Clinique Geoffroy Saint-Hilaire,hospital,Ramsay Santé,,,+33 1 44 08 40 00,https://clinique-geoffroy-saint-hilaire-paris.ramsaygds.fr/,
978866036,node,47.5240595,-2.488785,Centre de Réadaptation,hospital,,,,,,Billiers
989671106,node,48.4109079,-1.8123222,Cabinet Médical,hospital,,,,,,Meillac
1011424909,node,43.4556676,2.0041688,Centre hospitalier de Revel,hospital,,,,,,
1033411473,node,47.6244755,4.3402321,Centre Hospitalier Intercommunal Châtillon Montbard,hospital,,,,,,
1049197190,node,45.4681204,6.9029783,Cabinet médical,clinic,,,,,,
1115970067,node,43.5702206,7.1144693,Pôle Santé Wilson,clinic,,,,+33 4 93 67 40 60,,Antibes
1148070702,node,5.3786711,-52.9578361,Centre de Protection Maternelle et Infantile de Sinnamary,clinic,Collectivité Territoriale de Guyane,,,+594 59434 52 78,,Sinnamary
1162465281,node,4.3119983,-52.1303546,Centre Délocalisé de Prévention et de Soins,clinic,Centre Hospitalier Andrée Rosemon (CHAR),,,+594 594 27 06 51,,Régina
1162885139,node,3.8899648,-51.8022404,Centre Délocalisé de Prévention et de Soins,clinic,Centre Hospitalier Andrée Rosemon (CHAR),,,+594 594 37 09 61,,Saint-Georges
1164059022,node,4.7260871,-52.3268155,Dispensaire,clinic,,,,,,
1179093135,node,49.0485226,3.9507764,Clinique d'Épernay,hospital,,,,,,
1205475856,node,48.0269527,-3.4884486,Hôpital local du Faouët,hospital,,,,,,
1224158095,node,48.835404,2.2444495,Centre d'Exploration Digestive de l'Enfant,hospital,,,,,,
1225227409,node,48.8450737,2.2614765,Clinique Drouot Molitor,clinic,,,,+33 1 88 40 20 30,,
1290238381,node,50.496545,2.9614658,Hôpital de Carvin,hospital,,,,,,
1328716120,node,47.226012,-1.6115859,I.R.M. de l'Atlantique,hospital,,,,,,
1336001616,node,49.4484745,1.089041,Hôpital de Jour MGEN,hospital,,,,,,
1336001622,node,49.4493077,1.0820638,Centre de jour Saint-Gervais - Centre Hospitalier du Rouvray,hospital,,,,,https://www.ch-lerouvray.fr/centre-de-jour-saint-gervais-pour-adultes-cmp-et-crep,
1339920613,node,-21.2858838,55.4057178,CHU Hôpital de Saint-Louis,hospital,CHU de la Réunion,no,,,,Saint-Louis
1358353974,node,-17.5364758,-149.560476,Centre médical de Mamao,clinic,,,,,http://www.cliniquemamao.pf/,
1362787029,node,48.8234162,2.3578095,Place dentaire & Place Vision,clinic,,,,,,
1371545907,node,48.1790874,1.3871264,Hopital psychiatrique Henri Ey,hospital,,,,,,
1413912313,node,43.101325,0.9572259,,clinic,,,,,,
1419257056,node,3.6233536,-53.2095856,Centre Délocalisé de Prévention et de Soins de Saül,clinic,Centre Hospitalier Andrée Rosemon (CHAR),,,,,Saül
1421177920,node,44.5298629,0.768198,Maison de santé pluridiciplinaire,clinic,Com. Com Haut Agenais Périgord,,,,,Monflanquin
1457097885,node,47.7412399,-1.1747178,Hôpital Thierry de Langeraye,hospital,,,,,,
1462112612,node,48.8604665,2.2777715,Clinique de la Muette,hospital,,,,,https://www.clinique-delamuette.fr/,
1509314043,node,14.6873041,-61.0872119,Centre Hospitalier Maurice Despinoy,hospital,,,,,,
1529291788,node,48.5590582,-2.5431141,Claripharm,clinic,,,,,,Saint-Alban
1554189119,node,47.9642452,0.2230577,Clinique du Tertre Rouge,hospital,Groupe Elsan,,,,,
1583926075,node,48.1790585,-2.7541384,Centre hospitalier Centre Bretagne,hospital,,,,+33 2 96 25 32 25,https://www.ch-centre-bretagne.fr/,
1586080138,node,49.8323177,3.9027865,Centre Hospitalier de Vervins,hospital,,,,,,Vervins
1588305092,node,43.6019783,3.8535476,,clinic,,,,,,
1596072091,node,47.2105197,2.0605967,Maison Médicale de La Noue,hospital,,,,,,
1635284412,node,49.1774779,-0.3564216,Centre Interventionnel Ostéoarticulaire et du Rachis,clinic,,,,,,
1640559633,node,43.569603,1.472004,Medical Service,clinic,,,,,,
1652874154,node,47.2100856,-1.5507229,Centre médical de la Madeleine,clinic,,,,,,
1661254423,node,45.3364513,1.0513556,Centre Hospitalier d'Excideuil,hospital,,no,,,,
1678131841,node,43.2779107,-0.3264984,Clinique Cardiologique,hospital,,,,+33 5 59 82 26 26,,
1683476583,node,42.9713308,-0.3909223,Établissement Thermal,hospital,,,,,,
1684818336,node,48.8426449,2.3435197,Institut Curie,hospital,,,,,,
1685650816,node,48.8440994,2.3394338,Centre Luxembourg,clinic,,no,,,https://www.centre-luxembourg.com/,
1690312398,node,45.6346792,4.4585941,Hôpital local de Saint-Symphorien-sur-Coise,hospital,,no,,,,Saint-Symphorien-sur-Coise
1697684372,node,44.4333001,-0.208113,Hôpital Saint-Antoine,hospital,,,,,,
1708339124,node,46.0292495,4.312775,Hôpital de Thizy,hospital,,,,,,
1715026269,node,43.2768365,-0.3255823,Centre de Dialyse du Béarn,clinic,,,,,,
1744066136,node,48.9409347,2.8730666,Clinique Saint-Faron,hospital,,,,,,
1745334267,node,45.742217,0.3832859,Centre hospitalier de le Rochefoucaud,hospital,,,,,https://www.ch-larochefoucauld.fr/,
1746179269,node,44.0587704,6.1475717,Centre des Carmes,hospital,,no,,+33 4 92 30 34 00,http://www.centre-des-carmes-aiglun.fr,Aiglun
1763282456,node,48.7904711,2.2617123,Clinique du Plateau,hospital,,no,,+33141281088,,
1768395070,node,48.0180618,0.1775265,Clinique Victor Hugo,hospital,,no,,+33243479494,https://www.elsan.care/fr/clinique-victor-hugo,
1768419851,node,48.9039701,2.3463936,CMS et PMI Bauer,hospital,,no,,,,
1785718225,node,48.6777265,-1.3491101,Hôpital privé de la Baie,hospital,Vivalto,,,,,
1787035863,node,45.9392761,6.714928,Sancellemoz,hospital,,,,,,
1795689466,node,43.6102425,3.8649204,Centre aide à la santé mentale,clinic,,,,,,
1799107414,node,47.3595793,0.6665068,Clos Saint-Victor,hospital,,,,+33 2 47 48 70 70,,
1808656315,node,4.9214048,-52.3164474,La Maison de la Kinesitherapie,clinic,,,,+594 694 42 75 91,,
1809305674,node,4.9226368,-52.3127401,Centre Médico Psychologique pour Adultes,hospital,,,,+594 594 25 52 90,,
1818810541,node,4.9380692,-52.3282507,Centre de Santé,clinic,,,,,,
1830115877,node,44.3595647,5.1370531,Hôpital de Nyons,hospital,,,,,,
1870053612,node,47.2821634,4.2296359,Hôpital Local de Saulieu,hospital,,,,,,
1872834212,node,49.1491358,0.906383,Hôpital local du Neubourg,hospital,,no,,+33 2 32 35 68 00,,
1923788796,node,49.2837195,0.1829924,Centre Hospitalier de Pont-l'Évêque,hospital,,,,,,
1945941131,node,48.8999756,2.2388567,La Cité des Fleurs,hospital,Les Diaconnesses de Reuilly,no,,+33 1 56 37 57 00,https://citedesfleurs.fondationdiaconesses.org/,
1977352770,node,47.4340493,-2.1198204,Centre de soins de Bodio,hospital,,no,,+33 2 40 17 51 00,,
1985482383,node,43.8704439,-0.4845261,JACQUET Sophie & DROUIN Julianne,clinic,,,,,,Saint-Pierre-du-Mont
1996209629,node,49.183363,-0.3681469,Aurore Mebarki,clinic,,,,+33 6 19 18 44 24,,
1996899023,node,46.9824929,1.6115239,,hospital,,,,+33 2 54 29 10 00,,
2000542267,node,48.1575839,-0.4092904,Hôpital d'Evron,hospital,,no,,,,Évron
2005930073,node,-21.2748082,55.5080258,Clinique Durieux,clinic,,yes,,,,Le Tampon
2016895027,node,45.4246597,4.0669193,Hopital de St Bonnet le Château,hospital,,,,,,
2022863169,node,48.8201025,2.2244585,Maison de Santé de Bellevue,hospital,,no,,+33 1 41 14 15 00,http://www.clinique-bellevue.com,
2023786648,node,47.9263567,6.6608787,Maison de Santé Pluridisciplinaire de la Charme,hospital,,yes,,+33 3 29 24 35 69,https://ruptsante.fr/,Rupt-sur-Moselle
2048767629,node,45.2047941,0.1411777,Centre hospitalier Chenard,hospital,,no,,+33 5 53 92 43 00,,
2059789255,node,44.3754477,4.6467817,Hôpital Intercommunal Bourg-Saint-Andéol-Viviers,hospital,,no,,+33 4 75 54 50 61,https://www.hi-bsav.fr/,
2060740021,node,50.447908,3.4250523,Clinique psychiatrique,hospital,,no,,,,
2064967443,node,49.8718944,2.2941754,Clinique Victor Pauchet,hospital,,no,,,,
2089723521,node,48.8781498,2.2912675,Hôpital Marmottan,hospital,,,,,,
2096759016,node,43.8296744,5.7960284,Centre d'imagerie du Forum,clinic,,,,,,
2107160457,node,50.5330162,2.8077283,Centre Hospitalier La Bassée,hospital,,,,,,
2111131523,node,48.6852504,6.1863651,Centre Médical Calliopé,clinic,,,,,,
2112365042,node,48.9602031,2.5385925,Clinique de l'Alliance,hospital,,no,,,,
2125263178,node,46.7255208,2.4972033,Clinique des Grainetières,clinic,,,,+33 826 39 99 07,http://www.vitalia-grainetieres.com/,Saint-Amand-Montrond
2133534686,node,49.6248339,-1.6277457,Centre Hippocrate,clinic,,no,,,,Cherbourg-en-Cotentin
2133755431,node,44.1549807,4.6105406,Clinique Ambulatoire de la Cèze,hospital,,,,+33 4 66906060,,
2135375018,node,5.1572265,-52.6418136,L'ENVOL,hospital,,,,,,
2139942261,node,47.3452437,3.6709698,Le Réconfort,clinic,,,,,,
2140326771,node,48.9501479,7.6420859,Centre de Réadaptation Fonctionnelle,hospital,,no,,,,
2149007138,node,44.5429849,4.2912801,Hôpital Local Intercommunal de Rocher Largentière,hospital,,no,,,,
2155877235,node,5.1634493,-52.6510469,Centre Prévention Santé,clinic,Croix-Rouge française,,,+594 594 32 05 56,,Kourou
2156077596,node,45.5264843,4.6193494,Hôpital du Gier,hospital,,no,,,,
2179680612,node,45.032937,0.1846844,C.H.S de Vauclaire,hospital,,,,,,
2181674851,node,45.7544751,4.8419751,Comité Départemental d'Hygiène Sociale,clinic,,,,+33472731276,https://www.cdhs.fr/,
2255903945,node,48.8413244,2.2776225,Convention - Balard,clinic,,,,+33 1 43 92 00 00,,
2257619704,node,45.7267285,3.1880284,Cabinet infirmier du Forum,clinic,CHAIB NORDINE,,,,,
2288919016,node,47.2913209,3.8149279,Hôpital Les Cygnes,hospital,,,,+33 3 86 22 30 00,,
2297317811,node,49.478112,2.9912825,Centre de réadaptation cardiaque Léopold Bellan,hospital,Fondation Léopold Bellan,,,+33 3 44 75 50 00,,
2312544392,node,47.2528183,-2.2663829,Polyclinique de l'Europe,hospital,,no,,,,
2323970203,node,43.4759125,0.9106674,Centre hospitalier intercommunal Lombez - Samatan,hospital,,,,,,
2324908519,node,-16.4477013,-152.2484277,Infirmerie de Maupiti,clinic,,,,,,
2351503076,node,46.0982414,2.690576,Centre de Rééducation Fonctionnelle,hospital,,,,,,
2356069902,node,45.8251194,4.7724547,,clinic,,,,,,
2372530196,node,49.3420481,1.0243025,Clinique des Essarts,clinic,,,,+33232114900,,
2377970263,node,45.9051332,3.0436852,Centre hospitalier Étienne Clementel,hospital,,,,+33473337555,https://www.ch-clementel.fr/,
2391501025,node,48.971721,1.9478536,Clinique de Bazincourt,hospital,,no,,,,
2426538046,node,47.2435903,-1.3583349,Hôpital du Loroux-Bottereau,hospital,,,,,,Le Loroux-Bottereau
2495910498,node,48.8320984,2.3546387,Centre d'Imagerie Médicale Italie,clinic,,,,,,Paris
2506232459,node,48.8115267,2.3157396,Centre médical Lafontaine,clinic,,,,+33 1 46 55 07 65,http://www.centrelafontaine.fr/index.php,
2548364739,node,44.9352649,4.8829392,IRM Nessen,clinic,,,,+33 4 75 43 75 43,http://radiologie-drome-ardeche.fr/home/limagerie-medicale/nos-sites-dimagerie-medicale/irm-nessen-guilherand/,
2579615489,node,-20.9523871,55.6531971,A.S.D.R. (DIALYSE AMBU ST ANDRE),clinic,,,,,,saint-André
2583486874,node,-20.9360823,55.2960648,Centre de dialyse Jeanne d'Arc,clinic,,,,,,Le Port
2585816584,node,50.0986058,1.8608015,Clinique Sainte-Isabelle,hospital,,,,,,
2614812280,node,47.3062449,5.1082535,Unité de Soins Palliatifs La Mirandière,hospital,,,,,,
2640857786,node,48.6648299,2.4218455,Hôpital des Cheminots,hospital,,,,,,
2641834805,node,43.9050465,-0.4696952,,clinic,,,,,,
2655889759,node,48.8712921,2.325077,Clinique Implantologie Paris Madeleine,clinic,,,,,,
2657452218,node,47.9644226,3.5109407,Croix-Rouge française USSR Migennes,hospital,,no,,,,Migennes
2661582583,node,48.8784707,3.5462559,Hôpital local de Montmirail,hospital,,no,,+33 3 26 81 20 36,,
2713555775,node,44.7763852,1.0097128,Hôpital,hospital,,,,,,
2717024286,node,45.525375,4.8764071,Cabinet Infirmier,clinic,,,,,,Vienne
2756749152,node,46.5152343,-1.7494534,Clinique Chirurgicale Porte Océane,hospital,,,,+33 2 51 21 15 15,http://www.clinique-porte-oceane.fr,
2779197607,node,-21.0579111,55.710153,Groupe hospitalier Est Reunion,hospital,,yes,,+262 262 98 80 00,https://www.gher-reunion.fr/,Saint-Benoit
2781045630,node,48.885746,2.297974,,clinic,,,,,,
2781164083,node,48.887501,2.295685,Centre paramédical Paul Adam,clinic,,,,,,
2882948584,node,43.7323154,3.3049798,Clinique du Souffle la Vallonie,hospital,Inicea,,,,https://www.inicea.fr/smr/clinique-du-souffle-la-vallonie-herault-34700,
2887556973,node,48.8760901,2.3855589,Unité de dialyse des Buttes-Chaumont,clinic,,,,+33 1 45 26 53 55,,
2888248860,node,46.4529521,4.121359,Céline Coupard,clinic,,,,+33 3 58 42 68 89,,Paray-le-Monial
2904018780,node,42.9875873,2.0114477,Clinique Christina,clinic,,,,,,
2913420188,node,48.8784351,2.3757629,Institut Français de Myopie,clinic,,,,+33148036565,https://www.fo-rothschild.fr/patient/lhopital/nos-etablissements/institut-francais-de-myopie,Paris
2916349111,node,47.3872311,-1.0320657,Centre Médico-Social,clinic,,,,,,
2919533537,node,48.8844081,2.3789869,Centre Paramedical Cavendish,clinic,,,,,,
2922000466,node,45.7739195,4.972832,Hôpital de jour de Décines,hospital,,,,+33 4 37 42 12 18,,Décines-Charpieu
2922004598,node,45.7738107,4.9729016,CMP de Décines,hospital,,no,,+33 4 37 42 00 14,,Décines-Charpieu
2922556549,node,48.8832179,2.3866173,Centre Médical et Paramédical,clinic,,,,,,
2924827263,node,48.8856585,2.3878153,Clinique Canal de L'ourcq,hospital,Inicea,,,+33 1 55 56 53 00,https://www.inicea.fr/smr/clinique-canal-de-l-ourcq-paris-75019,
2935920001,node,48.8857324,2.2974525,Espace santé européen,clinic,,,,,,
2939184463,node,47.6053742,1.4699562,Clinique médicale du Centre,clinic,,,,,,
2968182068,node,16.0529145,-61.5667233,Centre Médico-psycologique Enfants & Adoléscents,clinic,,,,,,
2972421465,node,15.9786461,-61.6598589,Clinique La Violette,hospital,,,,,,
3004837728,node,5.1579208,-52.6432544,Centre de Protection Maternelle et Infantile de Kourou,clinic,Collectivité Territoriale de Guyane,no,,+594 594 32 18 81,,Kourou
3010554844,node,43.6066226,7.1125851,Centre Monsignery,hospital,,,,,,
3042124179,node,48.7950656,2.2781863,"Clinique ""Les Pervenches""",clinic,,,,,,Fontenay-aux-Roses
3043679327,node,45.1868602,5.70595,Ampère Soins,clinic,,,,+33 7 86 98 87 03,,
3046140720,node,48.0854866,-2.9133093,Polyclinique de Kério,clinic,,no,,,http://www.polyclinique-pontivy.com,
3054369367,node,48.874063,2.3798331,Groupe médical Rampal,clinic,,,,,,
3105749276,node,48.8747235,2.4028142,Hôpital de Jour pour Enfants,hospital,L'Élan retrouvé,,,,http://www.elan-retrouve.fr/hopital-jour-enfants-haxo.php,
3121874388,node,44.4515024,2.4744077,Hôpital local Résidence du Vallon,hospital,,no,,,,
3141279823,node,48.2048406,6.7225421,Groupe médical Villemin,clinic,,,,,,Bruyères
3168734713,node,48.8748082,2.4028457,Centre de Santé Polyvalent,clinic,,,,,,
3179347400,node,14.8689113,-61.1206155,Hôpital de Basse-Pointe,hospital,,,,,,
3189803775,node,48.8308649,2.2455686,Centre de Santé Polyvalent,clinic,Croix-Rouge française,,,+33 1 46 21 04 54,http://www.centre-de-sante.croix-rouge.fr/index.php/liste-des-centres/boulogne-billancourt,
3194400828,node,43.5806355,7.1197415,Centre de Santé Dugommier,clinic,,,,,,
3198131821,node,46.6742734,5.5426178,IM2P,clinic,,,,,,
3202864980,node,44.6061096,2.0370607,Clinique Font Redonde,hospital,,,,+33 5 65 50 75 75,http://www.clinique-font-redonde.com/,
3225167474,node,46.761218,4.8396652,Clinique de Bourgogne,clinic,,,,,,
3231694316,node,48.8852964,2.3750552,Hôpital de jour Georges Vacola,hospital,,,,,http://www.vacola.asso-gd.fr/,
3253864247,node,47.7193193,-3.3180593,Centre hospitalier Port-Louis et Riantec,hospital,,no,,,,
3260218129,node,4.9334961,-52.3271295,Groupe Médical Schoelcher,clinic,,,,,,Cayenne
3269742332,node,48.8762911,2.3752447,Institut Noémie de Rothschild,clinic,,,,,,
3274654556,node,44.0871851,4.8861589,Infirmère D.E & Prothésiste capillaire,clinic,"Mme Béatrice VIROT, Mme P LOZACH, Anne CLOQUET et Nathalie COCHET",,,,,
3296443978,node,48.7769687,2.2561229,Laboratoire du Plessis,clinic,Bio Ethernalys,,,+33 140831727,https://bioethernalys.com,
3297496751,node,-20.933228,55.3098271,SISTBI,clinic,,,,,,
3353608893,node,48.1200404,-1.6661106,Cabinet de soins Duchesse Anne,clinic,,,,,,
3354784650,node,44.2665299,1.9957018,Médecin,hospital,,,,,,Monteils
3380353078,node,43.3423653,3.2550273,Centre de Néphrologie du Biterrois,clinic,,,,,,
3380353079,node,43.3428866,3.2552011,Centre de Pédopsychiatrie Anne Frank,clinic,,,,,,
3455456921,node,47.2547128,5.9855017,Stéphane Saint-Hillier,clinic,,,,+33 3 81 58 43 69,http://www.medecine-esthetique-besancon.com,
3478880440,node,48.0634915,-2.6977087,Kervihan,clinic,,,,,,
3489528978,node,48.0470685,-2.6903037,Penn-Ker,clinic,,,,,https://www.kerjoie.fr/,
3501719723,node,48.8726355,2.3503654,Hôpital Maison Blanche,hospital,GHU PARIS PSYCHIATRIE ET NEUROSCIENCES,,,+33 1 40 22 12 69,https://www.ghu-paris.fr/fr/annuaire-des-structures-medicales?address=&sector=All&categories=All&type_audience=All&type_support=All&keys=hauteville,
3517741842,node,43.9124723,5.2002779,Hôpital de Gordes,hospital,,,,,,
3538969978,node,42.851532,1.6080117,Hôpital Jules Rousse,hospital,,,,,,
3612927622,node,-21.3008633,55.4271954,Clinique les Flamboyants Sud,clinic,,,,,http://clinique-flamboyants-sud.com/,Saint-Pierre
3624753425,node,48.8402311,2.4086013,Centre Santé Dorée,clinic,,,,+33 1 44 75 60 60,https://centre-sante-doree.fr/,
3635308550,node,50.5487314,3.0183868,USLD Au Fil de l'Eau,hospital,,,,,,
3644346496,node,47.8753229,3.5416364,Clinique de Régennes,hospital,Inicea,,,,https://www.inicea.fr/sante-mentale/clinique-de-regennes-appoigny-89380,
3710200742,node,48.4232816,-4.5594685,Centre de Soins et de Réadaptation,hospital,,,,,,Guilers
3757968407,node,47.7357265,-3.3984031,Clinique du Ter,hospital,Elsan,,,+33 2 97 37 04 22,http://www.ter.groupe-elsan.com/,
3777462365,node,48.103517,-0.7604177,Clinique Notre-Dame de Pritz,clinic,,,,+33 2 43 53 67 30,https://clinique-notre-dame-de-pritz.ramsaygds.fr/,Changé
3877790577,node,44.8937597,6.6354912,Cabinet de la Soie Kinésithérapie,clinic,,,,+33 4 92 49 93 88,,
3908612355,node,43.4564227,3.4233371,Polyclinique Pasteur,hospital,Cap Santé,yes,,+33 4 67 90 41 41,https://www.polyclinique-pasteur.fr/accueil-pasteur.html,Pézenas
3941239279,node,45.2134813,4.3464336,Centre de soins,clinic,,,,,,
3978165263,node,48.8671266,2.417718,Centre Municipal de Santé Elsa Rustin,clinic,,,,,,
3991686743,node,44.9372759,3.9949689,L'Hort des Melleyrines,hospital,,,,+33 4 71 03 80 51,http://hdm43.fr,
3993822767,node,48.7531337,2.2879828,Imagerie Medicale du Bois de Verrières,clinic,,,,+33 1 42 37 08 88,https://imagerie-boisdeverrieres.fr,
4008355497,node,47.2612933,-0.9232554,La Ménantière,clinic,,,,,,
4011428190,node,43.7129675,5.3062773,Le Méditerranée,clinic,,,,,,
4070148934,node,48.8750657,2.320703,Centre médico-dentaire Pépinière,clinic,,,,,,
4123605137,node,44.5859946,-0.0361396,Maison de Santé Rurale,hospital,,,,+33 5 24 25 30 00,,
4123752591,node,43.0853581,6.1570109,Institut Helio Marin,hospital,,,,,,
4165251397,node,49.1312294,4.5283868,Maison de Santé,clinic,,,,,,
4176865125,node,48.8091489,2.1329953,Centre Soins Accompagnement Prévention Addictologie CEDAT,clinic,,,,+33 1 39 63 95 00,https://www.ch-versailles.fr/Addictologie/5/5/42,
4186127827,node,47.8050262,3.5697247,CHS de l'Yonne,hospital,,,,,,
4187282974,node,45.2820992,2.668478,Clinique du Haut Cantal,clinic,,,,,,
4296126980,node,43.6303284,3.8627305,Hôpital Gui de Chauliac,hospital,CHU de Montpellier,yes,,+33 4 67 33 67 33,https://www.chu-montpellier.fr/fr/a-propos-du-chu/decouvrir-le-chu/etablissements/gui-de-chauliac/,
4313147337,node,43.612046,1.0825252,Cabinet Infirmière,clinic,Carine Lévèque,,,+33 6 84 48 83 08,,L'Isle-Jourdain
4358959054,node,46.220216,4.5211423,Cabinet infirmiers,clinic,,,,,,
4360727354,node,43.6066598,0.048986,Centre Territorial de Santé de Plaisance,clinic,Gers Santé,,,+33 5 32 48 00 05,,Plaisance du Gers
4367705321,node,45.1863003,5.732159,Clinique Vision Laser des Alpes,clinic,,,,+33 4 38 03 03 03,http://www.cvla.fr,Grenoble
4369839471,node,44.0588545,6.1481023,Centre de Réadaptation,hospital,,,70,,,
4381296790,node,-21.2852078,55.4103022,CHU,hospital,,,,,,
4395594490,node,-22.6710538,167.4888607,,hospital,,,,,,
4416374303,node,48.8355335,2.3399561,Centre de Rééducation Fonctionnelle Port-Royal,clinic,,,,+33 1 58 52 25 40,,
4416618123,node,44.3882593,0.819025,Centre Hospitalier de Penne d'Agenais,hospital,,,,,https://www.hopital-de-penne.com/,Penne-d'Agenais
4424354275,node,4.9340115,-52.329662,Centre de Planification et d’Education Familiale,clinic,Collectivité Territoriale de Guyane,,,+594 594 28 81 60,,Cayenne
4438721522,node,46.5325518,6.0173846,Hôpital Léon Bérard,hospital,,,,+33 3 84 34 24 34,https://hopitaux-jura.fr/ch-morez/,Hauts de Bienne
4456627815,node,49.2593795,1.8832761,Centre de Rééducation Fonctionnelle Léopold Bellan,hospital,Fondation Léopold Bellan,no,,+33 8 26 30 55 55,https://www.reeducation-bellan-chaumont-vexin.fr/,
4532926382,node,48.9008252,2.3054045,Centre de Santé Jean Jaurès,clinic,,,,+33 1 49 68 00 00,,
4540558784,node,48.9713063,2.2879553,Groupe Médical du Parc,clinic,,,,,,Saint-Gratien
4553609460,node,46.8147105,0.3284259,Maison médicale,clinic,Commune de Lencloître,,,,,Lencloître
4557918009,node,48.9140389,2.3838799,Centre municipal de santé Docteur Pesqué,clinic,Commune d'Aubervilliers,,,+33 1 48 11 21 90,https://www.aubervilliers.fr/Centre-Municipal-de-Sante-Docteur-Pesque,Aubervilliers
4594699367,node,48.5843155,7.7484277,InWe'Care,clinic,,,,,,
4596517542,node,16.3174851,-61.2839187,Clinique les Nouvelles Eaux Marines,hospital,,,,,,
4599596519,node,48.7416001,7.3715834,,clinic,,,,,,
4600200764,node,43.4684947,2.082805,Clinique Le Château,clinic,Inicea,,,,https://www.inicea.fr/smr/clinique-le-chateau-tarn-81540,Cahuzac
4600200765,node,43.4680041,2.0815014,,clinic,,,,,,
4609643175,node,43.5997988,1.3229215,MB8 Institut,clinic,,,,,,
4646694193,node,48.7361413,7.0522704,Sveltéo Clinic Minceur,clinic,,,,+33 3 87 08 43 68,https://svelteo.fr/svelteo-sarrebourg,Sarrebourg
4657177274,node,48.8266353,2.3780226,Clinalliance,clinic,,,,,,
4673247949,node,46.2015333,6.2508599,Centre Alfred Binet,clinic,,,,,,
4701757789,node,45.9371911,6.705163,Clinique Parassy,clinic,,,,+33 826009007,,
4705200849,node,43.6875467,4.4283374,Centre d'Imagerie Médicale,clinic,,,,,,
4706524700,node,42.5005435,2.0336581,Clinique Val Pyrène,clinic,Inicea,,,+33 4 68 30 78 96,https://www.inicea.fr/smr/clinique-val-pyrene-pyrenees-orientales-66120,
4708346391,node,16.2566495,-61.5888878,Centre médical Les Acacias,clinic,,,,,,
4724882071,node,50.7202498,1.6117367,C.A.T.T.P.,hospital,Centre Hospitalier de Boulogne sur Mer,,,+33 3 21 87 60 31,https://www.ch-boulogne.fr/la-psychiatrie/centre-daccueil-therapeutique-a-temps-partiel,Boulogne-sur-Mer
4751279276,node,48.7982667,2.3179104,Centre de Radiologie Pasteur,clinic,,,,,,
4759654292,node,44.0926475,6.2341157,Cabinet d'infirmiers,clinic,,,,,,Digne les Bains
4782027405,node,48.3843911,-4.4999442,Cabinet infirmier Pereira Marc,clinic,,,,,,
4808240322,node,48.9126792,2.3605102,,clinic,,,,,,
4819914052,node,49.1061924,-1.1073655,Salle Polyvalente CH Mémorial St Lô,hospital,CH Mémorial St Lô,,,,,Saint Lô
4827658568,node,49.0419718,2.1104184,Clinique Medicale du Parc,clinic,,,,+33134404142,,
4898061720,node,5.4938012,-54.030865,Antenne de formation Croix rouge,clinic,,,,,,
4898114972,node,43.7573503,-0.5713132,Hôpital de Saint-Sever,hospital,,no,,+33 5 58 76 45 45,http://www.hopital-saint-sever.fr/,
4920592512,node,48.829295,2.117919,"Clinique Parly 2, annexe",hospital,,no,,,,
4921832121,node,44.3806538,4.9898886,Kinésithérapie Savajols Jean Michel,clinic,,,,,,
4936398378,node,48.8275463,2.3141331,Plateforme Maladies Rares,clinic,,,,,,
4936588020,node,47.4378803,0.645396,Centre de Rééducation Fonctionnelle Neurologique Bel-Air,hospital,Croix Rouge Française,,,+33 2 47 42 43 00,,
4936970104,node,47.4059724,0.6837605,Centre Médico-Social de Tours,clinic,,,,,,
4941715424,node,47.3823832,0.6648656,Union de Caisses - Institut inter Régional pour la Santé,clinic,,,,,https://www.uc-irsa.fr/,
4949104205,node,47.2100405,-1.5581837,Le Tourville,hospital,,,,,,
4954111139,node,47.6531171,-2.0839961,,clinic,,,,,,
4960491648,node,48.8295837,2.197131,Clinique Médicale de Ville d'Avray,clinic,,,,+33 1 47 09 05 81,https://www.cmva92.com/,
4993217631,node,48.5580992,-2.5343989,Centre de dialyse,clinic,,,,,,
5005921858,node,44.7364154,-0.6587637,Cabinet infirmier,clinic,,,,,,
5023043114,node,48.8515639,2.3754468,Med-Ophta Paris,clinic,Med-Ophta Paris,,,+33184251505,https://www.med-ophta.paris,Paris
5025120823,node,47.8139248,-3.6346198,Séverine Le Tellier - Calmette-Guerin SCM - Gaelle PENIN,clinic,,,,+33 2 98 39 60 20,,Moëlan-sur-Mer
5028244092,node,47.1325285,-1.7510974,Cabinet infirmières,clinic,,,,,,Port-Saint-Père
5043818293,node,46.3639605,6.4617619,Pole médico-social Thonon Ouest,clinic,,,,,,Thonon-les-Bains
5046431545,node,48.4464839,-2.7468017,Rennou Jean-Jacques,clinic,,,,,,Plédran
5046520238,node,44.7413625,-0.6833984,Cabinet Paramédical,clinic,,,,,,
5061910222,node,-22.2086278,166.4527034,urgence,hospital,,,,,,
5061911321,node,-22.2090698,166.4513656,maternité,hospital,,,,,,
5068658040,node,48.7145903,4.5927089,,clinic,,,,,,
5073253248,node,-12.8558021,45.1031894,Centre de consultations de Sada,clinic,CHM,,,+262 2 69 62 11 15,https://www.reseaux-sante-mayotte.fr/entreprise/centre-de-consultation-sada,Sada
5073275754,node,-12.7349142,45.2068857,Centre de consultations de Koungou,clinic,,,,+262 2 69 62 01 77,,Koungou
5073322547,node,-12.7876962,45.219535,Centre de consultations de M'tsapéré,clinic,,,,+262 2 69 61 80 00,,Mamoudzou
5073346271,node,-12.8011729,45.2081681,Centre de consultations de Passamainty,clinic,,,,+262 2 69 62 19 54,,Passamainty
5073362898,node,-12.7914345,45.2718007,Centre de consultations de Labattoir,clinic,,,,+262 2 69 60 12 86,,Dzaoudzi
5073390339,node,-12.7972761,45.2766625,Dispensaire,clinic,,,,+262 2 69 60 13 93,,Pamandzi
5073407676,node,-12.7780999,45.2284762,Centre de consultations Jacaranda,clinic,,,,+262 2 69 61 80 00,,Mamoudzou
5073427789,node,-12.7000633,45.067228,Centre de consultations de M'tsamboro,clinic,,,,+262 2 69 62 19 51,,Mtsamboro
5073499460,node,-12.7607852,45.0863581,Centre de consultations de M'tsangamouji,clinic,,,,+262 2 69 62 58 96,,M'Tsangamouji
5073510903,node,-12.9101592,45.1925612,Centre de consultations de Bandrélé,clinic,,,,+262 2 69 62 14 83,,Bandrélé
5073519065,node,-12.908415,45.0803912,Centre de consultations de Bouéni,clinic,,,,+262 2 69 64 82 00,,Bouéni
5073532978,node,-12.8448997,45.1903123,Centre de consultations de Dembéni,clinic,,,,+262 2 69 62 15 01,,
5073569764,node,-12.7217563,45.0592263,Centre de consultations d'Acoua,clinic,,,,+262 2 69 62 30 00,,Acoua
5083208829,node,45.1624225,5.674755,Clinique du Dauphiné,clinic,,,,,,
5092666663,node,47.1966968,0.4832764,,hospital,Minisitère des Armées - Service de Santé des Armées,,,,,
5117957360,node,43.8340707,5.0406452,Groupe cardio-vasculaire Sorgue Luberon,clinic,,,,,,
5121669444,node,48.6077924,7.7480733,EPSAN - Hôpital de Jour,clinic,,,,+33 3 88 64 45 47,https://ch-epsan.fr/media/websites/epsan/pdf/Psychiatrie%20adultes/67g07_psychiatrie_generale.pdf,
5127124213,node,43.6107698,3.0494695,Maison d'Accueil Spécialisée Saint-Vital,clinic,,,,,,
5132561726,node,43.2953007,5.5693856,Cabinet Médical des Défensions,clinic,,,,,,
5133076617,node,46.3249434,-0.4603692,Croix-Rouge française 79,clinic,,,,,,Niort
5149892656,node,43.268823,5.4022065,Centre Arthrosport,clinic,,,,+33 4 91 231 231,https://www.centrearthrosport.com/,
5153916836,node,48.1123151,-1.6753105,Centre laser médical Hylode,clinic,,,,+33 2 23 20 74 87,https://www.centrelaserrennes.com/,Rennes
5155774300,node,45.1840932,5.7119595,Centre de soins infirmiers,clinic,,,,+33 4 76 96 27 65,,Grenoble
5168802065,node,48.4432654,1.4874093,Maison médicale,clinic,,,,,,
5178160698,node,16.2414663,-61.5971656,,clinic,,,,,,
5179003544,node,47.6287936,-2.649098,Cabinet Infirmier,clinic,Laurence HELBERT,,,,,Theix
5202738422,node,-20.7821739,167.1480191,Dispensaire de Chépénéhé,hospital,,,,+687451279,,
5212533795,node,49.0901146,1.4841462,,clinic,,,,,,
5213203524,node,48.8800182,2.304237,Clinique Internationale du Parc Monceau,hospital,,,,,,
5225103905,node,50.6355367,3.1116146,Cabinet infirmier,clinic,,,,,,
5232446121,node,4.934447,-52.3075467,Centre Les Coulicous - Soins de Suite et Réadaptation pédiatrique,clinic,Rainbow Guyane,,,+594 594 28 21 13,https://rainbow-sante.com/hospitalisation-a-domicile-enfants-adolescents/,Cayenne
5236431941,node,48.697574,2.1839297,Laboratoire des Pyramides,clinic,,,,,,
5242394975,node,-21.3405863,55.4689733,Bastide,clinic,,,,+262 262 22 47 40,,Saint-Pierre
5246005981,node,48.6106662,7.7060133,Simse imagerie médicale,clinic,,,,+33 3 90 20 16 00,https://simse.fr/fr/Simse-imagerie-medicale-47.html,
5281789815,node,43.6734457,4.6390129,Ronald Mack,clinic,,,,,,
5284929235,node,-22.2660835,166.4709054,Centre Médical de Magenta plage,clinic,,,,+687275241,,
5310580726,node,43.6291502,3.8651257,Hôpital Saint-Éloi,hospital,CHU de Montpellier,,,+33 4 67 33 67 33,https://www.chu-montpellier.fr/fr/a-propos-du-chu/decouvrir-le-chu/etablissements/saint-eloi/,
5327608672,node,44.5718859,6.6798537,Centre médical de la Maison Blanche,clinic,,,,,,
5339790008,node,46.8923482,-0.9342888,Infirmerie,clinic,Puy du Fou,,,,,
5375102366,node,47.5916545,1.322652,Médecine du Travail,clinic,Association Prévention Santé au Travail,,,,https://www.apst41.fr/,Blois
5395093548,node,48.198735,3.2836342,BIO+ Centres d'analyses,clinic,,,,,,Sens
5395255583,node,49.4037551,2.8074072,Améthyste Radiothérapie,clinic,,,,,,
5410298741,node,43.7298703,-1.0657972,Clinique Napoléon,hospital,Inicea,no,,+33 5 58 91 22 00,https://www.inicea.fr/smr/clinique-napoleon-landes-40990,
5439445368,node,47.082222,5.4741605,Maison des adolescents,clinic,,,,,,
5460578621,node,-14.3087256,-178.132818,Hôpital de Kaleveleve,hospital,,no,,,,
5483393758,node,45.4493645,6.9808154,Medical center,clinic,,,,,,
5506558127,node,45.6969388,-0.3293434,"Immeuble, actuellement clinique",clinic,,,,,,
5538430924,node,50.161401,3.4853458,SSR Les Abeilles,hospital,,,,+33 3 27 73 77 77,,
5552087543,node,43.6388114,4.8105163,Centre médical des Alpilles,clinic,,,,,,
5555915321,node,48.8832434,2.2797959,Centre Pierre Cherest,clinic,,,,+33826200300,https://www.ambroisepare.fr/,
5560088754,node,48.5625034,2.60155,Maison médicalisée Simone Veil,clinic,,,,,,
5576173062,node,48.6354397,2.4242044,Centre Départemental de Prévention et de Santé,clinic,Département de l'Essonne,,,,,Évry
5579923362,node,46.4311444,4.6600932,Maison de santé du clunisois,clinic,,,,,,Cluny
5585036376,node,47.2465466,-0.0610068,Clinique de la Loire,hospital,,,,,,
5601489624,node,48.8166374,2.1278671,CelluTech - Minceur et anti age,clinic,,,,,,
5619630577,node,48.7287734,4.5909713,Luce DELCOURT,clinic,,,,,,
5621199394,node,46.4687001,-0.8160647,Centre Hospitalier Site Rabelais,hospital,,,,+33 2 51 53 51 53,,
5629177521,node,-22.2092839,166.4527847,Hôpital Gaston Bourret,hospital,,,,+687 20 80 00,,
5631951824,node,43.2821799,2.5887247,Centre Médical Joliot Curie,clinic,,,,+33 4 68 78 16 81,,RIEUX MINERVOIS
5658976479,node,49.3491667,2.718832,Valérie Izard Infirmière,clinic,,,,,,
5661318337,node,45.5320401,0.6628757,Cabinet Paramédical,clinic,"Donadieu, Candel, Vernez",,,,,
5661384603,node,45.5229467,0.6585926,Cabinet D'infirmiers,clinic,,,,,,
5661843621,node,5.4786782,-53.208559,Centre Délocalisé de Prévention et de Soins d'Iracoubo,clinic,Centre Hospitalier Andrée Rosemon,,,+594 594 34 54 23,,
5667152131,node,5.7339257,-53.9062848,Centre Délocalisé de Prévention et de Soins (CDPS),clinic,Centre Hospitalier Andrée Rosemon,,,+594 594 27 61 03,,Awala-Yalimapo
5667458052,node,5.4785767,-53.2086261,Protection Maternelle et Infantile d'Iracoubo,clinic,Collectivité Territoriale de Guyane,,,+594 594 34 62 54,,
5667458053,node,5.7339054,-53.9062172,Protection Maternelle et Infantile,clinic,Collectivité Territoriale de Guyane (CTG),,,,,Awala-Yalimapo
5667458054,node,5.1562126,-54.3444618,Centre Délocalisé de Prévention et de Soins de Apatou,clinic,Centre Hospitalier Andrée Rosemon,,,+594 594 34 90 33,,Apatou
5667458055,node,5.1563916,-54.3444873,Centre de Protection Maternelle et Infantile de Apatou,clinic,Collectivité Territoriale de Guyane,,,+594 59434 90 33,,Apatou
5667458056,node,5.6062676,-53.8156571,Centre Délocalisé de Prévention et de Soins,clinic,CHAR,,,+594 594 27 61 03,,Mana
5667458069,node,4.2723415,-54.3808662,Centre Délocalisé de Prévention et de Soins de Grand Santi,clinic,Centre Hospitalier Andrée Rosemon,,,+594 594 37 42 50,,Grand-Santi
5669418509,node,3.8106617,-54.1519251,Centre Délocalisé de Prévention et de Soins,clinic,Centre Hospitalier Andrée Rosemon,,,+594 594 37 30 85,,Papaichton
5669418510,node,3.8105262,-54.1519013,Centre de Protection Maternelle et Infantile,clinic,Collectivité Territoriale de Guyane,,,+594 594 37 30 10,,Papaichton
5669466367,node,3.643987,-54.0348519,Centre Délocalisé de Prévention et de Soins,clinic,Centre Hospitalier de Cayenne Andrée Rosemon,,,+594 594 37 11 24,,
5669466368,node,3.6441304,-54.0351024,Protection Maternelle et Infantile,clinic,Collectivité Territoriale de Guyane,,,+594 594 37 20 49,,
5669784724,node,2.2570908,-52.8732653,Centre Délocalisé de Prévention et de Soins de Trois Sauts,clinic,Centre Hospitalier Andrée Rosemon (CHAR),,,,,Camopi
5669784725,node,3.3826428,-54.0495688,Centre Délocalisé de Prévention et de Soins,clinic,Centre Hospitalier Andrée Rosemon,,,,,
5670006785,node,3.297074,-54.0706397,Centre Délocalisé de Prévention et de Soins,clinic,CHAR,,,,,
5670006805,node,3.8900985,-51.8023927,Centre de Protection Maternelle et Infantile,clinic,Collectivité Territoriale de Guyane,,,,,Saint-Georges
5670006816,node,4.574025,-52.4631779,"PMI, Protection Maternelle et Infantile de Cacao",clinic,Collectivité Territoriale de Guyane (CTG),,,,,
5671524721,node,49.6033061,-1.5974583,CMSI Cherbourg,hospital,,,,+33 2 19 23 12 71,https://www.cmsifrance.fr,Cherbourg-en-Cotentin
5673798762,node,4.9376832,-52.3283767,Centre de Prévention Santé,clinic,Croix-Rouge française,,,+594 594 28 41 30,,
5680505898,node,-13.3471761,-176.2027136,Mua,hospital,,,,,,
5686826822,node,-15.1097724,-148.2487301,Infirmerie dispensaire,hospital,,,,,,
5719766166,node,48.8921572,2.2787553,Institut de radiothérapie Hartmann,clinic,,,,+33 1 47 57 67 10,https://horg.fr/,
5724078125,node,49.2627578,2.4760351,,clinic,,,,,,Creil
5724078126,node,49.2635716,2.4750784,,clinic,,,,,,Creil
5741867821,node,14.8011101,-61.1450184,,clinic,,,,,,
5745128723,node,48.0802266,-4.4152528,cabinet infirmier,clinic,"Le Gall, Bathany, Piriou, Beaudouin",,,,,
5765696501,node,43.1364028,5.7537473,Infirmiers Florence Taché et Bastien Braccini,clinic,florence taché et bastien braccini,,,,,Bandol
5767469335,node,47.2237962,-1.6126809,Institut de la main,hospital,Elsan,yes,,,,
5790336953,node,48.6999693,6.1440982,Institut Européen de la Vision et du Regard,clinic,,,,+33 3 83 35 35 45,https://www.ophtalmologienancy.fr,
5792389687,node,43.1330369,-0.4561143,Cabinet d'infirmiers,clinic,,,,,,
5792670768,node,47.5590365,0.661127,Clinique du Val de Loire,clinic,,,,,http://cliniquevaldeloire.fr/,
5809111788,node,-20.23246,164.0246813,Dispensaire de Poum,clinic,,yes,,,,
5809137139,node,-22.2966123,166.4393668,Clinique de la Baie des Citrons,clinic,,yes,,,,
5810990828,node,48.9319362,2.2118649,Bioclinic,clinic,,,,+33 1 39 80 42 63,https://bioclinic.fr/laboratoire-analyse-medical/bezons-2/,
5818225715,node,49.2497843,4.5565404,Cabinet Infirmier Bernuzzi-Hainon,clinic,,,,+33326706095,https://www.infirmieres-sommepy.fr/,
5827681709,node,47.1342736,4.9489009,Centre Hospitalier Nuits-Saint-Georges,hospital,,,,,http://www.hopitaldenuits.fr,
5834149341,node,45.1316854,5.5811899,Santé en Vercors,clinic,,,,,,
5839393990,node,48.8827539,2.3694779,Centre de santé médical et dentaire,clinic,Médident,,,+33185736161,https://www.centres-medident.com/centre/centre-jaures-stalingrad/,
5841674493,node,48.8395835,2.2837852,Clinadent,clinic,,,,,,
5863167644,node,47.2155407,5.0895134,Point médical,clinic,,,,,,Saulon-la-Chapelle
5866110973,node,45.7690125,4.8485748,Centre d'Exploration de la Rétine Kleber,clinic,,,,+33 4 72 83 49 17,https://www.cerk.fr/,
5887776033,node,48.5347724,6.1471529,Maison médicale,clinic,,,,,,Pulligny
5906823193,node,-8.8722705,-140.0636264,Infirmerie de Taipivai,hospital,,,,,,
5910023340,node,48.1122478,-1.6827051,Clinique des Champs Elysées,clinic,,,,,,
5913628622,node,48.7330373,4.5873892,Centre de Santé Simone VEIL,clinic,,,,+33 3 26 62 14 14,https://servicesetsantemutualistes.fr/,
5916825520,node,47.9261813,1.8969754,Centre de radiologie,clinic,,,,,,
5924411252,node,4.0490502,-51.6691551,Centre Délocalisé de Prévention et de Soins,clinic,Centre Hospitalier de Cayenne (CHC),,,,,Saint-Georges
5924833286,node,-22.2695751,166.408513,Clinique Kuindo-Magnin,clinic,,,,,https://clinique.nc/,
5935765625,node,4.2099392,-51.6718437,Centre Délocalisé de Prévention et de Soins de Ouanary,clinic,Centre Hospitalier Andrée Rosemon (CHAR),,,,,Ouanary
5954432485,node,44.291591,4.1013167,Maison de Santé Pluri-professionnelle « Val de Cèze »,hospital,,,,,,Bessèges
5964177941,node,3.8919338,-51.8014,Cabinet en soins infirmiers de Saint Georges,clinic,Maison Santé Pluridisciplinaire de l'Oyapock,,,,,
5964180068,node,3.8920274,-51.8015123,Médecin libéral Saint Georges,clinic,Philippe Bois;Maison de Santé Pluridisciplinaire,,,,,
5964230504,node,3.8896254,-51.801253,"Infirmier (cabinet, soins à domicile)",clinic,BALLA OLIVIER et MONFLORD YANNIS,,,,,Saint-Georges
5968882098,node,48.98786,1.809976,Maison Médicale du Vexin,hospital,,no,,,,Gargenville
5980259663,node,3.3897291,-53.9262685,Centre Délocalisé de Prévention et de Soins,clinic,Centre Hospitalier Andrée Rosemon,,,,,
5985564737,node,43.6194891,3.8919759,Cabinet médical des Aubes,clinic,,,,+33 4 67 72 77 90,,
5992653231,node,47.2045369,-2.1506187,,clinic,,,,,,
6001144370,node,4.9374222,-52.3294492,Centre de Protection Maternelle et Infantile Barrat,clinic,Collectivité Territoriale de Guyane,,,+594 594 31 01 20,,Cayenne
6003686545,node,4.8499534,-52.3307644,Centre de Protection Maternelle et Infantile de Matouri,clinic,Collectivité Territoriale de Guyane,,,+594 594 35 60 84,,
6012336985,node,43.4193088,1.3949973,Clinique de Lagardelle,clinic,,,,,,
6019968495,node,47.0580471,6.6061833,Psychatrie Adulte CHI HTE Comté,hospital,,,,,,
6024879749,node,49.5325163,1.986949,Centre de Rééducation Fonctionnelle,hospital,,,,,,
6026928538,node,48.4036779,3.7361753,Centre Médical Marigny-le-Chatel,clinic,professionnels divers,,,+33 3 25 21 51 80,https://www.marignylechatel.fr/accueil/vie-quotidienne/annuaire-sante/,Marigny-le-Châtel
6029324581,node,48.402649,3.7370548,Cabinet Infirmier,clinic,,,,,,Marigny-le-Châtel
6030194213,node,47.2663246,-1.5271903,Roz Arvor,clinic,,,,+33 2 40 68 39 00,http://www.rozarvor.fr/,
6039721985,node,43.6990083,7.2716504,Centre Thérapeutique de Nice,clinic,,,,,https://www.centre-therapeutique-nice.fr/,
6039724506,node,48.9248529,2.2104567,Bioclinic,clinic,,,,+33 1 30 76 85 25,https://bioclinic.fr/laboratoire-analyse-medical/bezons/,
6039724517,node,48.9255808,2.2116315,Imagerie Médicale De Bezons,clinic,,,,,,
6047370890,node,48.925779,2.2151935,Korian,clinic,,,,+33134341834,,
6053263519,node,48.8718017,2.3996705,Centre Médico Psychologique Télégraphe,clinic,,,,,http://www.ch-maison-blanche.fr/Trouver-une-structure/Centre-Medico-Psychologique-Telegraphe-75G28,
6071385276,node,48.7392959,2.7387324,,clinic,,,,,,
6075956235,node,44.9014574,1.4777924,Maison Médicale Pluriprofessionnelle,clinic,,,,,,Souillac
6098963369,node,4.9339904,-52.3298479,Centre de Protection Maternelle et Infantile Ronjon,clinic,Collectivité Territoriale de Guyane,,,+594 594 28 87 00,,
6110669742,node,4.4863282,-52.0371438,"Centre Délocalisé de Prévention et de Soins, Kaw",clinic,Centre Hospitalier Andrée Rosemonde,,,,,Régina
6111080499,node,43.6421789,4.7959928,Cabinets Paramédicaux,clinic,,,,,,
6128556072,node,47.858799,3.9745581,Centre de santé mutualiste,clinic,Mutualité française Bourgogne,,,,,
6128908590,node,45.8148841,4.8838463,Centre médico-psychologique,clinic,,,,,,
6131625825,node,43.6737619,4.6388292,,clinic,,,,,,
6131625826,node,43.6736879,4.638871,,clinic,,,,,,
6132386013,node,48.6281584,2.0980609,"maison de la santé pluridisciplinaire, Le jadiel",clinic,,,,,,
6132921755,node,43.6350862,4.8044487,Cabinet Infirmiere,clinic,,,,,,
6133518953,node,43.7020247,-1.0593304,Clinique Jean-le-Bon,hospital,Ramsay Santé,no,,+33 5 36 28 80 80,https://clinique-jean-le-bon-dax.ramsaygds.fr/,Dax
6138764789,node,49.0326579,2.0195006,,clinic,,,,,,
6143105754,node,50.6019569,3.0316662,Unité d'autodialyse Santélys Loos,clinic,Santélys,,,,,
6143304193,node,43.6444442,4.7209457,Cabinet Kinésithérapeute,clinic,Louis Viguié;Valérie Baillif;Marie-Laure Glauss,,,+33 4 90 98 42 86,,Raphèle-lès-Arles
6146014199,node,4.2724673,-54.38124,Centre de Protection Maternelle et Infantile de Grand Santi,clinic,Collectivité Territoriale de Guyane,,,,,Grand-Santi
6146124266,node,5.013838,-52.4774023,Centre de Protection Maternelle et Infantile de Macouria,clinic,Collectivité Territoriale de Guyane,,,,,
6146222633,node,4.8856243,-52.276037,Centre de Protection Maternelle et Infantile de Rémire-Montjoly,clinic,Collectivité Territoriale de Guyane,,,,,
6155947733,node,47.8129016,-0.5454445,Infirmière Dudouet,clinic,,,,,,
6168001578,node,45.8952222,4.4380407,Centre d'accueil médico-social précoce,clinic,,,,+33 4 74 63 33 32,,
6183751009,node,44.0240679,3.3000176,Centre de Soins Infirmiers de Nant,clinic,,,,,,Nant
6191742006,node,47.5092105,1.4561248,Docteurs généralistes,clinic,,,,,,
6196662301,node,46.110838,5.8175028,Centre de Santé Sexuelle,hospital,Conseil départemental de l'Ain,yes,,,,Valserhône
6199387829,node,48.8474617,2.1350362,,hospital,,,,,,
6199387830,node,48.8108048,2.1338697,Hôpital de Jour Bleuler,hospital,,,,,,
6199387833,node,48.806553,2.1330295,Centre médical le carré Notre-Dame,clinic,,,,,,
6200652605,node,46.4405139,5.3421097,Maison de Santé,clinic,,,,,https://www.saintamourjura.com/santesaintamourjura,
6207792989,node,5.4773769,-54.0245583,Centre de Protection Maternelle et Infantile,clinic,Collectivité Territoriale de Guyane,,,,,Saint-Laurent-du-Maroni
6237954458,node,43.5668444,-1.4439433,Marielle Labbe,clinic,,,,+33 6 81 37 28 37,,
6240606630,node,44.9976082,-0.4460299,Hôpital de jour Le Magniola,hospital,,,,+33 5 57 43 08 24,,
6275313899,node,45.597794,5.2443677,Centre Endoscopie Nord Isère,clinic,,,,,https://ceni-ambulatoire.fr/,
6283452076,node,48.0313724,-4.5626205,Maison Médicale,clinic,,,,,,esquibien
6288791068,node,45.192776,5.7330787,Centre de santé Vieux Temple,hospital,,no,,,,
6307894082,node,42.7849745,0.5956883,Centre de Rééducation Fonctionnelle,hospital,Hopitaux de Luchon,no,,+33 5 61 79 93 00,http://www.hopitauxdeluchon.fr/,Bagnères-de-Luchon
6314897205,node,48.8802645,2.4303592,CMS Romainville Louise-Michel,clinic,,,,+33141831770,,Romainville
6315948009,node,48.8160648,2.3097484,Hopsoin,clinic,,,,,,
6327032890,node,3.6428221,-54.0362422,CMP/CMPI,clinic,Centre Hospitalier de l'Ouest Guyanais Franck Joly (Saint-Laurent-du-Maroni),,,,,Maripasoula
6340259811,node,4.9264669,-52.3056547,Centre Médical Iris,clinic,,,,+594 594 28 34 73,,
6350999547,node,47.3871156,-1.0320131,Centre Infirmier,clinic,,,,,,
6358237505,node,47.2158211,5.9802599,Imagerie médicale,clinic,,,,,,Besançon
6358237506,node,47.2155294,5.9803613,Maternité,clinic,,,,,,
6358237507,node,47.2156049,5.9796187,Centre de Santé de la Polyclinique,clinic,,,,,,Besançon
6375910698,node,49.5340533,2.7404335,Elodie Carlu,clinic,,,,,,Ressons-sur-Matz
6381004015,node,47.3615131,1.7457004,Institut Médical Educatif Joseph Perrin,clinic,,,,,,
6387832313,node,43.3071597,-0.3642526,Cabinet de soin infirmier,clinic,,,,+33559823552,,
6407345927,node,45.7696144,4.8348222,Le Griffon,clinic,,,,,,Lyon
6428854973,node,45.7312792,4.8288649,Cabinet Paramédical,clinic,Julie Doubre; Genoît Genet,,,,,
6428878188,node,43.6061633,1.426048,Centre de Soins Infirmiers des Amidoniers,clinic,,,,,https://acste.fr/wp/index.php/csi/,Toulouse
6434163994,node,43.6262091,3.8575731,Hôpital La Colombière,hospital,CHU de Montpellier,,,+33 4 67 33 67 33,https://www.chu-montpellier.fr/fr/a-propos-du-chu/decouvrir-le-chu/etablissements/la-colombiere/,
6438406907,node,43.1329197,0.9734407,Infirmiers,clinic,,,,,,
6439973773,node,5.6704036,-53.7782404,Protection Maternelle et Infantile de Mana,clinic,Collectivité Territoriale de Guyane,,,+594 594 34 82 26,,Mana
6463028858,node,47.9173216,0.7446957,Maison de santé,clinic,,,,,,
6495313315,node,43.6389735,1.4523917,Maison de Santé Pluri-Professionnelle Borderouge,clinic,,,,,,
6507904023,node,49.5869865,2.8411388,Infirmiers,clinic,,,,,,
6510703842,node,42.7023651,2.8827048,Centre médical des Berges de la Têt,clinic,,,,,,
6538479585,node,47.72135,-1.3793837,CMP-HDJ CHS Blain,hospital,,,,,,
6542628928,node,43.8412924,4.9218294,Pôle Médical,clinic,,,,,,
6548020225,node,47.9678227,-3.9380872,Infirmières,clinic,,,,,,
6557065942,node,44.0552668,4.8338424,Maison du Millénaire,clinic,,,,,,
6563833675,node,46.9812127,3.1225023,SAMU,hospital,,,,,,
6563996100,node,46.9813119,3.1220835,IRM,hospital,,,,,,
6564000860,node,46.9811271,3.1222559,UMJ - Unité médico-judiciaire,hospital,France Victimes ANDAVI 58,no,,+33 6 07 11 39 24,,
6564282013,node,43.3322729,5.425107,Maison de convalescence Fernande Berger,hospital,Association Hôpital Saint-Joseph,no,,,,
6564442635,node,45.7702034,4.8647161,Centre de soins ambulatoires en psychiatrie,clinic,Ramsay Santé,,,+33 4 78 24 33 20,https://clinique-mon-repos.ramsaygds.fr/pr%C3%A9sentation-%C3%A9tablissement/pr%C3%A9sentation-de-la-clinique-mon-repos,
6564471662,node,45.7758117,4.8626396,,clinic,,,,,,
6564531187,node,47.4559496,-0.5136308,Clinique Saint-Joseph - Radiologie,clinic,SA Clinique Saint-Joseph,,,,,
6564654586,node,44.0470805,5.0281709,Clinique Synergia Ventoux,hospital,,,,+33 4 32 85 85 85,https://carpentras.clinique-synergia.com/,
6566364558,node,4.932627,-52.3072585,Centre d'Autodialyse,clinic,Association pour le Traitement de l'Insuffisance Rénale en Guyane,,,+594 594 30 23 32,https://atirg.fr/,
6576612152,node,44.1348561,4.8054243,Cabinet de soins infirmiers,clinic,,,,+33 4 90 34 90 90,,
6583950479,node,48.9991201,2.1051608,Espace médical Joseph-Bellanger,clinic,,,,,,Conflans-Sainte-Honorine
6601826914,node,47.8176236,6.3786975,Centre médico-Psychologique,clinic,Association Hospitalière de Bourgogne Franche-Comté,,,,,
6603406399,node,45.8179118,3.0243261,Centre médical de Chanat,hospital,,,,,,
6616357595,node,48.8927972,2.406116,CMS Cornet,clinic,Ville de Pantin,,,,https://pratique.pantin.fr/sante-et-prevention/sante/centres-municipaux-de-sante/cms-cornet,Pantin
6620086473,node,44.3458605,2.570782,Unité Médico-Psychologique pour Enfants (UMPE),clinic,,,,,,
6625538031,node,44.0839092,4.8831873,Anthophila,clinic,,,,,,
6687939439,node,44.0885967,4.8790381,,clinic,,,,,,
6687939444,node,44.0849979,4.8879763,Centre médical Gambetta,clinic,BESSIERE - ANDREO - DEVILLIERS,,,,,
6702824915,node,48.8138873,2.3076163,Kiné du Fort Jaurès,clinic,,,,,,
6723523700,node,44.559135,2.2544849,Centre de santé médical et infirmier,clinic,,,,,,
6731868365,node,48.7280939,4.586845,Centre Laser Médical,clinic,,,,,,
6737257394,node,43.1797455,2.9980257,Hôpital de jour Elise Saunier,hospital,,,,,,
6737257396,node,43.185976,2.9967775,Hôpital de jour pour Patients Alcooliques,hospital,,,,,,
6737257397,node,43.1860174,2.9967262,Hôpital de jour pour Adultes Psychotique,hospital,,,,,,
6737271668,node,43.1821875,2.9893676,Hôpital de jour Brossolette,hospital,,,,,,
6749376958,node,43.8522813,1.2353117,Cabinet de psychomotricité,clinic,,,,,,
6749400924,node,43.8533977,1.2311446,Kinésithérapie,clinic,,,,,,Verdun-sur-Garonne
6753589885,node,48.0729135,-0.7733811,,clinic,,,,,,
6760413703,node,45.7404918,4.4669212,Centre hospitalier,hospital,,,,,,
6792084118,node,43.5905604,1.4437884,Centre de Radiologie et d’Imagerie Médicale du Parc,clinic,SELAS des radiologues du Parc,,,+33 5 61 36 66 05,https://radiologieduparc.com,Toulouse
6805089699,node,46.4786702,4.0031913,Maison de Santé,clinic,,,,+33 3 85 24 98 40,https://www.digoin.fr/sante-pratique.html,Digoin
6812491386,node,-22.1607006,166.9438878,dispensaire de Yaté,clinic,,,,,,
6815549770,node,48.8374446,-0.8909653,Cabinet Infirmier,clinic,,,,,,
6824868270,node,48.7309648,4.5865589,Cabinet de Soins Infirmiers,clinic,,,,,,
6846989015,node,45.760375,5.6862328,Centre pluri-santé de l’Ain,clinic,,,,,,
6850851466,node,48.605274,-1.7084504,infirmier,clinic,,,,,,
6856254521,node,5.4975541,-54.0321572,Hospitalisation à Domicile Guyane,clinic,Rainbow Santé,,,+594 594 27 97 12,,Saint-Laurent-du-Maroni
6903469561,node,48.5714984,7.7508445,Expert Vision Center,clinic,,,,,,
6905076685,node,44.0088194,4.8746224,Centre de Radiologie,clinic,Docteurs Rénassia Salvat SCM,,,,,
6908180649,node,43.4209692,6.7745666,Clinique Notre-Dame de la Merci,clinic,,,,+33498110000,,Saint-Raphaël
6912904551,node,45.7695136,4.8458137,Imagerie Médicale Créqui,clinic,,,,+33 4 72 44 51 31,https://www.imageriecrequi.com/,
6925136193,node,43.3619675,-1.3944953,,clinic,,,,,,
6925627096,node,45.6704331,0.2032337,Médecine du Travail,clinic,,,,,,
6934393712,node,48.6981474,2.3715645,Maison de santé pluri-professionnelle « La Pyramide »,clinic,,,,,,Athis-Mons
6934635305,node,45.5957161,5.2459614,Annexe du Centre de soins de Virieu,clinic,,,,,https://orsac.fr/etablissements/centre-de-soins-de-virieu-site-de-virieu,
6975235669,node,48.1518,-1.7129377,AUB Santé,clinic,,,,+33 2 99 23 70 61,https://www.aub-sante.fr/trouver-un-centre/aub-sante-montgermont,Montgermont
6987051305,node,48.8275194,2.3756397,Clinique médico-universitaire Georges Heuyer,clinic,,,,,,
7004254426,node,43.5237168,5.4467221,Aixel vision - centre d'ophtalmologie,clinic,,,,,,Aix-en-Provence
7010599712,node,47.1915742,5.4059265,Foyer de Vie et de Progres Odette Versey,hospital,,,,,,
7017847197,node,48.6867717,6.1685965,SCP Cardiovasculaire de l'Est,clinic,,,,,,
7021833918,node,49.0268987,2.2110432,SOS Médecins Val d'Oise,clinic,SOS Médecins,,,+33 1 30 40 12 12,https://sosmedecins95.com/,
7024168663,node,43.5746684,6.9339904,Unité de diététique Somedi,hospital,,,,,,
7027344174,node,49.2645523,2.4802338,Centre Polyvalent de Santé,clinic,,,,,,Creil
7027360301,node,49.2638352,2.4803384,Centre Thérapeutique de Jour Aloïse,clinic,,,,,,Creil
7027360303,node,49.2637792,2.4797946,Centre Médico Psychologique,clinic,,,,,,Creil
7037695018,node,48.2162982,-1.4987416,Cabinet infirmier Denniel Quéré Moulin Senant,clinic,,,,+33 299684060,,Liffré
7060383450,node,43.6720942,4.623594,Centre Externe de Reéducation,clinic,,,,+33 4 90 93 08 88,,Arles
7064466595,node,43.6718039,4.6234212,Cabinet d'imagerie médicale,clinic,Dr Philippe Léon,,,+33 4 90 49 61 55,,Arles
7069233247,node,46.1139514,5.8177224,infirmerie,clinic,,,,,,
7069530850,node,45.7584939,5.6903116,Cabinet infirmier,clinic,,,,+33 4 79 81 12 60,,
7072919946,node,45.8765224,4.7096685,Maison médicale,clinic,,,,,,
7077748608,node,43.9074144,4.0210822,Clinique du Cros,clinic,,,,,,
7090517885,node,45.7380041,4.7873721,Clinique Le Balcon Lyonnais,clinic,Inicea,,,+33 9 86 00 24 00,https://www.inicea.fr/smr/clinique-le-balcon-lyonnais-rhone-69110,
7092888491,node,44.3451994,2.5797884,,clinic,,,,,,
7092888494,node,44.3445708,2.579152,,clinic,,,,,,
7092888495,node,44.3446478,2.580261,,clinic,,,,,,
7095021945,node,43.5311622,5.4572057,Centre d'imagerie médicale Rambot,clinic,,,,,,
7107889679,node,43.671383,4.6427196,Pôle Santé  des Ateliers,clinic,,,,,,
7115636465,node,-20.9086626,164.9314357,TR6,hospital,,,,,,
7119695982,node,48.2172629,-1.7475652,Diwall,clinic,CHGR,,,,,
7131500262,node,48.8437425,2.3539781,Pole de Consultations Chirurgie Vasculaire,clinic,Clinique Geoffroy Saint-Hilaire,,,,,
7131526972,node,48.8436022,2.3533192,Centre Européen d'Explorations Gynécologiques,clinic,,,,+33 155431490,,
7133311205,node,43.5112151,1.1785612,,clinic,,,,,,
7134808657,node,45.1902097,5.7268435,Cabinet de radiologie du Centre,clinic,,,,,,
7138531989,node,45.9097317,6.1253223,Médic Center,clinic,,,,,,
7157029620,node,48.6906266,6.1810428,,clinic,,,,,,
7169953148,node,47.0818563,-1.4103463,Maison Médicale,clinic,,,,+33 2 40 33 57 71,,Aigrefeuille-sur-Maine
7172702114,node,49.0105163,2.1942297,Cabinet de Santé,clinic,,,,,,Beauchamp
7179696136,node,43.7808544,4.0918548,CMPA,hospital,CHU de Nîmes,no,,,https://www.chu-nimes.fr/pole-psychiatrie/cmpa---sommieres.html,
7184590120,node,45.6277684,6.8489366,Centre Médical de La Rosière,clinic,,,,,,
7191880199,node,45.9527724,1.7520395,Centre de Soins Psychothérapie Adultes,hospital,,,,,,
7196000550,node,45.7689834,4.8578806,Ray Studios,clinic,,,,,,
7199976771,node,47.1426967,-1.6927866,Cabinet du Bois Jacques,clinic,,,,,,
7203385468,node,47.8574153,6.0827932,Centre Hospitalier Spécialisé de Clairefontaine,hospital,,,,,,
7214483841,node,48.1525816,-1.6858074,Menard Jean-Charles,clinic,,,,,,Saint-Grégoire
7214521690,node,48.1525825,-1.685817,Castel Kevin,clinic,,,,,,Saint-Grégoire
7232440900,node,47.4676561,-1.0292624,Maison Médicale,clinic,,,,,,
7232578390,node,50.199283,3.8456269,Maison de Santé,clinic,,,,,,Aulnoye-Aymeries
7242650079,node,49.4701164,1.0499883,L'Esprit Libre,clinic,,,,,,
7246928234,node,49.4657103,1.0518356,,clinic,,,,,,
7248066786,node,44.5324794,5.0633786,Dieulefit Santé,hospital,,,,+33 4 75 00 55 00,http://dieulefit-sante.org,
7250251697,node,43.1595939,2.9658469,Clinique Via Domitia,hospital,,,,,,
7256195557,node,49.463781,1.0531224,,clinic,,,,,,
7256199090,node,49.4591241,1.0551462,,clinic,,,,,,
7260109685,node,-8.9150291,-140.092953,Cellule de la Santé,hospital,,,,,,
7271966987,node,48.7148929,4.5996934,Fondation Santé des Étudiants de France,clinic,,,,,,
7309373381,node,47.2575023,-2.2432181,Hôpital de jour Pédopsychiatrie,hospital,,,,,,
7319364692,node,43.9671703,3.8700609,,hospital,,,,,,
7319383393,node,43.9589398,3.8565478,,hospital,,,,,,
7319905711,node,46.1943199,5.2324453,Clinique Les Arbelles,clinic,Inicea,,,+33 4 74 25 51 51,https://www.inicea.fr/smr/clinique-les-arbelles-ain-01000,Bourg-en-Bresse
7325955289,node,43.9588345,3.8569877,,hospital,,,,,,
7334692504,node,45.1850342,5.7535127,Hôpital de jour Réhabilitation,hospital,,,,,,Saint-Martin-d'Hères
7334692505,node,45.1848546,5.7538198,Vigilans,hospital,,,,,https://www.repsy.fr/annuaire/vigilans-sud-isere-chai-chu/,Saint-Martin d'Hères
7334692506,node,45.184901,5.7538252,Consultations Souffrance et Travail,hospital,,,,,,Saint-Martin d'Hères
7334692507,node,45.1849568,5.7535114,Addictologie Consultations,hospital,,,,,,Saint-Martin d'Hères
7334692508,node,45.1849974,5.753514,Hôpital de jour Addictologie,hospital,,,,,,Saint-Martin-d'Hères
7334692509,node,45.1849398,5.7537862,Centre traitement ambulatoire intensif,hospital,,,,,,Saint-Martin-d'Hères
7340220586,node,50.6525603,2.9732349,,clinic,,,,,,
7340302618,node,46.626934,5.223479,CMP L'aquarelle,hospital,CHS Sevrey,,,+33 3 85 75 43 00,,
7340759605,node,43.6022576,3.8681894,Human Santé,clinic,,,,,,
7340936312,node,45.9729629,5.6063536,Centre médical de l'Orcet,clinic,,,,,,
7340936313,node,45.9722261,5.6141478,Centre Orcet-Mangini,clinic,,,,,,
7343043669,node,47.246546,6.0254989,,hospital,,,,,,
7343062116,node,47.2503164,6.0370358,,hospital,,,,,,
7343062247,node,47.2634514,6.0266114,Hopital de Jour Catalpa,hospital,,,,,,
7343405616,node,47.2260508,-1.5466268,Clinique Bretéché,clinic,,,,+33 8 90 71 07 11,https://www.clinique-breteche.fr/,
7345771184,node,47.2353629,6.0209741,Hôpital Saint-Jacques,hospital,,,,,,
7345774122,node,47.2632533,6.026479,Foyer Postcure Les 4 Vents,clinic,,,,,,
7345774273,node,47.2425495,6.0395046,,clinic,,,,,,
7345774386,node,47.2634113,6.0268872,Centre Médico Psychologique Adultes Le Point du Jour,clinic,,,,,,
7345774495,node,47.2405991,6.0132298,Foyer Postcure Le Colombier,clinic,,,,,,
7345774542,node,47.239429,5.9941596,Unité d’Accueil Père-Mère-Bébé,hospital,,,,,,
7345774568,node,47.2365792,6.0068965,USCA Pénitentaire,clinic,,,,,,
7345774867,node,47.2166709,5.9789171,CMP CATTP Adultes Guidance Infantile,clinic,,,,,,
7350126660,node,43.659714,1.3116561,,clinic,,,,,,
7350184514,node,50.716407,3.1570854,,clinic,,,,,,
7350432089,node,49.0227805,1.1266553,,hospital,,,,,,
7351512785,node,48.5510122,-0.4183903,Le Parc,clinic,,,,,,
7352768410,node,48.6086881,2.3036672,,clinic,,,,,,
7355714715,node,43.6581364,1.4242399,Service de Soins de Suite et de Réadaptation Domaine de la Cadène,clinic,,,,,,
7360006316,node,46.2613839,6.1143694,Centre de soins,clinic,,,,,,
7366414951,node,44.5451744,6.2767354,Cabinet infirmier Chaix /Casotti,clinic,,,,,,Chorges
7366414952,node,44.5461716,6.2751878,Cabinet infirmier Héas,clinic,,,,+33 4 13 38 33 70,,Chorges
7366623911,node,49.3961953,1.0726435,Service de Soins de Suite et de Réadaptation du Château-Blanc,clinic,PRO BTP,,,,,
7367065726,node,43.619915,1.4409593,Hôpital de Jour Psy Adultes Negreneys Ch Marchant,hospital,,,,,,
7369182553,node,49.3980549,1.0630315,Centre médico-psychologique Charles Perrault pour enfants et adolescents,hospital,,,,,https://www.ch-lerouvray.fr/centre-medico-psychologique-charles-perrault-pour-enfants-et-adolescents,
7372373043,node,49.4431519,1.0898159,Centre Médico Dentaire,clinic,,,,+33 258323232,,Rouen
7374688996,node,45.8483578,1.1316269,La Chênaie,hospital,personnel medical et personnes agées,,,+33 5 55 43 33 00,,Verneuil-sur-Vienne
7376362939,node,49.3957094,1.1028647,Hôpital de jour Adosphère,hospital,,,,,,
7380260195,node,48.0783665,-0.7761453,,clinic,,,,,,Laval
7385494362,node,48.0634121,7.3637631,Hôpital Albert Schweitzer,clinic,,,,,,
7385934728,node,49.3403341,1.0979852,Centre médico-Psychologique pour enfants,hospital,,,,,,
7386326592,node,49.4250911,1.0859866,Centre de rééducation Méridienne,clinic,,,,,,
7387117665,node,47.8073415,-3.4776521,Cenre de Kerdudo,clinic,Association A.M.A.F.E,,,+33 2 97 02 95 30,http://www.centredekerdudo.com/,
7387265456,node,49.440937,1.1073852,Hôpital psychiatrique,hospital,,,,,,
7389822474,node,48.7140092,2.0746759,CLINEA Clinique Saint-Rémy,clinic,,,,,,Saint-Rémy-lès-Chevreuse
7389982437,node,50.0988758,1.8612287,,clinic,,,,,,
7391680276,node,43.1316551,5.8756767,Malartic,clinic,,,,,,
7392299154,node,43.0117302,-0.0613793,GIMENEZ Isabelle,clinic,,,,+33 6 08 72 85 36,,Saint-Pastous
7393343583,node,42.9744476,-0.1893893,Maison de Santé,clinic,,,,,,Aucun
7397702915,node,47.9536497,5.7446855,Centre hospitalier de Bourbonne-les-Bains,hospital,,,,,,
7411151140,node,49.4180555,1.0606282,Anider - unité autodialyse assistée Rouen Sud,clinic,,,,,https://www.anider.asso.fr/anider-rouen-normandie.html,
7411826415,node,47.6144108,6.1589093,Centre de Psychiatrie Générale,clinic,,,,,,
7415766970,node,48.8695889,2.3560662,Centre médical Santé+,clinic,,,,,,
7458877555,node,43.3438553,5.4741231,La Pagerie,clinic,,,,+33491055252,https://www.lapagerie.fr/,
7466961919,node,49.2586819,4.036006,SIST GAS BTP,clinic,,,,+33 326484210,,
7470451077,node,45.7338135,4.8761726,Hôpital de jour Adultes Quadrille,clinic,,,,,,
7476890280,node,46.5599702,4.9085031,,hospital,,,,+33385513684,,
7486547132,node,49.5156102,0.5413373,Maison thérapeutique,hospital,,,,+33235385881,,
7490205649,node,49.5684833,0.4705588,Hôpital psychiatrique,hospital,,,,+33235381977,,
7494142976,node,49.568273,0.485683,Hôpital psychiatrie enfants,hospital,,,,+33235310593,,
7494198279,node,49.2612395,3.9901042,,clinic,,,,,,
7494802548,node,49.5166688,0.2815853,Consultations USN1,hospital,,,,,,
7495362750,node,49.5213804,0.2055829,Soins de Suite et de Réadaptation Petit Colmoulins,clinic,,,,+33235416060,,
7495362751,node,49.5215076,0.205497,Centre Médico-Chirurgical Obstétrique Petit Colmoulins,clinic,,,,+33235556000,,
7498454570,node,47.526978,-0.525878,Cabinet médical,clinic,,,,+33 2 41 60 85 55,,Écouflant
7498523225,node,47.3257828,5.0133124,,hospital,,,,+33380451523,,
7500357079,node,49.2609966,4.0499879,Cabinet Infermier & Cabinet Pédicurie - Podologie,hospital,,,,,,
7501465828,node,49.4987273,0.137736,Unité Autodialyse Assistée Le Havre Massillon,clinic,ANIDER,,,+33235251207,,
7501486085,node,49.5018697,0.1508605,Centre Médico-Psychologique de Graville,hospital,,,,+33 235496525,,Le Havre
7501562985,node,43.6178381,3.8975006,Pôle santé les praticiens,clinic,,,,,,
7503139397,node,47.3531459,5.0503781,Hôpital de jour pédopsychiatrie Les Rondeaux,hospital,,,,+33380280610,,
7506852665,node,49.2189124,4.002496,Pôle Ophtalmologique de Champagne (POC),clinic,,,,+33 3 26 79 74 50,https://poc-ophtalmologie.fr/,Bezannes
7507123446,node,49.5005701,0.1230707,Hôpital de jour enfants Dufy,hospital,,,,+33232733950,,
7507123447,node,49.5008581,0.1222316,Le repère,hospital,,,,,,
7507123506,node,49.4986039,0.1128338,Hôpital Flaubert - santé mentale adultes,hospital,Groupe hospitalier du Havre,,,,,
7508659478,node,45.0294898,3.0671325,USLD du CH de Saint-Flour,hospital,,,,+33471606464,https://www.ch-stflour.fr/,
7510351508,node,47.6780159,-0.8663213,Centre hospitalier du Haut Anjou. Site de Segré,hospital,Centre hospitalier du Haut Anjou,,,,,
7511965229,node,49.507287,0.0824659,Centre de convalescence de la Roseraie,clinic,,,,+33235547400,,
7512475760,node,44.6891147,1.5620924,Centre de Rééducation Fonctionnelle La Roseraie,hospital,,,,+33565241010,https://www.ch-la-roseraie.fr/,
7512475762,node,44.7793641,1.7225355,Ehpad Pierre Bonhomme,hospital,,,,+33565387327,,
7515469017,node,49.57747,0.2680504,Domaine des Hellandes,clinic,,,,+33144168989,,
7515896356,node,49.744548,0.386764,HAD Estuaire,hospital,,,,+33235925387,,
7515896357,node,49.7446265,0.3867722,Clinique de l'Abbaye,clinic,,,,+33235102030,,
7515896358,node,49.7465204,0.3853134,Unité d'Autodialyse Assistée,clinic,ANIDER,,,+33235286023,,
7525618846,node,44.7320472,-0.5976557,Cabinet médical de Luxeau,clinic,,,,+33 5 56 64 75 83,,Léognan
7541472196,node,43.3038808,5.4224348,Hôpital de jour Gasquy,hospital,CHS Valvert,,,+33491850012,,
7541472202,node,43.2970446,5.4238506,Bouchard Autodialyse,clinic,Clinique Bouchard,,,+33 4 91 15 90 02,,Marseille
7553939050,node,48.8438335,2.4667653,Centre d'Imagerie Médicale de Fontenay-sous-Bois,hospital,,,,,,
7556348114,node,43.4391953,-1.5908824,Infirmières,clinic,S. PECODON - S. SANSENACQ - U. CICHOSTEPSKI,,,+33 5 59 47 12 72,,Bidart
7556925407,node,48.8604049,2.2809606,Clinique du Trocadéro,hospital,,,,,,
7559672397,node,43.7234323,7.2801,Villa Romaine,clinic,,,,,,
7562628710,node,47.2503981,6.0369031,Maison de l'adolescent,clinic,,,,+33 3 81 53 97 67,https://maison-ado-besancon.fr,
7568123336,node,48.8416639,2.3980305,Unité de Soins de Suite de la Fondation Rothschild,hospital,,,,+33144687298,,
7572272666,node,48.654779,2.3097121,Hôpital de Jour pour Adolescents de l'Essonne,hospital,,,,+33169925201,,
7579960618,node,45.983753,-0.9596805,,clinic,,,,,,
7603808418,node,48.8647994,2.3573815,Centre de santé Yvonne Pouzin,hospital,Ville de Paris,,,+33 1 48 87 49 87,https://paris.fr/centresdesante,Paris
7612852614,node,43.2968755,5.5721492,Centre hospitalier Valvert,hospital,,,,+33442016540,,
7615601036,node,43.296953,5.5723768,Hôpital de Jour Les Ecoutilles,hospital,,,,+33442189051,,
7615884485,node,47.2100776,-1.5581271,Centre du Voyage International,hospital,,,,,https://www.chu-nantes.fr/cvi,
7621876220,node,44.7317468,-0.5986471,Cabinet Infirmier Des Sables,clinic,,,,,,Léognan
7634357298,node,43.5351128,5.436492,Bastide d'Axium,clinic,,,,,,
7640755740,node,46.8000534,5.448039,Cabinet d'Infirmerie,clinic,,,,,,Commenailles
7645840257,node,50.6809115,3.1981261,Centres d’Education et de Prévention en Santé,hospital,,,,,https://www.ch-roubaix.fr/nos-prises-en-charge-specialisees/centre-dexamens-de-sante/,Roubaix
7656031430,node,48.934544,2.2968695,Centre Municipal de Santé Étienne Gatineau-Sailliant,clinic,,,,+33 1 40 85 66 50,https://www.ville-gennevilliers.fr/200/demarches-et-services/sante/prise-de-rendez-vous-au-cms.htm,Gennevilliers
7656045695,node,48.9201481,2.3031123,Centre Municipal de Santé Daniel-Timsit,clinic,,,,+33 1 40 85 48 20,https://www.ville-gennevilliers.fr/200/demarches-et-services/sante/prise-de-rendez-vous-au-cms.htm,Gennevilliers
7683602679,node,48.8907118,2.3994938,Espace Santé Hoche,clinic,,,,,https://www.espace-sante-hoche.fr/,Pantin
7690550885,node,45.516012,4.9649068,Les mains de la Paix,clinic,Baroche-Rosa-Gagliardi,,,,,
7699470523,node,46.0660476,6.3100847,Pôle médico-social,clinic,Département,,,+33450332340,,La Roche-sur-Foron
7701978903,node,46.3903914,6.8016352,Maison médicale de Saint-Gingolph,clinic,,,,,,
7710726913,node,43.5770504,1.484799,Centre d'Imagerie Médicale Saint-Jean-Languedoc,hospital,,,,,,Toulouse
7731681596,node,48.8954906,2.2274643,Pôle santé la Défense,hospital,,,,+33 1 46141414,,Nanterre
7737035243,node,49.8598142,3.3101371,G.I.E SCANNER DU VERMANDOIS Centre de scanographie,hospital,,,,,,Saint-Quentin
7745515779,node,48.5125478,-2.7688051,Centre médico-psycho-pédagogique Confluence,clinic,,,,,,
7749955801,node,43.6651153,4.1252755,Centre hospitalier Pôle santé de Lunel,hospital,,yes,,,,Lunel
7798140611,node,47.4558209,-0.5128437,Centre de l'épaule Grand Ouest,clinic,SA Clinique Saint-Léonard,,,,,
7798140615,node,47.4558154,-0.5126935,Clinique Saint-Léonard - Radiologie,clinic,SA Clinique Saint-Léonard,,,,,
7798140617,node,47.4555828,-0.5129094,Clinique Saint-Léonard,hospital,SA Clinique Saint-Léonard,,,,,
7798140618,node,47.4560512,-0.5135706,Clinique Saint-Joseph,hospital,SA Clinique Saint-Joseph,,,,,
7798610120,node,48.359715,-1.1941644,Urgences,clinic,,,,,,
7801240053,node,47.4463703,-0.5400588,Centre de soins de suite et de réadaptation de l'Anjou,clinic,,,,+33241447973,,
7801240054,node,47.4465254,-0.5400172,Hospitalisation Temps Partiel,clinic,,,,+33241447973,,
7801243997,node,47.4464406,-0.5379747,Centre médico-chirurgical de l'obésité,clinic,,,,,,
7801243999,node,47.4464378,-0.5380089,Centre de chirurgie plastique d'Angers,clinic,Clinique de l'Anjou,,,,,
7810356753,node,45.1815944,4.8087877,Pôle Santé Grande Île,clinic,,,,,,
7813826446,node,49.3041408,1.0406291,I.M.B.S (Imagerie Médicale des Boucles de la Seine),hospital,,,,,,Saint-Aubin-lès-Elbeuf
7820357019,node,43.6079328,3.15034,Centre de radiologie Saint-Luc,clinic,Imagerie St Luc,no,,,,
7825815758,node,43.5314315,5.4572096,Centre de Gérontologie Saint-Thomas de Villeneuve,clinic,,,,+33442171111,,
7827884357,node,43.7585111,5.8864043,Centre médical des Acacias,clinic,,,,,,
7844380789,node,43.5026352,5.3861744,Maison Médicale des Milles,clinic,,,,+33 4 42 24 24 24,,
7846057120,node,45.0813702,5.0848779,,clinic,,,,,,
7850829451,node,48.4571815,-5.0976556,Cabinet infirmier,hospital,Josiane Jezegou,,,,,Ouessant
7858296123,node,47.8996762,1.8784546,Centre de jour Marcel Proust,hospital,,,,+33238721908,,
7868702550,node,44.5761918,6.3609321,,hospital,,no,,,,
7877405761,node,48.9145584,2.1696759,défibrilateur,hospital,Lycée des Pierres Vives,,,,,carrieres sur seine
7888322743,node,48.8892589,2.3176086,Centre d'imagerie médicale Nollet,clinic,Imagerie Maussins-Nollet,,,,https://radiologue.paris/,Paris
7893942918,node,49.0180259,2.162816,Cabinet paramedical,clinic,,,,,,pierrelaye
7903384532,node,45.7600651,4.8414955,Wilson Medical,clinic,,,,,,
7905374921,node,47.4555307,-0.5123938,Scanner IRM,clinic,SA Clinique Saint-Léonard,,,,,
7914599314,node,48.5894121,7.7403616,Clinique de la Vision,clinic,,,,+33388222020,https://www.clinique-vision-strasbourg.fr/,
7918376813,node,48.5875645,7.7432577,Excel Vision,clinic,,,,,,
7921483847,node,48.8675555,2.2969191,Clinique Bizet,hospital,,,,,https://www.bizet-cliniques-paris.fr/,
7923610498,node,48.8648188,2.3526665,Capillo,clinic,Peugeot,,,,,
7923610571,node,48.8286955,2.3418006,Clinique Villa Montsouris,clinic,,,,,,
7925702236,node,44.4056499,0.6705848,,hospital,,,,+33553778565,,
7962629060,node,48.6476907,-3.7165002,Centre médical de lanmeur,clinic,,,,,,
7973052277,node,45.771562,4.8667632,Centre Ophtalmologique Megavision,clinic,,,,+33 4 87 91 31 41,,
7996634586,node,48.1775253,6.4447908,Clinique vétérinaire de l'Arche,clinic,,,,+33 3 29 82 44 48,https://www.vetoarche.fr/,
7997521866,node,43.4487563,-0.1120005,Cabinet infirmier,clinic,,,,,,
8018388125,node,45.7680302,4.9803893,Pôle médical du Grand Large,clinic,Médipôle Lyon-Villeurbane,,,,,Décines-Charpieu
8032444221,node,47.1828662,-1.5455267,Pôle médico-social Rezé-Pont-Rousseau,clinic,conseil départemental de Loire-atlantique,,,,,Rezé
8068619004,node,48.8392909,2.3589466,Clinique du sport,clinic,,,,,,
8091193439,node,49.5622858,3.6088737,Imagerie médicale IRM,hospital,,,,+33 3 23 29 06 80,,
8108930795,node,47.2600248,5.9703959,Cabinet Dentaire Pirey,clinic,,,,,,
8120508731,node,48.8719615,2.3468328,Pôle Santé Bergère,clinic,Audiens,,,,,Paris
8132614145,node,48.9921449,2.1702805,Clinique du Château,hospital,,,,,,
8144049359,node,48.8825119,2.4088952,Cabinet infirmier,clinic,,,,,,
8147540820,node,43.619612,3.8975457,,clinic,,,,,,
8151753110,node,46.5461096,-1.6735585,Maison de la Santé,clinic,,,,,,
8155280929,node,47.7590798,0.275491,,clinic,,,,,,
8165435600,node,48.5006474,-2.7537467,Hôpital de jour pour adolescents L'Olivier,hospital,,,,,,
8165435604,node,48.4999359,-2.7520586,Centre Benoit Menni - Fondation St Jean de Dieu,hospital,Fondation Saint Jean de Dieu,,,,,Saint-Brieuc
8198807718,node,45.7476348,4.8380492,Cabinet paramédical,clinic,,,,,,
8201177918,node,48.4205088,1.506827,SMUR CHARTRES,hospital,SAMU 28,ambulance_station,,,,
8201926908,node,49.6374708,-1.6141058,SMUR Cherbourg,hospital,SAMU 50,ambulance_station,,,,
8206602325,node,44.0768029,6.1910096,Hémodialyse,clinic,,,,,,Digne-les-Bains
8207630530,node,45.5680268,5.9215917,Pôle Vision Savoies,clinic,,,,,https://www.pole-vision-savoie.com/fr/,
8220084688,node,43.1267979,5.8461415,Pôle enfant,clinic,,,,,,Ollioules
8236688539,node,48.8285584,2.3714834,Clinique de jour Tolbiac,clinic,,,,,,
8245538695,node,50.4783584,2.5517366,Urgence de Bruay (Clinique),clinic,,,,,,Bruay-la-Buissière
8247321374,node,47.010635,0.0774007,,hospital,,,,+33549983333,,
8247464963,node,48.8034798,2.6121174,,hospital,,,,+33160181530,,
8249804168,node,48.8171302,2.7950865,Les Grands Prés,hospital,,,,+33160435959,,
8249964007,node,47.9670186,0.2120777,Hôpital de jour Pradier,hospital,Établissement public de santé mentale de la Sarthe,,,+33 2 43 50 06 71,,Le Mans
8251362858,node,48.8803134,2.5825499,Hôpital de jour Marie-Rose Mamelet,hospital,Grand Hôpital de l'Est Francilien,,,+33 1 64 30 70 70,https://sante.fr/centre-hospitalier-specialise-de-lutte-contre-les-maladies-mentales/chelles/hopital-de-jour-de-psychiatrie-rose-mamelet,Chelles
8269359942,node,48.8220764,2.3715915,Cabinet paramédical,clinic,,,,,,Paris
8269359960,node,48.8295903,2.3676805,Pôle de santé Paris XIII sud-est,clinic,,,,,,
8273973188,node,-21.0023647,55.6911198,Maison de Santé de Rivière des Roches,clinic,,,,+262 262 29 00 16,https://www.facebook.com/MSP-BRAS-PANON-114324107082435,Bras-Panon
8278666945,node,48.7032835,2.8805227,Maison de santé de Fontenay-Trésigny,hospital,"Ville de Fontenay-Trésigny, Association des professionnels de santé du bassin de vie de Fontenay-Trésigny",yes,,,,Fontenay-Trésigny
8296206619,node,48.718318,2.4079533,,clinic,,,,+33 1 69 54 45 45,,
8303099694,node,48.3735954,2.8154432,Cabinet de pédicurie-podologie,clinic,,,,,,
8315427521,node,43.5041198,-1.4774509,Clinique d'Amade,hospital,,,,,,
8317413717,node,-20.8801602,55.4487161,Clinique Saint-Vincent,clinic,Clinifutur,,,,,
8318550776,node,49.2422881,4.0279739,Infirmerie,clinic,,,,,,
8319371951,node,48.7113516,2.1610157,Pôle Médical de Moulon,clinic,,,,,https://www.polemedicalmoulon.fr/,
8334300282,node,48.0937974,-0.75872,,clinic,,,,,,
8343390729,node,44.6745078,4.2210735,Clinique La Condamine,hospital,Inicea,no,,,https://www.inicea.fr/smr/clinique-la-condamine-ardeche-07330,
8343401641,node,44.5624858,4.5012107,U.S.L.D. Hôpital de Villeneuve-de-Berg,hospital,,,,,https://www.ch-vdb.fr/services-soins/unite-soins-longue-duree-usld,
8345219618,node,48.8953481,2.2602375,Clinique de La Montagne entrée Victor Hugo,clinic,,,,,,
8345549618,node,43.7961619,-1.298734,Azur Pôle Santé,clinic,,,,,,Azur
8345770332,node,49.6007536,3.415761,Centre Rééducation et Réadaptation Fonctionnelle,hospital,,,,+33 3 23 38 78 00,,
8354199443,node,48.8269601,2.3781925,Au Fond des Yeux,clinic,,,,+33 1 40 01 95 94,,
8383792458,node,48.0573031,-0.7453857,Cabinet Infirmier,clinic,,,,,,
8391971718,node,48.8644743,2.1391961,Le Chapiteau Centre périnatal et pédiatrique,clinic,,,,+33 1 85 76 58 80,https://lechapiteau.org/,
8399480411,node,50.2892724,2.7807949,Hôpital de jour,hospital,,,,,https://www.gh-artoisternois.fr/offre-de-soin/structures-de-ville/,
8402275823,node,45.7438288,-0.6268111,Cabinet Médical rive Droite,clinic,,,,,,Saintes
8402437219,node,48.8297371,2.374956,Cabinet paramédical Tolbiac,clinic,,,,,,
8441146279,node,47.3341869,0.7371849,"Centre Médico-Psychologique enfants adolescents ""La Charpraie""",clinic,,,,,,Chambray-lès-Tours
8442092756,node,46.5678393,0.6315494,,clinic,,,,,,
8457111330,node,49.7413788,4.6708095,Centre de Réadaptation Fonctionnel pour Enfants,clinic,,,,+33324571864,,
8460786375,node,45.796355,4.8426811,Caluire Santé Sport,clinic,,,,+33 4 78 39 74 94,https://caluire-sante-sport.com/,
8460819598,node,45.7748139,4.8240925,Infirmerie des Canuts,clinic,,,,,,
8468075817,node,48.8326123,2.3574955,Cabinet paramédical Epione,clinic,,,,,,
8474911530,node,45.3788875,5.6487621,Les platanes,clinic,,,,,,
8485336946,node,42.6961335,3.0297818,Centre médico-psychologique La Canetoise,hospital,,,,+33 4 30 53 12 52,https://www.ch-thuir.fr/,Canet-en-Roussillon
8485341476,node,42.6007244,2.9659103,Centre médico-psychologique d'Elne,hospital,,,,+33 4 68 22 22 96,https://www.ch-thuir.fr/,Elne
8485397300,node,42.6981418,2.8981486,Centre médico-psychologique de Perpignan,hospital,,,,,,Perpignan
8485408111,node,42.4867597,2.7521906,Centre médico-psychologique de Céret,hospital,,,,,,Céret
8490457527,node,42.7276761,2.9857642,Centre médical,clinic,,,,,,
8491467385,node,43.8269653,4.2251108,Maison Médicale,clinic,,,,,https://msp-clarensac.fr/,Clarensac
8493817332,node,5.5032294,-54.0272945,Centre Médico-Psychologique,clinic,CHOG,,,,,
8494871651,node,5.6671431,-53.7789479,Agha,clinic,,,,+594694296257,,
8494881897,node,5.6683299,-53.777078,Truong,clinic,,,,,,
8508404305,node,42.7261653,3.0185146,,clinic,,,,,,
8514412758,node,48.8447138,2.3091699,CTAR,clinic,,,,,,
8522553403,node,47.2414543,-1.608144,,clinic,,,,,,
8524455267,node,47.3360853,0.688759,Radiologie,clinic,,,,,,
8524455269,node,47.3361699,0.6887749,Urgences,clinic,,,,,,
8569982696,node,5.5052907,-54.0295871,Association pour le Traitement de l'Insuffisance Rénale en Guyane,clinic,,,,,,
8571891569,node,48.9852308,2.2252908,Cabinet médical le moulin,clinic,,,,,,
8602591202,node,49.2029174,2.596702,Centre hospitalier spécialisé La Nouvelle forge,hospital,,no,,,,Senlis
8618803490,node,47.3425589,0.6157847,,clinic,,,,,,
8637485477,node,48.173596,6.4470287,LaserOstop,clinic,,,,+33 7 58 88 65 91,https://www.laserostop.com/lp_centre/centre-laser-anti-tabac-epinal,
8642764744,node,49.1817675,0.3115829,Infirmerie,clinic,,,,,,
8679950377,node,45.8900411,4.7425726,Maison médicale,hospital,,,,,,Les Chères
8680329121,node,45.4940722,4.5598601,ADAPEI Centre médical / Dispensaire,clinic,,,,,,L'Horme
8680343607,node,48.7002776,2.3763639,,clinic,,,,+33 1 69 54 45 45,https://www.hopital-athismons.com/fr/athis-mons/unite-de-soins-non-programmes,
8682336367,node,47.4586542,-0.5516583,Cabinet infirmier,clinic,,,,,,
8687903100,node,49.035605,3.4070896,EPSMD de l'Aisne,hospital,,,,+33323691039,,
8687957220,node,50.6065044,3.0378509,Pavillon Christian,hospital,,,,,,
8691064816,node,43.082467,1.6281936,Pôle médical et paramédical de Saint-Jean-du-Falga,clinic,,,,+33534012050,,
8704734927,node,47.4332377,0.6683031,Radiographie - Scanner - IRM,clinic,,,,,,
8722617046,node,42.6860678,2.9328597,Pôle Santé d'Estany,clinic,,,,,,
8727620489,node,45.9362927,-0.9637142,Médecine du Travail,clinic,APAS,,,,https://apas17.com/qui-sommes-nous/centres-apas,Rochefort
8739404113,node,43.7094742,7.2938341,Pole Santé,clinic,,,,,,Nice
8749277596,node,48.688276,6.1757789,Centre Alliance Vision Nancy,clinic,,,,,https://www.groupealliancevision.fr/,
8751307829,node,43.5475323,6.938353,Villa Médica,clinic,Azur Imagerie Medicale,,,,https://www.azurimagerie.com,
8753488437,node,43.5717236,1.3128957,COMU : Centre médical urgentiste des docteurs Sudriez et Grimal,clinic,,,,,,
8765039117,node,47.0773894,5.4139857,Centre Médical René Laënnec,clinic,,,,,,
8772403670,node,44.4135589,0.713768,Centre médico-psychologique pour enfants,hospital,,,,+33 5 53 77 85 80,,
8772520472,node,49.0222753,2.1550299,Cabinet Médical Paramédical,clinic,,,,,,Pierrelaye
8772520488,node,49.0234677,2.1545146,Cabinet medical,clinic,,,,,,Pierrelaye
8772549957,node,49.0225335,2.1531899,Cabinet de soins infirmiers,clinic,,,,,,
8780505097,node,43.639337,1.4528611,MSP Healthcare Maourines,clinic,,,,+33 9 72 57 19 52,https://www.rdv-msp-healthcare-maourines.fr/,Toulouse
8813964559,node,48.5587257,3.2948024,APS contact,hospital,,,,,,Provins
8822370297,node,45.7155377,-0.6163054,,clinic,,,,,,Les Gonds
8830209251,node,45.9544749,-0.5365296,Cabinet de Kinésithérapeutes,clinic,,,,+33767063993,,
8831873420,node,43.7097758,7.2932169,Soins Infirmiers,clinic,,,,,,
8836170793,node,48.9465036,2.5257105,Centre médical et dentaire Irène Joliot-Curie,clinic,,,,,,
8841349232,node,47.4717429,-0.5562777,Cabinet infirmier,clinic,,,,,,
8856233847,node,43.3429285,5.4469683,Centre médical du technopôle de Château-Gombert,clinic,,,,,,Marseille
8860878651,node,48.8054096,2.3768663,Pôle Santé Ivrymed,hospital,,,,,,
8861200585,node,43.5078778,4.9916602,IRM de l'Olivier,clinic,,,,,,
8861200586,node,43.507934,4.9922924,Laboratoire de biologie médiacale,clinic,,,,,,
8865604623,node,47.7132124,-3.0077271,Cabinet Infirmier Talmon-Robelet-Bonhoure-Rio,clinic,,,,+33297577627,,Brech
8869298539,node,45.052579,-0.113141,Cabinet Médical,clinic,,,,,,
8879398512,node,47.3198478,5.0156861,Unité de Soins et d’Accompagnement Long Personnalisé,hospital,,,,,,
8883257258,node,48.6775238,6.1686908,Infirmier Giacovelli Damien,clinic,,,,,,
8890523188,node,48.9378756,7.19052,Matériel médical alsace bossue,clinic,,,,,,
8901117256,node,43.5123733,1.1747739,Cabinet Infirmier,clinic,"PONS Laetitia, FAURE Laure, BENAYOUN Marilyn",,,,,
8907608314,node,43.3127454,1.9519889,Maison de Santé Antoine Marfan,clinic,,,,,,Castelnaudary
8921136818,node,45.9398076,-0.9582703,Pôle Santé de Rochefort,clinic,Association Pôle de santé Rochefort,,,,,Rochefort
8921286644,node,48.8610077,2.3081938,Clinique de la Vision,clinic,,,,,,
8928715642,node,43.312906,1.9520118,Test Covid-19,clinic,,,,,,
8928798217,node,45.4492677,4.7675992,Association Centre de Soins Infirmiers,clinic,,,,+33474564226,https://www.st-clair-du-rhone.fr/nos-entreprises/centre-de-soins-infirmiers-soins-au-centre-soins-a-domicile-s-s-i-a-d/,
8930316663,node,48.6575564,-1.9846684,,clinic,,,,,,
8931025379,node,50.1351232,4.8215383,,clinic,,,,,,
8955017062,node,50.6231154,3.0547091,"Centre de jour ""Les 4 Chemins""",hospital,EPSM de l'agglomération lilloise,,,+33320570121,,
8957262266,node,48.9939954,2.2793049,Centre Ophtalmologique,clinic,,,,,,Eaubonne
8957322684,node,48.9927155,2.27982,Imagerie Médicale,clinic,,,,,,
8962315890,node,43.3164735,1.9611767,Vaccination Covid-19,clinic,,,,,,
8971370787,node,45.5658219,5.9256538,Espace santé,clinic,,,,,,
8975642567,node,48.3205648,-4.2955097,Cabinet Infirmier soins Domicile,clinic,,,,,,
8977444617,node,48.880568,2.3054687,Centre Ophtalmique Paris 17,clinic,,,,+33 1 47 64 46 75,,
8979628108,node,45.566835,5.9246721,Cabinet infirmier de la Libération,clinic,,,,,,
8990393545,node,48.8834849,2.3402071,cabinet infirmier,clinic,,,,,,
9029129065,node,50.6201275,3.0438342,Hôpital de jour Les Mosaïques,hospital,CHR de Lille,,,+33320571159,,Lille
9037813380,node,45.8194947,4.6626668,Harmonie Bien-Être,clinic,,,,,,
9054348199,node,43.3108626,5.378643,,clinic,,,,,,
9054360494,node,43.3103945,5.3791625,,clinic,,,,,,
9063982521,node,43.533816,5.4574075,Centre médical des Alpes,clinic,,,,,,
9066552680,node,45.6823409,5.9072241,Hôpital de jour  CMP / CATTP -  CHMS,clinic,,,,,,
9082433473,node,48.8751,2.3054816,IRM Paris Hoche,clinic,,,,,,
9091571617,node,43.6023258,1.4524286,ITO (Institut Toulousain d'Ostéopathie),clinic,,,,,https://clinique.ito-osteopathie.fr/,
9094567321,node,42.6398393,2.9742345,Cabinet Infirmier,clinic,,,,,,
9114794464,node,46.4699693,-0.8183071,Centre Médico-Psychologique et Hôpital de Jour,hospital,,,,+33 2 51 50 16 76,,
9119501206,node,47.4566207,-0.5141419,Centre de la main,clinic,,,,+33241868641,,
9135732900,node,45.5435291,3.2441491,Maison Médicale du Postillon,clinic,,,,,,
9137638383,node,44.8411284,-0.6428973,Pôle santé Séléné,clinic,,,,,,
9141628294,node,48.624002,2.1253555,cabinet d'infirmières,clinic,,,,,,
9149351008,node,43.4804213,1.3939962,,clinic,,,,,,
9155527842,node,50.619644,3.0759682,Centre psychiatrique d'accueil et d'admission,hospital,,,,+33320637600,,
9191798650,node,49.0476542,2.0350627,Centre médical des Petits Pains,clinic,,,,,,
9216710375,node,49.9005908,1.0752339,Victoria Center,clinic,,,,,,
9217340609,node,-22.2710566,166.4470401,Centre médical de la vallée du Génie,clinic,,,,+687 24 86 98,,
9242775019,node,43.8341785,5.0403837,Centre médical du Luberon,clinic,,,,,,
9242939679,node,45.639373,4.2375145,Clinique Alma Santé,clinic,Inicea,,,+33477361500,https://www.inicea.fr/smr/clinique-alma-sante-loire-42210,
9247842729,node,48.8120215,2.3843645,Access Ivry,clinic,,,,,,
9247842736,node,48.8252616,2.3780186,Maison de santé Chevaleret,clinic,,,,,,
9272777938,node,48.7025608,6.1394152,Centre d'hemodialyse,hospital,Groupe Elsan,,,,,
9284083880,node,47.5405821,4.4588934,,clinic,,,,,,
9290371028,node,5.1823469,-54.325825,Infirmières Libérales Sabatier;Saint-Maxent,clinic,,,,,,
9290371029,node,5.4822893,-54.0318005,"Maison de Santé Pluridisciplinaire Leopold, Docteur Moubitang",clinic,,,,,,
9290560250,node,5.4993814,-54.0309201,Centre de Gestion COVID-19,clinic,Centre hospitalier de l'ouest guyanais (CHOG),,,,,
9292308904,node,48.8716178,2.3068649,Centre de psychologie Ponthieu,clinic,,,,,,
9326750577,node,45.505785,4.9088804,Manon Bourdier,clinic,,,,+33611913222,,
9326750578,node,45.5057805,4.9088194,Mylène Liponne Infirmère D.E.,clinic,,,,+33611913222,,
9326750579,node,45.5057419,4.9088287,Cabinet d'infirmière Magali Rochas,clinic,,,,+33611913222,,
9331828919,node,-20.9771917,55.3005295,Imagerie Médicale Savannah,clinic,,,,,,
9332048246,node,43.244489,5.4248243,Centre Paramedical,clinic,,,,+33 4 91 41 89 24,,
9339207673,node,48.9540648,2.3844141,Centre Municipal de Santé Colette Coulon,clinic,,,,+331 49 71 81 98,,
9341531784,node,16.2700918,-61.5261646,Centre Médical de l’Aéroport,clinic,,,,,https://www.centre-medical-aeroport-guadeloupe.com/,
9362891609,node,46.3516774,2.5820268,,clinic,,,,+33470027810,,
9365547946,node,43.5275824,5.4055797,H.A.D. Clara Schumann,clinic,,,,+33442294510,https://hadclaraschumann.site-solocal.com/,
9371501687,node,48.7709881,2.3493583,Service d'accueil médical initial (SAMI),clinic,,,,,,
9371510917,node,48.7745448,2.3499697,Centre Municipal de Santé de L'Haÿ-les-Roses,clinic,,,,+33 1 56 70 17 30,https://www.lhaylesroses.fr/sante-solidarite/centre-municipal-de-sante,
9383539582,node,48.8647452,2.3523677,Dermo Medical Center,clinic,,,,,,
9397862683,node,44.2558857,6.9248371,Hôpital Saint-Maur,hospital,,,,,,
9399640650,node,48.9253852,2.3902667,Centre municipal de santé Salvador Allende,clinic,Commune de La Courneuve,,,+33 1 49 92 60 60,https://lacourneuve.fr/le-centre-municipal-de-sante,La Courneuve
9407639849,node,43.7291463,4.0219207,Espace Thalès - pôle médical,clinic,,,,,,
9426779806,node,48.877666,2.3556128,Maison de santé pluriprofessionnelle des Deux Portes,clinic,,,,,,
9435197587,node,49.1051115,6.1903231,,hospital,,,,+33387523260,,
9435197588,node,49.1052352,6.1904613,,hospital,,,,+33387769732,,
9437395139,node,43.3636277,5.3568391,Hôpital de jour Henri Collomb,hospital,,,,+33491650606,,
9442838606,node,49.1106719,6.2168126,Institut national des jeunes sourds,hospital,,,,,,
9444784545,node,47.3706942,-0.1046211,pole de santé du longuéen,clinic,,,,+33 241536363,,longué-jumelles
9445400808,node,50.5163312,2.6702889,Clinique Ambroise Paré,clinic,,,,+33321634400,,Beuvry
9450412024,node,49.8760655,2.3281192,Cabinet médical,clinic,,,,,,
9455553068,node,47.9980662,0.194947,Laboratoire de prothèse dentaire,clinic,,,,,,
9465178873,node,47.3413233,0.6145364,Nadia Fernandes,clinic,,,,,,Ballan-Miré
9481477513,node,44.5461977,6.2751404,,clinic,,,,,,Chorges
9501438020,node,49.0803017,2.1057379,Institut Médical d'Ennery,clinic,LNA SANTÉ,,,,,
9501556062,node,45.2001108,5.7440181,Urgences adultes hopital nord,clinic,CHU Grenoble Alpes,,,,,
9503670354,node,44.8810895,6.6404387,La Guisane,clinic,,,,+33 4 92 21 00 94,https://www.asthme-enfant.fr,
9517203932,node,43.0067031,3.0422992,Maison de santé de Port La Nouvelle,hospital,,yes,,,,Port La Nouvelle
9536761315,node,43.5938143,5.0100859,Centre Médical La Rousse,clinic,,,,,,
9559291894,node,47.3268859,-2.4166882,Cabinet Infirmiers Dago Mahé Robin,clinic,,,,,,
9562218900,node,48.9849834,1.7460684,Centre médical de la gare,clinic,,,,,,
9563521885,node,48.7993377,2.1273772,Cabinet infirmier de la rue Royale,clinic,,,,,,Versailles
9572792637,node,48.849155,2.2955786,Cabinet infirmier,clinic,,,,,,
9573535204,node,-12.7854609,45.2297738,Maison de Santé Pluridisciplinaire du Lagon,clinic,,,,,,
9573827793,node,48.5110045,0.3548969,,clinic,,,,,,
9573827794,node,48.5132655,0.3529465,,clinic,,,,,,
9580508853,node,49.0789415,1.9283913,Infirmière libérale,clinic,,,,,,
9592717625,node,47.786104,1.6213094,Infirmerie,clinic,,,,,,
9628701381,node,43.2731448,5.3859866,Institut de Chirurgie Orthopedique et Sportive,clinic,,,,,,
9628806397,node,43.2735926,5.3853351,Centre Monticelli Paradis,clinic,,,,,,
9641806470,node,49.0020271,2.2681071,Hôpital Simone Veil - Site de psychiatrie,hospital,,,,,,
9647050023,node,47.6316585,6.8480001,Centre Hospitalier Spécialisé de Saint-Rémy et Nord Franche Comté - Centre de Psychiatrie Générale de Belfort,hospital,Association hospitalière de Bourgogne-Franche-Comté (AHBFC),,,+33 3 84 57 45 30,https://www.ahbfc.fr/psychiatrie.html,
9667186287,node,48.828953,2.3550038,Centre d'ophtalmologie,clinic,,,,,,
9679565775,node,51.0417357,2.3930961,Hôpital de Jour François Tosquelles,hospital,EPSM Flandres,,,+33328583010,,Dunkerque
9680144917,node,50.2943801,2.7654661,Centre Rnpc,clinic,,,,,https://www.rnpc.fr/carte-des-centres-rnpc/region-nord-picardie/centre-rnpc-arras/,
9685231761,node,48.8017757,2.1707319,Centre médical Clos Saint-Vigor,clinic,,,,,,Viroflay
9695226064,node,48.8835636,2.3725164,Centre para-médical Jean Jaurès,clinic,,,,,https://www.jean-jaures-podologie.fr/,Paris
9713637904,node,48.8409614,2.2781528,Centre Médical et Dentaire Balard,clinic,,,,+33 1 40 60 88 10,,
9717363964,node,51.0423173,2.3932057,Hôpital de Jour Le Petit Prince,hospital,EPSM Flandres,,,+33328518610,,
9726740957,node,51.036441,2.3988645,Clinique psychothérapique de Rosendaël,hospital,EPSM Flandres,,,,,
9728938011,node,43.5352379,1.5362483,Pôle Guidance Infantile,hospital,Arseaa,,,,,
9732244602,node,47.9046127,1.9039452,Clinique laser vision Orléans,hospital,,,,+33 2 42 04 04 20,https://www.clvo.fr/,Orléans
9734700110,node,49.4043605,2.8068942,Centre Médico Psychologique,clinic,,,,+33344201589,,
9751698699,node,49.2636392,2.4739912,,clinic,,,,+33 3 44 27 89 37,,Creil
9752628346,node,44.165599,3.841052,Maison des Services,clinic,,,,,,
9754136514,node,48.8787531,2.4502747,Hopital La Boissiere,clinic,,,,+33141551070,https://idf.vyv3.fr/soins/soins-medicaux-et-readaptation/hopital-la-boissiere/,
9770695140,node,48.8578464,2.3668717,Cabinet Médical,clinic,,,,,,Paris
9788775053,node,48.8571142,2.3671753,Cabinet médical des Minimes,clinic,,,,,,
9792381497,node,43.6191692,3.9180541,Medic Global,clinic,,,,+33 4 99 62 73 49,https://www.facebook.com/medicglobalcastelnaulelez,
9814249156,node,43.2685638,5.3858563,IMMS,clinic,,,,,,
9820106103,node,43.6961076,7.2417923,Centre Thérapeutique La Madeleine - CMP,clinic,,,,+33493714232,https://www.chu-nice.fr/offre-de-soins/neurosciences-cliniques-rhumatologie/psychiatrie/consultation,
9820345301,node,43.7159284,7.2595678,Hôpital de jour Le Bellagio CHS Sainte-Marie,hospital,CH Sainte-Marie,,,+33493135610,,
9822598869,node,43.5257236,5.4143346,Centre médical du Bois de l'Aune,clinic,,,,,,
9823582785,node,45.201183,6.6667452,,hospital,,,,+33479051188,,
9823582793,node,45.2031748,6.6649954,,hospital,,,,+33479052233,,
9840983447,node,43.6613105,-1.3146096,Pôle médical Océan,clinic,,,,,,Saint-vincent de Tyrosse
9841031078,node,43.6636483,-1.2861393,Hegaldia hôpital de jour,hospital,,,,,,
9841050962,node,43.6597266,-1.3124164,Cabinet médical kinésithérapeutes-phlebologue-orthopedique,clinic,,,,,,
9841058078,node,43.661415,-1.3149625,Centre hospitalier Dax-Cote d'Argent,clinic,,,,,,Saint-vincent de Tyrosse
9841087685,node,47.4185412,0.699097,SOS Médipole,clinic,,,,,https://www.sosmedecins37.fr/,
9876027322,node,48.8786051,2.4521363,Hdj Boissière Noisy Le Sec,hospital,,no,,,,
9880450330,node,50.6677246,3.0513147,Hôpital de Jour l'Intermède,clinic,,,,+33 3 28 53 44 50,https://www.epsm-lille-metropole.fr/structures/59g20/hopital-de-jour-lintermede,
9884578313,node,46.0385539,4.0612497,Centre Médical Mulsant,clinic,,,,,,
9891583933,node,43.5868913,1.4588697,Centre Crampel,clinic,,,,,,
9900601300,node,43.251844,5.421466,Centre Medical du Redon,clinic,,,,,,
9902785137,node,43.4850713,-0.7705185,Ophtalea,clinic,,,,,,
9902785159,node,43.4848376,-0.7705245,Nephro Care,clinic,,,,,,
9903977710,node,43.552726,1.4687626,Hôpital de jour Les Bourdettes,hospital,Arseaa,,,,http://www.arseaa.org/etablissement/hôpital-de-jour-les-bourdettes,
9908816616,node,16.3314576,-61.3557399,Centre médical de Damencourt,clinic,,,,,,
9909995471,node,48.402507,-4.465696,Cabinet d’Infirmiers,clinic,,,,,,
9910000724,node,43.4802358,-1.5556572,Postureval,clinic,,,,+335 59 59 54 59,https://www.postureval.com/,Biarritz
9912112032,node,43.7111411,7.2900836,Cabinet Infirmier,clinic,,,,,,Nice
9914980235,node,43.3239276,-0.3493662,IRM Nvarre,clinic,,,,,,
9914980236,node,43.3238411,-0.3496504,Radiologie - Ecographie Navarre,clinic,,,,,,
9914980237,node,43.3241576,-0.350781,Maison Médicale,clinic,,,,,,
9914980238,node,43.3243134,-0.3505195,ORL Navarre,clinic,,,,,,
9914980239,node,43.3244623,-0.3500749,Neurologie Navarre,clinic,,,,,,
9914980267,node,43.3241736,-0.3493313,Scanner Navarre,clinic,,,,,,
9931817871,node,43.534256,5.4358846,Centre de la Main du Pays d'Aix,clinic,,,,,,
9931817872,node,43.5344149,5.435929,Centre du pied,clinic,,,,,,
9931817873,node,43.5345151,5.4358731,Aix vision,clinic,,,,,,
9933256014,node,43.2632685,5.410142,IPC3,clinic,,,,,,
9933275190,node,43.2630942,5.4097784,IPC2,clinic,,,,,,
9938146464,node,48.4508047,-4.2460757,AUB Santé - Maladies Rénales Chroniques,clinic,Fondation AUB Santé,,,+33 2 98 21 39 21,https://www.aub-sante.fr/unites-de-soin/dialyse-landerneau/,
9945131906,node,49.6378035,-1.6119749,Maternité,hospital,,,,,,
9947690136,node,49.2956543,0.6636778,Cabinet d'Infirmiers,clinic,,,,,,
9949266500,node,43.9462585,4.7998024,Infirmerie du lycée Mistral,clinic,lycée Mistral,,,,,
9953285469,node,44.5716352,3.861009,Chabaleyret,hospital,,,,,,
9962562554,node,-21.3427529,55.4764564,Centre de Santé Tournesol,clinic,,,,,,
9963666970,node,43.5570799,7.0264904,Centre Médico Psychologique,hospital,,,,,,
9974868187,node,48.6930371,-1.3522546,Batiment H,hospital,,,,,,
9981592071,node,46.0834671,-1.0713795,Pôle Médical,clinic,Centre Atlantic - La Rochelle Sud,,,,,Saint-Vivien
9981685681,node,46.6920746,-1.9414719,Villa Notre-Dame,clinic,,,,+33251608282,,
9983759572,node,46.1825737,6.276019,Le Cabinet (CAB) Infirmier des Erables,clinic,,,,,,Vétraz-Monthoux
9985028117,node,43.6032762,1.4528815,Ophtalmologue - Raymond de Saint-Martin,clinic,,,,+33 5 34 41 74 44,http://www.clinic-de-la-vision.com/,
9986172275,node,49.2165882,2.5967012,ACRIM Senlis-Chamant,clinic,,,,+33 344530316,https://www.acrim.fr/nos-sites/senlis/,Chamant
9990056555,node,48.8692487,2.4028781,Cabinet infirmier,clinic,,,,+33 1 43 48 62 43,,Paris
9994985547,node,43.2590105,5.411812,Saint-Martin Sport,clinic,,,,+33491273007,,
9996557863,node,-21.2795782,165.6303551,Dispensaire de Houaïlou,clinic,,,,,,
9997110855,node,43.1405036,5.9133238,,clinic,,,,,,
10020757307,node,49.7542005,2.3612794,,clinic,,,,+33322414806,https://finess.esante.gouv.fr/fininter/jsp/actionDetailEtablissement.do?noFiness=800020521,Ailly-sur-Noye
10024937566,node,42.6863098,2.90167,Centre Paramédical Université,clinic,,,,,,
10024937580,node,42.6960459,2.88867,Centre de Santé des Pyrénées,clinic,,,,,,
10033944420,node,50.2411512,3.6371685,Centre Mormal,hospital,SCM Centre Mormal,no,,,https://centremormal.fr,Le Quesnoy
10050951483,node,48.5924802,7.76136,Adelis,clinic,,,,+33 3 88 36 26 35,,
10053770897,node,46.3165995,-0.4717118,Centre Descartes,hospital,,,,,,
10058948231,node,45.8463862,5.0569961,Centre ophtalmologique de la Côtière,clinic,,,,+33 4 28 87 00 07,https://www.ophtalmo-montluel.fr/,
10061970658,node,48.8339677,2.3346701,CPNDO,clinic,,,,,,
10076170887,node,48.4475395,6.7386425,USLD Maison hospitalière de Baccarat,clinic,,,,,,
10091446245,node,48.6417992,2.2335791,,clinic,,,,,,
10106871477,node,48.4463155,2.6022667,Centre Ophtalmique,clinic,,,,,,
10108695864,node,48.6010796,-0.8323198,SSIAD,clinic,,,,,,
10120715123,node,48.8436062,2.3541081,Institut De Chirurgie,clinic,,,,,,
10126025861,node,50.2285642,2.1176792,Maison de santé pluridisciplinaire d'Auxi-le-Château,hospital,,,,+33321040009,https://annuairesante.ameli.fr/trouver-un-professionnel-de-sante/medecin-generaliste/62-pas-de-calais-auxi-le-chateau,
10126449462,node,45.7567563,4.8761663,Cabinet d'infirmier des Maisons Neuves,clinic,,,,,,
10138884445,node,43.8891426,-0.4737448,Cabinet infirmier Dufranc-Rubio Claudie,clinic,,,,,,Mont-de-Marsan
10142689692,node,51.0462601,2.3779547,,clinic,,,,,,
10170889591,node,44.0096076,1.3753525,Centre médical de soins immédiat,clinic,,,,+33 5 32 74 00 10,,Montauban
10178171183,node,43.1371515,5.9062913,,clinic,,,,,,
10178171187,node,43.1371297,5.9064255,Cabinet infirmier,clinic,,,,,,
10178403926,node,43.1384206,5.9097014,,clinic,,,,,,
10178677043,node,45.7371049,4.8527435,Cabinet infirmier G.Dubois/M.Radovic,clinic,,,,,,
10187968614,node,49.0482322,-1.4407917,Cabinet d'Angiologie,clinic,,,,,,
10187968706,node,49.0475176,-1.4404171,,clinic,,,,,,
10198325274,node,48.8595111,2.3828718,Diaverum,clinic,,,,,https://fr.diaverum.com/fr/fr/clinic-container/centre-de-dialyse-diaverum-paris-saint-maur,
10211767526,node,48.9017515,-1.5111654,,clinic,,,,,,
10233305578,node,47.3257455,0.4085015,Pharmacie les 3 Tours,hospital,,,,,,Langeais
10246413316,node,47.5626811,1.4563618,Cabinet infirmière Corinne Pinon,clinic,,,,,,
10246862409,node,43.5637746,1.4243172,Toulouse Hypnose Médicale,hospital,,,,,,
10246862411,node,43.5637567,1.4242552,Imagerie médicale Toulouse - Radiologie,clinic,,,,,,
10250271064,node,50.3663986,2.027249,,hospital,,,,+33321901600,,
10255640516,node,47.5021121,-2.8362608,Cabinet infirmière Berthe/Le Moal,hospital,Berthe Karine & Le Moal Catherine,,,+33 2 97 45 15 62,,Saint-Gildas-de-Rhuys
10266888793,node,47.7000937,-0.0765189,,clinic,,,,,,
10272878870,node,46.0489138,4.0355885,Centre Médical des Sables,clinic,,,,,,
10281921567,node,43.2834013,5.3895687,Centre de Sante Dentaire Mutualite Française,clinic,,,,,,
10287376715,node,46.1651611,-1.194924,Cabinet d’anesthésie Capio Clinique Atlantique,clinic,,,,,,La Rochelle
10287376719,node,46.1648873,-1.1973488,Uropole,clinic,,,,+33 5 46 66 40 94,,La Rochelle
10287376721,node,46.1639688,-1.1984406,Cabinet d’anesthésie,clinic,Clinique de l’Atlantique,,,,,La Rochelle
10287380077,node,46.1634901,-1.1998325,Skinclinic,clinic,,,,+33 5 46 45 95 41,,La Rochelle
10287380079,node,46.1618875,-1.2017909,Pôle médical Saintonge,clinic,,,,,,La Rochelle
10287425382,node,46.1648161,-1.1847234,"Centre Médico Psycho Pédagogique, site Carnot",clinic,ADEI,,,,,La Rochelle
10291017052,node,48.9865124,2.2284541,Centre d'Imagerie de la Femme,clinic,,,,,,
10291282166,node,48.7517578,-0.0324437,Centre d'Imagerie Médicale Berlioz,clinic,,,,,,
10294889118,node,48.7457352,-0.0202878,Hopital de Jour L'Orange Bleue,clinic,,,,,,
10294889119,node,48.7455677,-0.0205035,Centre Psychothérapique de l'Orne,clinic,,,,,,
10300959996,node,48.6451211,2.0755693,Centre de Radiologie de Limours,clinic,,,,+33 164914400,,
10315500823,node,48.942161,2.1624499,Centre Jean Jaurès,hospital,,,,+33139575466,,
10316967132,node,49.0074379,0.1492569,Pôle Médical,clinic,,,,,,
10539030151,node,45.2032597,5.7039248,Centre de santé Presqu'île de Grenoble,clinic,,,,+33 4 23 36 30 66,,
10557674272,node,-12.7728284,45.2262571,HAD MdzHADé,hospital,,,,+262 269 63 56 80,https://mdzhade.lna-sante.com/,
10586166056,node,50.4425814,3.1173419,CRF Hélène Borel,clinic,,,,+33327931616,,
10594499020,node,48.8592105,2.3411286,Clinique du Louvre,hospital,,,,,,Paris
10603607630,node,47.8989731,1.8746762,Imagerie médicale Madeleine,clinic,,,,,,
10604164549,node,43.8934735,-0.4846171,Service Néphrologie-Dialyse,clinic,Centre Hospitalier de Mont-de-Marsan,,,,https://www.ch-mt-marsan.fr/nos-services/annuaire-des-services-384/hemodialyse-38.html,
10604288401,node,43.8154184,-1.3787883,Les infirmières de Messanges,clinic,Laura Couthures et Marine Plachot,,,,,Messanges
10635707694,node,-12.7914145,45.1331864,PMI Combani,clinic,,,,+262 269 64 34 64,,Tsingoni
10652890688,node,48.1036472,-3.9770644,Espace Santé,clinic,,,,,,
10665012373,node,47.1973697,-1.5382042,Hall santé,hospital,,,,,https://www.chu-nantes.fr/hallsante,Nantes
10677070141,node,47.35647,-0.552351,dentistes,hospital,,,,,,
10680269382,node,45.6427752,6.0617918,poste de secours,hospital,Aillon-Margeriaz,,,,,
10680282631,node,45.459219,5.6304794,Centre hospitalier,clinic,malade,,,,,Saint-Geoire-en-Valdaine
10683328562,node,-12.7950812,45.1311266,Maison de santé mentale,clinic,,,,+262 269 61 64 00; +262 269 80 77 41,https://www.mlezi-maore.com/actualites/la-premiere-maison-de-sante-mentale-oupara-makini-ouvre-ses-portes-a-mayotte/,Tsingoni
10685088922,node,47.6803932,-0.4993062,Cabinet infirmier,clinic,,,,,,
10693476861,node,46.1697832,-1.1833968,Centre médical Louis Guillet,clinic,,,,,,
10694601709,node,44.8529068,-0.0430331,laboratoire de biologie médicale,clinic,,,,,,
10695114706,node,42.9999899,1.1321613,,hospital,,,,,,
10695198905,node,43.1130298,0.7117002,,hospital,,,,,,
10696951905,node,48.8865147,2.3024731,Clinique Sainte Thérèse,clinic,,,,,https://www.cliniquesaintetherese.fr/fr/,
10697241298,node,48.7011014,2.3852222,Centre médical d'ophtalmologie & esthétique,clinic,,,,+33 1 60 48 20 91,,Athis-Mons
10706265730,node,49.2555292,2.4385208,Centre médical,clinic,,,,,https://www.maiia.com/cabinet-medical/60160-MONTATAIRE,Montataire
10725369377,node,43.3535109,3.2399496,Elsa Ibanes Diététicienne - Nutritionniste,hospital,Elsa Ibanes Chadburn,,,+33448140132,https://www.dieteticienne-beziers.fr/,Béziers
10736464005,node,48.8419867,2.3096451,Centre médical de l'institut Pasteur,hospital,,,,+33 1 45 68 80 88,https://www.pasteur.fr,
10741246956,node,43.1063333,0.9992235,Boîte de secours,hospital,Tous,,,,,Marsoulas
10741261070,node,43.1140514,0.7110202,Centre de kinésithérapie et massages,clinic,,,,,,Saint-Gaudens
10748500609,node,49.1818499,-0.3492153,Pôle de santé,clinic,Medic Global,,,+33 2 61 10 08 37,,Caen
10756264548,node,48.7052203,2.3635041,,clinic,,,,+33 1 86 64 15 04,,
10764539462,node,48.5234013,-2.2289535,CMPEA Plancoët,hospital,Fondation Saint-Jean-de-Dieu,,,,,Plancoët
10776051206,node,46.7935129,4.8261741,CMSI Grand Chalon,clinic,,,,+33353630710,https://cmsifrance.fr/nos-centres/cmsi-grand-chalon/,Châtenoy-le-Royal
10777524409,node,47.9184805,1.8263529,,clinic,,,,,,
10778601946,node,47.2127736,-1.5466838,Centre de rééducation sport & santé,clinic,,,,,,
10790394897,node,47.2548801,6.0146846,Pôle Santé Q2,clinic,,,,,,
10792757249,node,48.4934428,3.5024602,5 place Aristide-Briand 10400 Nogent-sur-Seine,hospital,,,,+33 3 25 39 87 08,https://www.gham.fr/,Nogent-sur-Seine
10792757251,node,48.1200088,4.3730791,Centre Hospitalier de Bar-sur-Seine,hospital,,,,+33 3 25 38 38 38,https://ch-barsurseine.fr/,Bar-sur-Seine
10810914638,node,43.2081001,1.0932446,Centre de Radiologie Docteur P. Humbert,hospital,,no,,+33 5 61 97 18 21,,Cazères
10820097051,node,50.5863527,3.1385323,Pôle santé travail,clinic,,,,+33 3 28 82 92 80,,Sainghin-en-Mélantois
10821970505,node,43.2602917,5.4088517,Clinique La Phocéanne Sud,clinic,,,,+33491169500,,
10821970506,node,43.2601079,5.4083561,Clinique Saint-Martin Sud,clinic,,,,+33413420400,,
10833345427,node,48.8625061,2.2804988,Institut du cerveau Trocadéro,clinic,,,,,,
10841743653,node,44.0276369,5.4940146,Centre Médical,clinic,,,,,,Saint-Christol d'Albion
10842163898,node,43.553145,1.4787266,Association d'Aide aux Insuffisants Rénaux,clinic,,,,,,
10856261106,node,50.6806938,3.1706837,Centre d'éducation pour le traitement du diabète et les maladies de la nutrition,clinic,,,,+33320993040,https://www.ch-roubaix.fr/le-centre-hospitalier-de-roubaix/nos-etablissements/centre-de-diabetologie-cetradimn/,
10856286907,node,48.6255736,-2.011296,C.S.A.P.A. Le Rosais,hospital,,,,,,
10860730765,node,43.6509624,3.8368946,"Maison médicale ""Censomed - Grabels""",clinic,Samia BOUCHENAKI,,,+33978078034,https://censomed.fr/index.php/grabels/,GRABELS
10862749332,node,48.8568717,2.3847413,Centre paramédical du Mont Louis,clinic,,,,,,Paris
10870383270,node,48.8715214,2.2914888,Centre laser Victor Hugo,clinic,,,,+33 1 55 73 02 02,https://operation-yeux-laser.com/,Paris
10883369653,node,48.8262255,2.3293782,Clinique Sainte-Geneviève,clinic,,,,,,
10896049557,node,49.2682186,4.0301166,cabinet de soin infirmier,clinic,,,,,,
10903782701,node,43.6072414,1.4688329,Cabinet infirmier Barthez Fabien / Antonio Mathilde,clinic,,,,,,Toulouse
10908119891,node,47.822208,-1.3205327,,clinic,,,,,,
10911979681,node,43.6037564,1.4480098,Clinique des Champs-Élysées,clinic,,,,+33 5 32 65 96 50,https://www.crpce.com/clinique-esthetique-toulouse,
10926295628,node,48.7858779,2.3666158,Centre médical Aragon,clinic,,,,,,
10940694992,node,46.0764691,-1.0914835,"Azzedine Achour, Steffy Debroux",clinic,,,,+33646843004,,
10941841018,node,48.3069302,4.052958,Établissement Aubois de Soins Immédiats,clinic,,,,+33 3 51 48 22 93,http://easi-troyes.fr/,
10956636583,node,50.1324156,3.4137524,Santélys,clinic,,,,+33362288000,,
10959528428,node,49.0994975,2.5233392,Centre Médical de la Gare,clinic,,,,,,
10967935693,node,50.1245035,3.4175294,Les Petits Cygnes,hospital,,,,+33327850297,,
10977968630,node,45.934799,-0.9649545,Centre Médico-Psychologique pour Enfants,clinic,,,,,,
10989279036,node,45.7950935,4.8291606,Centre de soin clemenceau,clinic,,,,,,
10989385119,node,49.9044064,2.2994988,Service de Sante Universitaire (SSU) Citadelle,hospital,,,,,,Amiens
10994388765,node,43.7262104,4.7089896,Florence Bracciali,clinic,,,,,,
11009940533,node,44.920257,6.6207138,Site Chantesoleil,clinic,,,,,,
11009964728,node,44.9200547,6.6213267,Site Chanteclair,clinic,,,,,,
11012589797,node,47.8558232,1.9074609,Maison médicale du Larry,clinic,,,,,,Olivet
11013945090,node,45.8145204,1.2822882,Chénieux Vision,hospital,,yes,,+33 5 55 45 44 60,https://chenieux-ophtalmologie.com,
11014107389,node,45.41732,6.651859,,clinic,,,,,,
11015771430,node,47.1073889,2.407264,Centre Médico-Psychologique,clinic,,,,,,
11030459989,node,48.8618533,2.2798403,Benhamou,clinic,,,,,,
11046091383,node,50.2823816,3.9611062,Hôpital de jour Georges Galliot,hospital,,,,+33327580337,,
11047790066,node,48.7076123,2.0407926,,clinic,,,,,,Chevreuse
11063252545,node,43.4543148,5.4674357,Centre Médical,clinic,,,,,,Gardanne
11064977118,node,50.2817731,3.98777,,clinic,,,,+33327638322,,
11074283096,node,48.9367673,2.3464932,Centre médical et dentaire Élise,clinic,,,,,,
11082600774,node,45.7696027,4.8457829,Institut Chirurgical de la Main et du Membre Supérieur,clinic,,,,,,
11085606158,node,43.5903691,6.5348098,Médecin-Infirmiers,hospital,,,,,,
11087157746,node,47.9023126,-3.5212331,Cabinet infirmier,clinic,Cudon Marie-Christine,,,+33 2 98 39 03 84,,Tréméven
11092358927,node,43.6714813,3.863125,Centre le petit fescau,clinic,,,,,,
11093637596,node,47.3670681,3.5910531,Maison de Santé,clinic,,,,,,
11102224194,node,44.617482,0.4190223,La Vieille École,hospital,ASSOCIATION LES COPAINS DE LA VIEILLE ECOLE,,,,,
11116288468,node,46.4672475,-0.8037982,Cabinet d'infirmières,clinic,,,,,,
11132980957,node,47.4101554,5.0087413,Clinique Jouvence Nutrition,clinic,Inicea,,,,https://www.inicea.fr/sante-mentale/clinique-jouvence-nutrition-messigny-et-vantoux-21380,
11133985014,node,44.2489468,4.1981599,CIS AMB,hospital,,,,,,
11137242955,node,43.6396818,4.815455,Centre médical  Permanences,clinic,,,,+33 4 65 28 04 40,,
11139538125,node,48.859171,2.367409,Médecine esthétique et laser Beaumarchais,clinic,,,,,,
11141903977,node,47.2124319,-1.5796341,Centre Pasteur Dermatologie,clinic,,,,+33 2 51 84 06 06,https://centre-pasteur-dermatologie.fr,
11150639554,node,48.8759977,2.1996782,Clinique du Mont-Valérien,hospital,Clinéa,no,,,,
11152667276,node,43.2543903,5.3831571,Ultramed,clinic,,,,+33 4 91 22 25 25,,Marseille
11158899238,node,46.3210355,-0.4636054,Centre greffe capillaire,clinic,,,,,,
11158904457,node,46.3210215,-0.4634595,Centre laser esthétique,clinic,,,,,,
11166948039,node,47.4746185,-0.5652024,Cabinet Physio Santé Doutre,clinic,,,,,,
11169847130,node,47.4189759,-0.4351347,Maison médicale Les Acacias,clinic,,,,,,
11172077375,node,48.8904073,2.371564,Centre dentaire & ophtalmologique,clinic,,,,,,
11172086314,node,48.8921068,2.3727644,UrgenceMed,clinic,,,,,,
11174828047,node,46.5144652,-1.7549303,Maison médicale d'urgences,clinic,,,,,,
11176036453,node,43.1200759,5.8022409,,clinic,,,,,,
11178688165,node,45.1932373,5.764293,Centre de santé universitaire,clinic,Université Grenoble Alpes,,,+33 4 76 18 79 79,https://centre-sante.univ-grenoble-alpes.fr/,Saint-Martin d'Hères
11185949609,node,48.8435853,2.3528911,"Ramsay santé, pôle de consultations",clinic,,,,,,
11207525046,node,45.7310072,4.8869935,Maison de santé pluriprofessionnelle Mermoz,clinic,,,,+33 4 78 74 04 71,,
11219814813,node,48.885717,2.3158574,,clinic,,,,,,
11235706218,node,44.4572537,6.0491081,,hospital,,,,,,
11235706220,node,43.5031085,-1.4545834,Centre d'Oncologie et de Radiothérapie du Pays Basque,hospital,,,,,https://www.copb.eu/,
11235977866,node,48.1253528,-1.2061644,51-MSG-RDC-NORD,hospital,,yes,,,,
11235977868,node,48.1251545,-1.2062102,52-MSG-RDC-SUD,hospital,,,,,,
11235977869,node,48.1254042,-1.2065252,53-MSG-RDJ-OUEST,hospital,,,,,,
11235977870,node,48.1252357,-1.2064671,55-MSG-Logistique,hospital,,,,,,
11235977871,node,48.1253692,-1.2062236,54-MSG-RDJ-NORD,hospital,,,,,,
11235977872,node,48.1256816,-1.2055703,57-JDV-RDC-ACCUEIL,hospital,,,,,,
11235977874,node,48.1255712,-1.205061,58-JDV-Entrée UPD,hospital,,,,,,
11235977875,node,48.1256324,-1.2048477,59-JDV-Garage,hospital,,,,,,
11235977876,node,48.1258828,-1.2054519,60-JDV-Place Publique,hospital,,,,,,
11235977877,node,48.126009,-1.2054243,61-JDV-Salle Animation,hospital,,,,,,
11236458624,node,47.2247929,-1.6117374,Institut Ophtalmologique - Sourdille Atlantique,clinic,,,,,,
11253057612,node,43.3786181,5.3614329,Unité de soins intensifs pour adolescents,hospital,,,,+33491969804,,
11258071493,node,48.8801727,2.3195042,MLS Centre de médecine esthétique,clinic,,,,,,
11258113538,node,48.7239289,-3.9908159,,clinic,,,,+33298292525,,
11261942469,node,45.6752719,6.386029,Centre imagerie médicale Le Bois Fleuri,clinic,,,,+33 4 79 32 43 28,https://imagerie-medicale-albertville.fr/,
11263303023,node,48.9012167,2.3162206,Le Prevost,hospital,,,,,,
11274005138,node,47.2153057,6.5457458,Cabinet infirmier,clinic,,,,,,Pierrefontaine-les-Varans
11278284470,node,3.1673999,-52.3347439,CDPS : Centre de Santé,hospital,,,,,,
11288793838,node,47.2515534,-2.2639007,Maison médicale de la femme et de l'enfant,clinic,,,,,,
11295458518,node,49.1396047,6.1532405,,clinic,,,,,,
11303012285,node,48.682878,-3.9964775,,hospital,,,,+33298690550,,
11306273030,node,48.5880646,2.5991619,Centre Santé France,clinic,,,,+339 72 43 14 26,,Cesson
11347205072,node,5.5007843,-54.0321186,Cabinet de santé,clinic,Centre hospitalier de l'ouest guyanais,,,,,Saint-Laurent-du-Maroni
11358585877,node,45.8643295,5.9366998,,clinic,,,,,,
11366926954,node,43.6569892,3.9424481,Infirmiers,clinic,,,,,,
11368762199,node,45.7766493,4.834354,Kiné des Canuts,clinic,,,,+33 4 72 00 01 09,,
11381507274,node,45.7786671,4.9153316,Medsoins,clinic,,,,,,
11381521757,node,46.1594269,-1.1446317,Centre d'oncologie et de radiothérapie,hospital,,,,,,
11385483821,node,48.5755051,-3.8279431,,hospital,,,,+33298626160,,
11385932240,node,48.5634108,-3.8280071,MRC Morlaix Saint-Fiacre,hospital,AUB Santé,,,+33298631672,,
11386192055,node,48.5694949,-3.8306165,Centre Hospitalier des Pays de Morlaix,hospital,,,,+33 2 98 62 61 60,https://www.ch-morlaix.fr/,Plourin-lès-Morlaix
11393130227,node,50.4675073,2.9920708,Infirmières,clinic,,,,+33321791000,,
11394303691,node,47.7586591,7.0265884,SISA Médicale de la Basse Doller,clinic,,,,,https://www.sisabassedoller.fr/,
11395949834,node,-21.5469721,167.8851968,Dispensaire de Tadine,hospital,,yes,,,,
11395971796,node,-21.601869,167.9435724,Dispensaire de Wabao,hospital,,,,,,
11397711019,node,47.4774338,-0.5467288,Cabinet infirmier,clinic,,,,,,
11402726414,node,47.1829224,3.0174152,Maison de Santé du Pays Charitois,clinic,,,,,,
11403856305,node,14.5748954,-60.964531,Centre de Santé Ducos,clinic,,,,,,Ducos
11407553302,node,-21.2215056,55.5525185,Centre médical des Hauts,clinic,,,,,,
11411677519,node,49.2479326,2.4593748,Centre d'Imagerie Radio-Isotopique Oise Sud,clinic,,,,+33 3 44 64 73 00,https://www.cirios-creil.com/,Creil
11420935685,node,43.3182332,-0.4349236,Centre de santé Somed,clinic,,,,+33 5 35 53 71 20,https://www.somedsante.fr/pau,
11425416457,node,46.2662765,6.3697897,Centre de santé communal de Bons-en-Chablais,clinic,,,,+33 4 50 82 08 12,https://www.maiia.com/centre-de-sante/74890-bons-en-chablais/centre-de-sante-communal-de-bons-en-chablais,Bons-en-Chablais
11426103258,node,43.55724,1.4251653,Imag'IN,hospital,,,,,,
11428692811,node,44.395512,4.9306512,Maison de Sante,clinic,,,,,,
11432067374,node,16.2514055,-61.5196294,,clinic,,,,,,
11432490711,node,46.1602518,-1.1747705,Espace Aurore,clinic,,,,,,
11434870669,node,47.4120319,2.9244912,Maison Paramédicale Pasteur,clinic,,,,,,
11438579122,node,43.5926177,7.1159629,MAEDay,clinic,,,,+33 4 22 58 04 85,https://www.maeday.fr/,
11442866895,node,-21.0810655,55.2710566,Maison De La Santé Du Docteur Alexis Pota,clinic,,,,,,
11442866896,node,-21.0809615,55.270782,Cabinet Infirmier,clinic,,,,,,
11442866902,node,-21.0819143,55.2696997,Cabinet Infirmier,clinic,,,,,,
11449569637,node,44.8200742,-0.5023341,Autour de l'enfant,clinic,,,,,,
11449575577,node,44.8203345,-0.5014202,Belle-Etoile,clinic,,,,,,
11465417209,node,48.9501325,2.2579605,Unité Médico Judiciaire,hospital,,,,+33 1 30 25 71 88,https://umj-idf-co.fr/acceuil,Argenteuil
11465614185,node,43.5156703,0.4059885,Maison de Santé de Mirande,clinic,,,,,https://www.maisondesantemirande.fr/,
11468743370,node,47.9702243,0.1606943,Centre Para Médical,clinic,,,,,,
11476328724,node,47.9806771,-4.1023679,Hélène Gentils,hospital,,,,+33780972478,,Quimper
11482458869,node,44.8954089,6.6331191,Amplifon Solutions Auditives,clinic,,,,,,
11491565865,node,48.7220108,-3.464703,Centre de santé sexuelle de Lannion,hospital,CH LANNION,,,,,
11494077168,node,44.8333892,-0.6020647,Clinique Esthétique Aquitaine,clinic,,,,,,
11494310086,node,47.1871243,-1.4818354,,clinic,,,,,,
11513803682,node,50.5869624,3.2696429,Maison d'accueil Les Papillons Blancs,clinic,,,,,,
11516289084,node,49.0716641,-0.0749555,CMP - CATTP Adultes,clinic,,,,,,Mézidon Vallée d'Auge
11516303604,node,49.1003524,-0.3795577,Ferme thérapeutique,hospital,Etablissement de santé public de Caen,,,+33 2 31 79 99 90,,
11523713665,node,44.85217,-0.5325419,CA3D Centre d'autodialyse,clinic,,,,,,
11530246457,node,48.5799312,7.7488073,Centre Ophtalmologique du Rhin,clinic,,,,+333 88 23 40 40,https://www.ophtalmologues-strasbourg.fr/cabinet/strasbourg-rue-de-lail/,
11534489565,node,47.9466378,1.9087488,Maison Médicale du Chêne Maillard,clinic,,,,,,Saran
11545817735,node,48.1258157,-1.2054539,28-JDV-1er Le Plessis,hospital,,,,,,
11545854624,node,48.1259258,-1.2054299,27-JDV-1er Le Plessis côté VAL,hospital,,,,,,
11545874591,node,48.1259875,-1.2054299,29-JDV-2ème-Les Rochers côté VAL,hospital,,,,,,
11545875403,node,48.125781,-1.2054521,30-JDV-2ème-Les Rochers,hospital,,,,,,
11545880819,node,48.1259601,-1.2054282,26-JDV-RDC-Les Nétumières,hospital,,,,,,
11553459220,node,47.9122302,1.9688595,Cabinet paramédical Danton,clinic,,,,,,Saint-Jean-de-Braye
11554065830,node,48.4295571,0.0899015,Pôle de santé Simone Iff,clinic,,,,,,
11554251793,node,45.8214961,4.7601689,Maison de Santé Porte de Lyon,hospital,Maison de Santé Porte de Lyon,,,,https://www.mspl-dardilly.fr/,Dardilly
11554379145,node,47.9074626,1.9636666,Marion JOLLIVET,clinic,,,,+33238830315,,Saint-Jean-de-Braye
11573359157,node,48.8403958,2.3036451,Le 236 Vaugirard,clinic,,,,,,
11573437623,node,48.3023891,4.1393455,Marie-France GAULON | Les Trois Corps | Thérapies complémentaires,hospital,Praticienne & Enseignante Reiki Usui,,,,https://lestroiscorps.webnode.fr/,Villechétif
11573833007,node,44.621836,6.633087,Cabinet Médical,clinic,,,,,,
11582126257,node,47.9032049,2.0313636,Cabinet Pluridisciplinaire de Chécy,clinic,,,,,,Chécy
11582222440,node,47.9052107,2.0349019,Pôle Santé,clinic,,,,,,Chécy
11583817864,node,47.8922203,2.0223178,Docteurs HPD.ID,clinic,,,,,,
11583991430,node,47.4831452,-0.5693872,Cabinet infirmier,clinic,,,,,,
11590185315,node,48.8821999,2.3727057,Diaverum,clinic,,,,,,
11618273031,node,44.8537342,-0.517243,,clinic,,,,,,
11634664442,node,45.5234324,4.8713887,l'Assurance Maladie,clinic,,,,,,
11668768597,node,47.4777684,-0.5440917,Cabinet infirmier,clinic,,,,,,
11675997433,node,48.8492874,2.4417213,Centre Liberté,clinic,,,,,,
11679083719,node,4.9235354,-52.3127694,Centre de Santé Mentale Infantile,hospital,"Hôpital de Cayenne, Secteur de Pédopsychiatrie",,,+594 594 29 84 20,,
11679083720,node,4.9235128,-52.3127708,Hôpital De Jour,hospital,"Hôpital de Cayenne, Secteur de Pédopsychiatrie",,,+594 594 25 09 99,,
11679083721,node,4.9235555,-52.3127689,Centre de Ressources Autisme de Guyane,hospital,"Hôpital de Cayenne, Secteur de Pédopsychiatrie",,,+594 594 29 84 24,,
11697412648,node,48.4026221,-4.4885511,,clinic,,,,,,
11708870020,node,47.2209821,5.9526369,Centre d'Imagerie des Hauts du Chazal,clinic,,,,,,
11716751310,node,-21.2734162,55.5243804,Cabinet Infirmier,clinic,,,,,,
11716791662,node,-21.273332,55.5253911,Cabinet Infirmier du XIème,clinic,,,,,,
11721808309,node,-21.2805806,55.5154996,Pôle Séquentiel et Ambulatoire,clinic,,,,,,
11721808315,node,-21.2807672,55.5141071,Centre Médico Psychologique,clinic,Chu,,,,,
11730879980,node,47.2829728,6.0776847,Maison médicale,clinic,,,,,,
11733526900,node,48.9952764,3.267279,Centre psychothérapeutique,hospital,EPSMD de l'Aisne,,,+33323829820,,
11735341563,node,43.3649139,3.2472526,Centre Médical L'occitanie,clinic,,,,,,
11745908735,node,46.2079453,5.2249343,,hospital,,,,+33474522497,,
11747563430,node,47.9003646,1.9129429,Infirmieres D.E.,clinic,DUPUIS JULIE,,,+33238541132;+33685334204,,Orléans
11755169538,node,44.0340846,2.5016459,Centre SSR La Clauze,hospital,,no,,+33 5 65 46 25 89,https://laclauze.fr/,
11760495143,node,43.6586376,3.9725212,,clinic,,,,,,
11763116931,node,45.6543534,4.7517925,Pôle Santé Des 7 Chemins,clinic,,,,,,
11764154943,node,44.5688378,4.7833935,GHPP,hospital,GHPP,yes,,,,Montélimar
11769339194,node,43.588105,3.767092,,clinic,,,,,,
11772047295,node,48.9355518,2.1633048,Centre Médical Debussy,clinic,,,,,,
11775275751,node,47.919205,6.3382004,Centre de santé infirmier,clinic,ADMR,,,,,
11775275753,node,47.9194158,6.3368974,Cabinet de soins infirmiers,clinic,,,,,,
11801836823,node,48.8516199,2.1976296,Protection Civile de Garches,hospital,Protection Civile Paris Seine,yes,,+33 6 76 45 79 79,https://www.protection-civile.org/antennes/garches,
11808213995,node,48.8315783,2.3219099,Cabinet Paramédical,clinic,,,,,,
11809921769,node,47.4513492,0.448559,Pôle de Services Santé & Social Simone Veil,clinic,,,,+33 7 88 07 67 76,,
11824892765,node,47.4316351,-0.7042747,Cabinet infirmier,clinic,,,,,https://www.saintmartindufouilloux49.fr/annuaire/infirmieres/,
11826272404,node,45.5670145,5.9112326,Association pour l'Utilisation du Rein Artificiel dans la région Lyonnaise,clinic,,,,+33479684067,,
11842541292,node,46.7311813,2.6397471,Centre de Santé Médecins Solidaires,clinic,Association Médecins solidaires,,,+33 2 48 60 72 22,https://medecins-solidaires.fr/notre-1er-centre/,Charenton-du-Cher
11848079513,node,43.9924732,4.4251358,Centre dentaire mutualiste,clinic,,,,,,
11869465698,node,44.4117916,0.134105,,hospital,,,,,,
11874951516,node,48.8324022,2.3469092,Centre de soins Vulpian,clinic,,,,,,
11881543043,node,45.6272432,-1.027819,,clinic,,,,,,
11888385235,node,49.0643252,2.094478,Hopital,hospital,,,,,,Pontoise
11890750282,node,48.9939671,2.4512396,Hopital de Gonesse,hospital,,,,,,Gonesse
11890761544,node,49.144795,2.2909344,Hopital de Beaumont-sur-Oise,hospital,,,,,,Beaumont-sur-Oise
11890798271,node,48.9805923,2.3781618,Clinique HPNP,hospital,,,,,,Sarcelles
11891785536,node,45.774419,4.826387,Cabinet infirmier côté sud,clinic,,,,,,
11894823075,node,43.4539888,4.4339157,Pôle santé,clinic,,,,,,
11897490846,node,49.1791474,-0.3601112,Centre Médical Ramsay Santé,clinic,,,,+33214004265,https://centremedical.ramsaysante.fr/centre/centre-medical-caen,
11903256267,node,47.8425162,-0.3153483,Clinique FSEF,hospital,,,,,https://www.fsef.net/etablissements/clinique-fsef-sable-sur-sarthe/,Sablé-sur-Sarthe
11925752810,node,47.8813296,1.8693884,Pôle Santé,clinic,Ville de Saint-Pryvé-Saint-Mesmin,,,,https://www.saint-hilaire-saint-mesmin.fr/vivre-a-saint-hilaire/pole-sante/,Saint-Pryvé-Saint-Mesmin
11926421037,node,48.8820761,2.3018589,,clinic,,,,,,
11934790659,node,48.9066908,2.0329151,Maison de Famille Château de Chambourcy,hospital,,,,,,
11936411610,node,50.5171165,3.1315628,,clinic,,,,+33362288000,,
11936650097,node,46.1391054,5.9040307,Maison de Santé du Fort,hospital,,,,,,Collonges
11940607373,node,43.3051611,-0.3366277,Hopital de jour en addictologie,clinic,,,,,,
11940607374,node,43.3050899,-0.3368257,Centre de jour Camille Claudel,clinic,,,,,,
11940607379,node,43.3042534,-0.3348815,Les Epinoches,clinic,,,,,,
11940607380,node,43.304055,-0.334812,Les Mesanges,clinic,,,,,,
11940607381,node,43.3040438,-0.3346346,Les Colibris,clinic,,,,,,
11940607384,node,43.3040773,-0.3343927,Les Voiliers,clinic,,,,,,
11940607385,node,43.3041954,-0.3342478,Les Lucioles,clinic,,,,,,
11940607386,node,43.3043782,-0.3343347,La Canopée,clinic,,,,,,
11940607390,node,43.3030517,-0.3353221,U.S.I.P,clinic,,,,,,
11944026809,node,49.1831062,-0.3603532,Centre de Santé Caen,clinic,,,,+33 2 61 79 55 55,,
11944728104,node,48.8128473,2.5062667,Centre ophtalmologique de Champigny,clinic,,,,,,Champigny-Sur-Marne
11949796939,node,48.8659149,2.2837167,,clinic,,,,,,
11960743969,node,44.8684726,-0.6629844,,clinic,,,,+33 5 56 95 22 79,,
11961336512,node,48.5706831,-4.3191767,Centre hospitalier de Lesneven,hospital,,,,,https://www.hopital-lesneven.fr/,
11964403457,node,43.5698887,7.004999,Centre de soins Hippocrate,clinic,,,,,,
11977613977,node,48.6138843,7.7126989,Cmsi,clinic,,,,+33 3 92 10 08 93,https://cmsifrance.fr/nos-centres/cmsi-strasbourg/,
11977964958,node,48.5443261,-2.209195,,clinic,,,,,,
11994517063,node,43.7163442,7.2748659,Clinique Villa la Tour,clinic,,,,,,
12005784790,node,45.7500211,4.7822083,Centre Médical de la Garenne,clinic,,,,,,
12017209367,node,48.8300624,2.3459727,Centre médical Hahnemann,clinic,,,,,https://www.cm-hahnemann.fr/,
12020696462,node,48.7583833,2.3964265,Centre de santé - ATHST,clinic,Association thiaisienne de santé pour tous,,,+33 1 48 53 02 12,,
12022672971,node,48.6718249,7.7174912,Clinique Vétérinaire du Matterberg,clinic,,,,,,
12031082669,node,45.64832,0.1666798,CSAPA Agora Angoulême,clinic,,,,+33545959700,,
12040594601,node,48.7755112,2.3611851,,clinic,,,,,,
12041157636,node,45.7474123,4.790668,Orthopédie Charcot,clinic,,,,,,
12043096544,node,48.865651,2.3524923,Clinique des Champs Elysées,clinic,,,,,,
12047328920,node,48.174725,6.4297931,Orthoptiste,hospital,,,,+33 3 72 54 06 05,,Chantraine
12055224829,node,43.5089391,1.3896336,,clinic,,,,,,Pinsaguel
12063252879,node,47.1967457,-1.5364233,ECHO UDM Montfort,clinic,Association ECHO,,,+33 2 40 32 88 76,https://echo-dialyse.fr/,Nantes
12063252880,node,47.1944069,-1.5490697,CA Confluent,clinic,Association ECHO,,,+33 2 72 20 50 70,https://echo-dialyse.fr/,Nantes
12068103305,node,49.2544438,4.0248173,Centre d'Imagerie Médicale PRIM Buirette,clinic,,,,,https://www.prim-radiologie.fr/centre-dimagerie-buirette/,Reims
12070040207,node,43.9420863,4.803424,Centre médical SNCF,clinic,,,,,,
12073091076,node,45.6453024,0.1888374,Centre Municipal de Santé,clinic,,,,,,
12073121259,node,43.6305866,3.8510675,Maison Médicale de Garde,clinic,,,,,,
12075201423,node,43.4353794,6.7558634,Elsan Clinique les Lauriers,hospital,Elsan,,,,https://www.elsan.care/fr/clinique-les-lauriers,
12075249117,node,46.5152986,-1.7492194,CA ECHO Les Sables D'Olonne,clinic,Association ECHO,,,+33 2 51 21 78 00,https://echo-dialyse.fr/,Les Sables-d'Olonnes
12078084230,node,49.1096558,6.1250185,,clinic,,,,,,
12083301447,node,43.6169488,5.3080962,Pôle Santé de Saint-Cannat,clinic,,,,,,
12084454256,node,47.1967259,-1.5359585,ECHO UAD Monfort,clinic,Association ECHO,,,+33 2 40 32 85 11,https://echo-dialyse.fr/,Nantes
12089203863,node,43.6527538,3.9741544,Pôle Santé Pompidou,clinic,,,,+33 7 52 03 40 82,,Vendargues
12099300018,node,48.5608316,-4.3394611,Hôpital de jour,hospital,Centre hospitalier des pays de Morlaix,,,+33298210443,https://www.ch-morlaix.fr/hopital-de-jour-pour-enfants-grain-de-sable,
12102793754,node,44.5698865,4.4591291,Pole Santé,clinic,,,,,,
12106942690,node,42.9829394,2.0066006,Cabinet d'infirmières,clinic,,,,,,Chalabre
12112784165,node,48.5613887,-4.3399968,AUB Santé - Maladies Rénales Chroniques,clinic,Fondation AUB Santé,,,+33 2 98 81 03 64,https://www.aub-sante.fr/unites-de-soin/dialyse-le-folgoet/,
12112831157,node,43.4519102,5.4694163,CMP Paul Gauguin,clinic,,,,,,
12115527502,node,50.4113497,1.5630075,Fondation Jacques Calve,hospital,,,,,,
12115943698,node,48.079477,7.3796084,Centre Médico-Sportif Centre Alsace,clinic,,,,+33 3 89 20 63 15,https://cmsca.fr/,Colmar
12115995302,node,48.0794821,7.3798906,Laserostop - Centre de sevrage laser,clinic,,,,+33 6 77 55 44 45,https://www.laserostop.com/lp_centre/centre-laser-anti-tabac-colmar/,Colmar
12116039540,node,-14.9472593,-147.6860317,Centre Medical Avatoru,hospital,,,,,,
12122321745,node,4.9343995,-52.3075687,Centre Les Coulicous - Unité de Dialyse Médicalisée,clinic,Rainbow Guyane,,,+594 594 28 21 13,https://rainbow-sante.com/hospitalisation-a-domicile-enfants-adolescents/,Cayenne
12123234240,node,48.0206383,0.1681906,Echo autodialyse,clinic,,,,+33 2 43 47 30 68,,Le Mans
12141649861,node,48.9670212,2.1943435,,clinic,,,,,,
12147418400,node,43.2922598,0.5040328,Cabinet de soins infirmiers,clinic,,,,,,
12148165612,node,48.8983922,7.9119663,Association Medicale S.c.m,clinic,,,,,,
12149310145,node,50.6185645,3.1425371,Service de prévention santé,clinic,,,,,,
12155140602,node,45.7509943,4.8445191,Infirmiers,clinic,,,,,,
12155463501,node,45.77878,4.874561,ISOstéo Lyon - Clinique Ostéopathique Lyon Est,clinic,,,,,https://www.isosteo.fr/rdv-doua,
12155492501,node,45.747076,4.8392222,ISOstéo Lyon - Clinique Ostéopathique Lyon Centre,clinic,,,,,https://www.isosteo.fr/rdv-lyon7,
12158488322,node,46.2994656,-0.4317532,Cabinet d'infirmiers du Petit Fief,clinic,,,,,,
12161607414,node,45.7484869,4.8434635,Cabinet d'infirmières,clinic,,,,,,
12161625370,node,45.7486697,4.8425689,Maison de Santé Macé Université,clinic,,,,,,
12162627497,node,48.914241,2.3803902,,clinic,,,,,,
12175120904,node,45.0918284,6.073098,Maison Médicale,hospital,,,,,,
12180517000,node,48.4386738,-4.4136415,Centre Médical 7/7 de Guipavas,clinic,,,,+33 2 19 00 35 60,https://www.permanences.fr/,Guipavas
12182713801,node,43.590201,1.4165316,Centre Médical Arènes-Saint-Simon,clinic,,,,,https://www.doctolib.fr/medecin-generaliste/toulouse/hakim-giesen,
12184050303,node,49.6112442,1.5430338,Centre Medico Psychologique des Sources,hospital,,,,+33 2 35 09 33 80,,Forges-les-Eaux
12187580505,node,47.9154473,2.1026897,Cabinet médical de Donnery,clinic,Cabinet médical,,,,,Donnery
12189673270,node,48.7081056,2.4149257,Maison de santé Lakota,clinic,,,,+33169031341,,Vigneux-sur-Seine
12190241453,node,45.1913606,5.7322888,Bayard soins infirmiers,clinic,,,,+33476542401,,
12192609916,node,48.4571786,-5.0963314,Cabinet médical,hospital,,,,+33 2 98 48 83 22,https://www.cabinetmedicalouessant.fr/,Ouessant
12192611550,node,48.8351922,2.3591264,Cabinet de soins infirmiers,clinic,,,,,,
12194534649,node,50.4183374,2.9517632,L'Escale,hospital,,,,+33321764700,,
12196651201,node,48.9351809,2.4705644,Centre dentaire du Blanc-Mesnil - So Clinic,clinic,,,,+33 1 85 10 52 62,https://www.doctolib.fr/centre-dentaire/le-blanc-mesnil/centre-dentaire-du-blanc-mesnil-so-clinic,Le Blanc-Mesnil
12196752342,node,48.8607958,2.2790615,Centre Cortambert,clinic,,,,,,
12196752348,node,48.8599932,2.2780798,Chirurgie du Sport,clinic,,,,,,
12198581893,node,48.8301458,2.3102741,Institut de la Vue Paris Saint-Joseph,hospital,,,,,,
12202383031,node,48.8321301,2.3607869,MSP Vincent Auriol,clinic,,,,,,
12206367772,node,43.1310467,5.9373901,Centre de soins Le Galien,clinic,,,,,,Toulon
12211165579,node,45.7697063,3.1959301,Cabinet Infirmier,clinic,,,,,,
12219352655,node,48.8747957,2.3206264,Centre Medico-dentaire Pépinière,clinic,,,,,,
12238577062,node,43.6389881,6.8761994,Pôle Santé Le Candéau,clinic,,,,,,
12238800016,node,49.1103209,6.1729961,Centre Santé Plus,clinic,,no,,+33 3 72 51 30 30,https://www.sante-plus.com/grand-est/metz/,
12246667163,node,43.2582538,5.3946691,Medsoins,clinic,,,,+33 4 88 60 17 46,,Marseille
12254821478,node,46.8292125,0.5556934,Aura Poitou Charentes,clinic,ASS UTILIS REIN ARTIFICIEL POITOU-CHTES (AURA POITOU CHARENTES),,,+33 5 49 02 18 00,https://www.aurapc.asso.fr/vienne,Châtellerault
12257952882,node,45.5265085,4.9179701,,clinic,,,,,,
12259418364,node,48.9367411,2.3707276,,clinic,,,,,,
12260605401,node,44.5863341,-0.0377914,Centre Hospitalier Sud Gironde,hospital,,,,+33524253000,,La Réole
12265968062,node,48.9103027,7.8471499,Maison De Santé,clinic,,,,,,
12272845413,node,48.8499665,2.3172695,Centre d'imagerie médicale Oudinot,clinic,,,,,,
12282272840,node,43.2823359,5.3792446,Institut Méditerranéen Oeil et Paupière,clinic,Clinique Bouchard,,,+33 4 12 04 30 40,https://imop-marseille.fr/,
12285656229,node,43.675544,4.6195707,Centre Médico-psycho-pédagogique,clinic,,,,+33 4 90 93 03 09,,
12297038531,node,49.1810897,-0.3962983,Centre médical de Beaulieu,clinic,,,,,,
12305017538,node,47.905147,1.9042737,Anna-Gwen Tireau,clinic,,,,,,Orléans
12309522014,node,47.9029053,1.9055309,Marie Claude Janvier,clinic,,,,,,Orléans
12309537360,node,47.9029158,1.9055271,Karine Adam,clinic,,,,,,Orléans
12311730564,node,47.9022022,1.9050573,Anne Cécile Kopp,clinic,,,,,,Orléans
12312477995,node,45.7778662,4.8359049,Centre Médical et Esthétique des Canuts,clinic,Centre Médical Croix Rousse,,,+33 4 78 08 93 63,https://centremedicalcroixrousse.fr/,Lyon
12314443974,node,48.8499957,2.4293515,Centre Médical Des 2 Communes,clinic,,,,+33 1 88 59 09 00,,
12323540917,node,45.2070137,5.7447116,Cabinet infirmier,clinic,,,,+33476423068,,La Tronche
12324046225,node,46.5915246,1.8107205,Maison Médicale,clinic,,,,,,
12327787895,node,43.2974383,-0.3724029,Foyer Bernadotte,hospital,Centre Hospitalier des Pyrénées-Pau,,,,,
12331070145,node,49.3835593,0.202702,,hospital,,,,+33231490930,,
12338013339,node,45.7706383,4.8664221,Centre paramédical Charpennes Zola,clinic,,,,,,
12339154901,node,48.8633021,2.3857847,Jeen Consult',clinic,,,,,https://www.jeen.care/,
12339455323,node,49.6954189,2.7956537,Hôpital Jules Lescarde,hospital,,,,,,
12350771601,node,48.952431,2.2528726,Centre Médical Pluridisciplinaire Argenteuil (CPMA),clinic,,,,+33 9 83 32 40 62,,Argenteuil
12353842072,node,45.5463903,5.9700716,Pôle Imagerie Nivolet Savoie Les Massettes,clinic,,,,,,
12366242198,node,48.8928909,2.3409349,Cabinet Médecine Générale,clinic,,,,,,
12369820334,node,48.5672324,2.5977961,Cabinet infirmier,hospital,,,,,,
12373438490,node,49.846647,3.2909424,Cabinet de Radiologie,clinic,,,,,,
12381944086,node,46.2225551,0.4899701,La Gandillonnerie,clinic,,,,,,
12391345582,node,50.5967953,3.0749859,,clinic,,,,+33362288000,,
12394731842,node,45.7619161,4.9178302,Procreo La Soie,clinic,,,,+33 4 78 93 89 68,https://www.procreolasoie.com/,
12400623852,node,48.8868892,2.3087837,Centre Pereire,clinic,,,,,,
12409907934,node,49.2882117,1.0171699,Hôpital de jour pour adultes,hospital,,,,+33235774199,,
12409907935,node,49.2875611,1.0171029,Hôpital de jour pour enfants,hospital,,,,+33235771741,,
12409989612,node,48.8583011,2.2845854,Centre Passy,clinic,,,,,,
12415971480,node,44.5752689,2.0782544,Maison de santé communale Madeleine BRÈS,clinic,,,,,,
12416002320,node,50.7637872,3.0042317,Le Cèdre vert,hospital,,,,+33320394099,,
12416635752,node,44.5581762,4.7462292,"Julia Chabrol, infirmière D.E.",clinic,,,,,,Montélimar
12416727440,node,44.5581751,4.7461676,"Samantha Dubos, infirmière D.E.",clinic,,,,,,
12417464073,node,43.3603644,-0.583467,Cabinet Infirmiers,clinic,,,,,,
12427565628,node,47.6852903,6.9541157,Maison pluridisciplinaire de santé,clinic,,,,,,
12427600217,node,43.8164823,4.3548857,Urgences de la Polyclinique Grand Sud,clinic,,,,+33 4 66 04 31 46,https://www.elsan.care/fr/polyclinique-grand-sud/parcours-urgences,
12438833412,node,44.5765509,2.0775862,Les blouses blanches. Scp infirmières à domicile,clinic,,,,,,
12441622584,node,48.782311,2.0433458,Vita Nova,clinic,,,,,,
12451039184,node,50.3058655,2.7242672,Centre de Médecine du Sport,clinic,IMAO,,,+33 3 74 78 00 18,https://imao.fr/imao-duisans-centre-de-medecine-du-sport-ouverture-avril-2022/,
12451455841,node,50.710469,3.1470105,Unité de dialyse de Tourcoing,clinic,,,,+33362288000,,
12453150838,node,50.6864635,3.1708393,Centre psychothérapeutique de jour pour jeunes enfants L'Arc-en-ciel,hospital,,,,+33320206191,,
12456031062,node,50.6974796,3.175806,Clinique du Nouveau Monde,hospital,,,,+33320286420,,
12458604538,node,50.7437128,3.1823921,USLD Malatray,hospital,,,,+33320694468,,
12458604549,node,50.7439682,3.1834686,Unité de dialyse Santélys,clinic,,,,+33320288421,,
12459077508,node,44.5780407,2.0720164,Allo infirmière,clinic,,,,,,
12459259861,node,50.2953343,2.7574428,centre de balnéothérapie,clinic,,,,+33361339010,,
12470858224,node,43.7128928,7.2825154,SOS Médecins,clinic,,,,+33 4 93 85 01 01,,Nice
12478681249,node,47.6961498,-2.8983117,Cabinet infirmier,clinic,,,,,,
12480444568,node,48.8039432,2.1555459,Cabinet du siècle,clinic,,,,,,
12484353548,node,47.6746621,-2.5727421,Maison médicale,clinic,,,,,,
12484877513,node,48.7410345,7.3632696,La maison médicale du Poisson,clinic,,,,,,
12496283155,node,43.4541669,5.4692386,,clinic,,,,+33 7 49 02 98 56,,Gardanne
12496284787,node,45.3867605,5.7401813,USLD La Matinière,hospital,,,76,,https://www.ch-stlaurent.com/personnes-agees/,Saint-Laurent-du-Pont
12497839798,node,48.8039214,2.1555814,Cabinet Archimède,clinic,,,,,,
12504896517,node,49.0841146,3.5291532,Maison de santé pluridisciplinaire,clinic,,,,,,
12505011101,node,45.6893286,4.8629329,IEAJA Lyon,clinic,,,,+33 4 72 20 18 00,https://ieaja-lyon.fr/,
12506433592,node,45.3649007,5.595717,Podologue kiné,clinic,,,,,,
12506483415,node,45.3649376,5.5961225,Cabinet infirmier AB Soins,clinic,,,,,,
12509287909,node,43.9643756,4.2169218,Cabinet médical,hospital,,,,,,
12509321529,node,43.9660764,4.2138898,Cabinet médical,hospital,,,,,,
12512099742,node,45.6752751,-0.9215587,Villa du Parc,clinic,,,,,,
12513893613,node,50.6381549,2.2568523,Maison de Santé Pluridisciplinaire,clinic,,,,+33321955497,https://finess.esante.gouv.fr/fininter/jsp/actionDetailEtablissement.do?noFiness=620032763,
12514888841,node,43.4544459,5.4681387,Centre Medical Carnot Gueydan,clinic,,,,,,Gardanne
12520187880,node,47.9926383,2.7323804,ASM,clinic,,,,,,Montargis
12520742994,node,45.1453184,5.7066865,Hôpital de Jour Adultes Cassiopée,hospital,,,,,,Échirolles
12531552328,node,47.90748,1.9637034,Cecilia FLOUR,clinic,,,,+33238830315,,Saint-Jean-de-Braye
12531552329,node,47.9074517,1.9637048,Marie Claire CHOLLET,clinic,,,,+33238830315,,Saint-Jean-de-Braye
12531717940,node,47.8931783,2.0218721,Cabinet Médical,clinic,,,,,,Chécy
12531805205,node,47.8943097,1.914644,Cabinet Médical,clinic,,,,,,Orléans
12531947877,node,47.9009984,1.9002899,Cabinet Médical,clinic,,,,,,Orléans
12531962453,node,48.5783745,7.7711596,Centre de Neuro-Psychiatrie de l'Esplanade,clinic,,,,,,
12532274630,node,48.8712394,2.307463,Crntre Échographie Et Doppler,clinic,,,,,,
12536235501,node,45.9335465,6.1169764,Unité de Santé Affective et Sexuelle,hospital,,,,+33 4 50 63 63 71,,
12550960772,node,44.9160557,1.8405224,Centre de Soins de Suite et de Réadaptation Notre Dame – Bretenoux,hospital,Institut Camille Miret,,,+33 5 65 10 30 00,https://www.institut-camille-miret.fr/store/centre-de-soins-de-suite-et-de-readaptation-notre-dame-bretenoux/,
12553497774,node,47.9063077,1.9044196,OPCO Santé,clinic,,,,+332 38 42 08 44,https://www.opco-sante.fr,Orléans
12556765650,node,47.9079515,1.9008253,Apik cloud,clinic,,,,+332 57 62 02 56,https://www.apik.cloud/,Orléans
12558448168,node,47.9079402,1.9008198,CORPS,clinic,,,,,,Orléans
12561788466,node,44.1545392,4.6196704,Cabinet Psychologique,hospital,,,,,,Bagnols sur Cèze
12563332183,node,49.1752125,-0.3226106,,clinic,,,,,,
12564906826,node,43.4770359,-1.4555245,Loratzea,hospital,,,,,,Saint-Pierre-d'Irube
12573525710,node,50.6649798,3.0812341,Hôpital de jour Cap Chabé,clinic,,,,+33320121680,,
12574449397,node,50.643351,3.1037742,Unité de dialyse,clinic,,,,+33362288000,,
12578505366,node,45.2880859,3.3881493,Centre Médical Astarte,clinic,,,,,,
12578613966,node,45.3032752,3.3799296,Cabinet Médical,clinic,,,,,,
12581878163,node,48.8799773,2.5864704,SOS Médecin,hospital,,yes,,,,
12582291285,node,50.64659,3.0825044,Bâtiment Vendôme,clinic,,,,+33662288000,,
12582567925,node,46.8525584,5.9344053,Cabinet infirmier,clinic,Colette BAILLY – Anne COMTE – Elsa JOURNOT,,,+33 3 84 51 47 06,,Andelot-en-Montagne
12592465678,node,43.5614712,1.5290407,Centre Médical La Clairière,clinic,,,,+33 562243400,,Saint-Orens de Gameville
12598596930,node,43.4539127,5.452325,Pôle Santé et Sport,clinic,,,,,,
12598596934,node,43.4537598,5.4529673,GMedic,clinic,,,,+33 4 42 50 60 15,http://www.gmedic.fr/,Gardanne
12600800068,node,45.5451964,3.2423256,Pôle Paramédical,clinic,,,,,,
12601709627,node,47.9770034,-4.0830195,Centre Ophtalmologique,clinic,,,,,,
12603927991,node,48.8835533,2.385058,Imagerie médicale Manin-Crimée,clinic,,,,,,Paris
12606589456,node,45.7462346,-0.6555984,Centre hospitalier de Saintonge,hospital,,yes,,,,Saintes
12608592408,node,43.3519802,5.4395266,Cabinet Paramédical,clinic,,,,,,
12608592414,node,43.3416236,5.4197826,Centre Médical Carre,clinic,,,,,,
12609767662,node,49.1141804,6.1539788,JFG CLINIC - La Clinique De La Beauté,clinic,,,,,https://jfg-clinic.com,
12613140773,node,47.2027343,-1.5775621,,clinic,,,,,,
12613261708,node,47.2046725,-1.583905,Maison de Santé,clinic,,,,,,
12615418732,node,44.3835061,4.9912057,Centre médico-psychologique Valréas,hospital,,,,+33490038979,,
12619039245,node,44.1051176,1.0841482,Cabinet Infirmier Loridan / Vignolo,clinic,,,,,,Moissac
12620723916,node,48.3848818,-4.4889029,Cabinet Infirmière & dermatologue,clinic,,,,,,
12620989901,node,49.1330975,6.1546424,Centre Médico Psychologique Devant les Ponts pour Enfants et Adolescents,clinic,,,,,,
12621384669,node,47.2424339,6.0223078,USLD Bellevaux,hospital,,,,+33 3 81 61 42 00,https://etablissements.fhf.fr/annuaire/establishment/structure560-establishment10926,Besançon
12623536701,node,43.7557798,5.8954994,Clinique Le Verdon,clinic,Inicea,,,,https://www.inicea.fr/smr/clinique-le-verdon-alpes-de-haute-provence-04800,
12623559801,node,43.1590979,2.966774,Clinique les 4 Fontaines,clinic,Inicea,,,,,
12623570201,node,43.4211547,5.0381161,Clinique Cap Ferrières,clinic,Inicea,,,,https://www.inicea.fr/smr/clinique-cap-ferrieres-bouches-du-Rhone-13500,
12625165301,node,43.5373461,5.0353619,Maison d'Accueil Spécialisée Les Alcides | Inicea,clinic,,,,,https://www.inicea.fr/smr/maison-d-accueil-specialisee-les-alcides-bouches-du-rhone-13250,
12625191901,node,43.7984389,4.834355,Clinique Glanum,clinic,Inicea,,,,https://www.inicea.fr/smr/clinique-glanum-bouches-du-rhone-13210,
12625193101,node,43.3815163,5.5980274,Clinique Les Trois Tours,clinic,Inicea,,,,https://www.inicea.fr/smr/clinique-les-trois-tours-bouches-du-rhone-13112,
12625194401,node,43.3921105,5.5824498,Clinique Valdonne,clinic,Inicea,,,,https://www.inicea.fr/smr/clinique-valdonne-bouches-du-rhone-13124,
12625194402,node,43.6615424,5.4388578,Clinique Les Oliviers,clinic,Inicea,,,,https://www.inicea.fr/smr/clinique-oliviers-bouches-du-rhone-13610,
12625248501,node,49.2850913,-0.2514552,Clinique Thalatta | Inicea,clinic,,,,,https://www.inicea.fr/smr/clinique-thalatta-ouistreham-14150,
12625257301,node,49.1479083,-0.357787,Clinique Côte Normande | Inicea,clinic,,,,,https://www.inicea.fr/smr/clinique-cote-normande-ifs-14123,
12625257401,node,45.2809585,2.6684626,Clinique du Souffle Les Clarines,clinic,Inicea,,,,https://www.inicea.fr/smr/clinique-souffle-les-clarines-cantal-15400,
12625263203,node,45.6882654,-0.1792235,Clinique Villa Bleue,clinic,Inicea,,,,https://www.inicea.fr/sante-mentale/clinique-villa-bleue-haut-rhin-16200,
12625348939,node,48.4144603,-4.4918237,Archipel Santé,clinic,,,,,,Brest
12625788538,node,50.3330958,3.3906425,Unité d'hospitalisation à domicile,clinic,Centre hospitalier de Denain,,,,,
12628200173,node,43.5798912,7.1191438,Physio Consult,clinic,,,,+33 4 92 96 93 77,,
12628559268,node,49.0214511,2.1446391,Centre médical et Centre dentaire de Pierrelaye,clinic,,,,,,
12630550835,node,47.1861255,-1.5145128,Centre médio-psychologique La Noé de l'Épinette,clinic,,,,,,
12633577697,node,47.2343436,-1.5591858,Aubertin Academy,clinic,,,,,,
12638761401,node,45.6896626,-0.1790751,Clinique Le Mas Blanc,clinic,Inicea,,,,https://www.inicea.fr/smr/clinique-le-mas-blanc-charente-16200,
12640350801,node,48.4843029,-2.6834129,Clinique du Val Josselin,clinic,Inicea,,,,https://www.inicea.fr/sante-mentale/clinique-du-val-josselin-yffiniac-22120,
12640457602,node,47.4168517,0.6544006,Pôle de Santé Mentale La Confluence,clinic,Inicea,,,,https://www.inicea.fr/sante-mentale/pole-de-sante-mentale-la-confluence-saint-cyr-sur-loire-37540,
12640538901,node,43.6280973,-1.3731267,Centre Ambulatoire Bénesse-Maremne | Inicea,clinic,,,,,https://www.inicea.fr/sante-mentale/centre-ambulatoire-benesse-maremne-landes-40230,Bénesse-Maremne
12641076679,node,43.2698703,5.3906175,Cap Clinic,clinic,,,,+33 4 84 89 46 50,https://www.capclinic.fr/marseille+13008+prado-y2,
12641087774,node,48.8844227,2.3835441,Centre Médico Psychologique,clinic,,,,,,
12643060001,node,45.0526913,3.8801848,Clinique du Velay,clinic,Inicea,,,,https://www.inicea.fr/smr/clinique-du-velay-haute-loire-43000,
12643097401,node,43.2533354,-0.3922287,Clinique de L'Ossau,clinic,Inicea,,,,https://www.inicea.fr/sante-mentale/clinique-l-ossau-pyrenees-atlantiques-64290,
12643372001,node,45.761413,4.849383,Clinique Bellecombe,clinic,Inicea,,,,https://www.inicea.fr/smr/clinique-bellecombe-rhone-69003,
12643399101,node,46.3525171,4.7946381,Clinique Le Tinailler,clinic,Inicea,,,,https://www.inicea.fr/smr/clinique-le-tinailler-saone-et-loire-71870,
12643408801,node,46.4839959,5.2448752,Clinique La Bressane | Inicea,clinic,,,,,https://www.inicea.fr/smr/clinique-la-bressane-saone-et-loire-71480,
12643463901,node,48.4797853,2.7083295,Clinique du Pays de Seine,clinic,Inicea,,,,https://www.inicea.fr/sante-mentale/clinique-du-pays-de-seine-bois-le-roi-77590,
12643481001,node,43.1437598,6.0774832,Clinique Val du Fenouillet,clinic,Inicea,,,,https://www.inicea.fr/sante-mentale/clinique-val-du-fenouillet-var-83260,
12643495301,node,46.1500851,0.3041188,Clinique L'Orégon,clinic,Inicea,,,,https://www.inicea.fr/smr/clinique-l-oregon-vienne-86400,
12643511002,node,48.2160968,3.2716257,Clinique Sainte Colombe | Inicea,clinic,,,,,,
12643516001,node,48.6923105,2.3704704,Clinique L'observatoire,clinic,Inicea,,,,https://www.inicea.fr/smr/clinique-l-observatoire-juvisy-orge-91260,
12643526901,node,48.9137219,2.5243765,Clinique de Gargan,clinic,Inicea,,,,https://www.inicea.fr/smr/clinique-gargan-seine-saint-denis-93190,
12643527701,node,48.9137908,2.5245862,Centre ambulatoire de Livry-Gargan | Inicea,clinic,,,,,https://www.inicea.fr/sante-mentale/centre-ambulatoire-livry-gargan-seine-saint-denis-93130,
12643527702,node,48.8519195,2.5124083,Clinique du Perreux,clinic,Inicea,,,,https://www.inicea.fr/smr/clinique-le-perreux-sur-marne-val-de-marne-94170,
12643536601,node,48.9278313,2.2287409,Clinique Quai de Bezons | Inicea,clinic,,,,,https://www.inicea.fr/smr/clinique-quai-de-bezons-val-doise-95870,
12670334725,node,43.3512963,3.2316822,Fanny Busque Chiropracteur,hospital,Fanny Busque,,,,,Béziers
12682341889,node,48.9958937,2.4142527,Kepler Médical,clinic,,,,,,Villiers-le-Bel
12693045761,node,48.8740561,2.3193915,EllaSanté,clinic,,,,,https://ellasante.paris/,
12695378174,node,48.8835151,2.3815488,"Institut de neuropsychologie, neurovision et neurocognition",clinic,Hôpital Fondation Adolphe de Rothschild,,,,,
12696907838,node,48.3921715,-4.4817425,Santé +,clinic,,,,+332 22 90 00 00,https://www.sante-plus.com/bretagne/brest/,Brest
12702587001,node,45.4538736,6.9720258,Médival,clinic,,,,+33 4 79 40 26 80,,
12707677332,node,48.8185886,2.2597413,Centre de santé des Épinettes,hospital,Mairie d'Issy/Hôpital suisse,no,,+33 1 41 23 92 46,,Issy-les-Moulineaux
12723423032,node,48.1285264,-4.22232,Maison de Santé du Porzay,clinic,,,,+33 2 29 20 21 00,,
12743990524,node,45.2418875,4.6658992,Hopital,hospital,,,,,,Annonay
12754564011,node,44.6137423,-1.1136231,Centre hospitalier d'Arcachon,clinic,,,,,,La Teste-de-Buch
12760353307,node,48.996057,2.417945,Clinique radiologique du Val d'Oise,clinic,,,,,,
12761645039,node,49.1844165,-0.3601333,Cabinet infirmier du Vaugueux,clinic,,,,+33 6 42 37 82 25,,
12768137444,node,48.9027622,2.1551695,Médicalipolis,clinic,,,,,https://medicalopolis.wixsite.com/medicalopolis,
12770930425,node,48.1097721,-1.668439,,clinic,,,,,,
12771030675,node,43.5273457,5.452689,Centre Medical de la Fontaine d'Argent,clinic,,,,,,
12776756238,node,49.1151789,6.1739022,Maison Médicale Robert Schuman,clinic,,,,,,
12787050311,node,48.8565318,2.3759039,CMP Adolescents La Roquette,clinic,,,,,https://www.hpevm.fr/CAP-Bastille/5/138/89,
12787050334,node,48.8563228,2.3761402,CAP Bastille,clinic,,,,,https://www.hpevm.fr/CAP-Bastille/5/138/89,
12794268341,node,43.912957,2.2133617,Cabinet infirmiers,clinic,,,,,,
12801855823,node,48.6886075,6.1735382,CLV,clinic,,,,,,
12805946238,node,43.6803534,7.2267966,Centre Médical et Dentaire MGEN de Nice,clinic,MGEN,,,+33 4 93 82 63 00,https://www.mgen.fr/cmdnice,Nice
12813534010,node,44.9198353,6.6192891,Pavillon Chantoiseau,clinic,,,,,,
12817841627,node,-17.7263111,-149.3116068,Bureau de médecins,hospital,Dr.VIGUIER;Dr.LAFITTE;Dr.LOQUET,,,,,
12818019360,node,48.914596,-1.5385958,Centre hospitalier de l’estran,hospital,,,,,https://www.ch-estran.fr/,
12829755214,node,43.7160737,4.3231297,,hospital,,,,,,
12839862062,node,48.2408706,-3.2513395,Service Henri Garnier,hospital,,no,,+33 2 96 57 12 31,https://www.ahbretagne.com/usagers-proches/soins-et-hospitalisations/geriatrie/medecine/,Plouguernével
12846741384,node,49.420801,1.073205,Cabinet paramédical du Jardin des Plantes,hospital,,,,+33 2 35 72 55 19,https://www.niromathe.com/,Rouen
12850586888,node,49.1732845,-0.3256285,Centre municipal de prévention et de santé,clinic,,,,,,
12854817201,node,48.5845221,7.7051635,Centre SAMU/SMUR et CESU 67,hospital,,,,,https://formation.chru-strasbourg.fr/les-formations-aux-gestes-et-soins-durgences-au-cesu-67/,
12860204371,node,49.110495,6.1880508,Cabinet Infirmier,clinic,,,,,,
12878564939,node,48.2438976,-3.8187095,Maison de santé,hospital,,,,,,Plonévez-du-Faou
12878847566,node,44.1956993,0.6245746,RESEDA,clinic,,,,,,Agen
12880768820,node,47.2450972,-1.5634132,PM2S - Pavillion Mouvement Sport et Santé,clinic,,,,+33 2 40 89 57 50,https://pm2s-nantes.fr/,Nantes
12886378394,node,44.102849,3.0752222,Soins Médicaux et de réadaptation,hospital,,,,,,
12886378395,node,44.1028201,3.0755138,Unité de Soins de Longue Durée,hospital,,,,,,
12901421351,node,48.6297934,7.753868,,hospital,Kinesitérapeuthe,,,,,
12902535817,node,43.8083607,4.6388047,,hospital,,,,+33466026333,,
12915120654,node,48.3876788,-4.4885402,Centre de Palper-rouler Manuel,clinic,,,,+33658992985,https://www.facebook.com/profile.php?id=100063533954665,Brest
12926417565,node,48.2972313,4.0691337,Thera'happy,clinic,,,,,,
12951531972,node,49.4951278,1.9998089,pole médical,hospital,,,,,,
12977082502,node,50.4502801,3.5924685,Hôpital de jour,clinic,Centre hospitalier de Valenciennes,,,+33327090270,,
12978210693,node,48.8427615,2.4010722,Centre médico-social Elio Habib,clinic,,,,,,
12989241302,node,43.591717,1.4449435,Cabinet paramédical,clinic,,,,,,
12992013189,node,48.8397475,2.5935384,Cap Horn Santé,clinic,Cap Horn Santé,,,+33 1 84 74 74 29,,Champs-sur-Marne
12992822348,node,44.1160052,4.9002425,,clinic,,,,,,
12995862700,node,47.3398186,1.1736257,Centre Médico-Psychologique,clinic,Centre Hospitalier Romoranthin-Lanthenay,,,,https://www.ch-romorantin.fr/offre-de-soins/pole-sante-mentale/sante-mentale-adulte/le-centre-medico-psychologique-adulte/,
13003709652,node,50.3639429,3.5228646,Centre de jour Froissart,hospital,,,,+33327140783,,
13006238931,node,43.6012078,3.8520759,BournonVille - Deneau - Burel - Falcon,clinic,,,,,,
13008573998,node,48.8919354,2.3796884,Clinique du Musicien et de la Performance Musicale,clinic,,,,+33 1 40 35 29 37,https://cliniquedumusicien.com/,
13008723512,node,48.4957811,-2.7450507,CMP Saint-Brieuc Maria Estrella,hospital,Fondation Saint Jean de Dieu,,,,,Saint-Brieuc
13008723513,node,48.4959853,-2.7447549,CMPEA Saint-Brieuc Maria Estrella,hospital,Fondation Saint Jean de Dieu,,,,,Saint-Brieuc
13008723514,node,48.5170325,-2.7690581,CRP Saint-Brieuc - Fondation St Jean de Dieu,hospital,Fondation St Jean de Dieu,,,,,Saint-Brieuc
13008723515,node,48.4706385,-2.516266,CMP Lamballe,hospital,Fondation Saint Jean de Dieu,,,,,Lamballe-Armor
13008723516,node,48.4706191,-2.5162229,CMPEA Lamballe,hospital,Fondation Saint Jean de Dieu,,,,,Lamballe-Armor
13008723518,node,48.4505659,-2.0662958,CMP Dinan,hospital,Fondatin Saint Jean de Dieu,,,,,Dinan
13008723520,node,48.455816,-2.052031,CMPEA Dinan,hospital,Fondation St Jean de Dieu,,,,,Dinan
13008723521,node,48.3188646,-2.2563808,CMPEA Broons,hospital,Fondation St Jean de Dieu,,,,,broons
13008723524,node,48.4462392,-2.0580671,Centre de Réhabilitation Thérapeutique (CRT) Dinan,hospital,Fondation St Jean de Dieu,,,,,Dinan
13008723525,node,48.4474251,-2.0556937,Hôpital de jour Addictologie,hospital,Fondation St Jean de Dieu,,,,,Dinan
13008723526,node,48.4479372,-2.0590436,Centre Hospitalier Dinan / Saint-Brieuc - Fondation St Jean de Dieu,hospital,Fondation Saint Jean de Dieu,,,,,Dinan
13008723527,node,48.4474647,-2.0580205,Unité Paul de Magallon - Fondation St Jean de Dieu,hospital,Fondation St Jean de Dieu,,,,,Dinan
13008723531,node,48.4484157,-2.0599169,Hôpital de jour Jeanne Jugan - Sujet âgé,hospital,Fondation St Jean de Dieu,,,,,Dinan
13013281954,node,43.6087721,1.2865195,Cabinet dentaire,clinic,,,,,,
13013301808,node,43.608758,1.2865919,Centre paramédical Coustayrac,clinic,,,,,,
13018510851,node,50.3463538,3.5663381,Centre d'autodialyse,clinic,,,,+33327443539,,
13019334989,node,45.4320513,6.0251575,Bayard soins infirmiers,clinic,,,,,,
13019430007,node,45.4321863,6.0222579,,clinic,,,,,,
13021450976,node,47.8059484,-3.276697,Centre médical du Puits Ferre,clinic,,,,,,
13021471346,node,47.8047441,-3.2782037,Centre de consultation,clinic,Groupe hospitalier Bretagne Sud Lorient,,,,,
13021722626,node,48.8440134,2.5658689,Cabinet Médical SanaVy Noisy,clinic,,,,,,Noisy-le-Grand
13026871615,node,45.433202,6.0243188,,clinic,,,,,,
13028487861,node,50.3901022,3.5413199,ADH,clinic,,,,+33327257001,,
13031107405,node,50.3924158,3.532918,Centre de jour-CMP-CATTP,hospital,,,,+33327228784,,
13031762684,node,44.5691818,4.7844657,Agduc Montélimar,clinic,,,,+33481828100,,
13032324652,node,44.5570136,4.7321588,Clinique Kennedy,clinic,,,,,,Montélimar
13039175401,node,42.6322768,8.9384094,Protezzione Materna è di a zitellina/ Centru di Salute Sessuale,clinic,,,,,,
13045455748,node,49.8336591,3.908116,Maison de santé - Les Remparts,clinic,,,,,,Vervins
13045916001,node,45.9174904,6.0921235,Pôle de santé des Toriolets,hospital,,,,,,
13046775393,node,46.4034428,0.7261539,Médecine du travail,clinic,,,,,,
13051898513,node,44.8311295,-0.5744048,Pôle Santé Victoire,clinic,,,,,,
13052228417,node,47.3875559,0.6971402,Équipe Mobile Liaison Accompagnement,hospital,,,,+33 2 47 47 71 55,https://www.chu-tours.fr/etre-soigne-et-rendre-visite-a-un-patient/joindre-le-chru/liste-des-services/equipe-mobile-liaison-accompagnement-emla/,
13057325205,node,-17.5339513,-149.5556241,Dispensaire de Papeete,clinic,,,,,,
13066490682,node,46.4599267,-0.9891204,Cabinet des infirmières,clinic,,,,,,
13068310329,node,43.5700624,7.1113187,Podologue,clinic,,,,,,
13078124256,node,43.7752153,6.2119421,Cabinet infirmier,clinic,,,,,,Les Salles-sur-Verdon
13078216906,node,43.6262524,6.2247282,Cabinet infirmier,clinic,Sophie DELME & Stéphanie MAGNE,,,+33 4 94 70 06 07,,
13078216907,node,43.6260064,6.2238179,Cabinet infirmier,clinic,Mylène BAGARRE,,,+33 6 08 30 73 61,,
13078216908,node,43.6261032,6.2246571,Cabinet infirmier,clinic,Muriel BULLEN,,,+33 6 83 46 20 97,,
13078216909,node,43.6258908,6.2238048,Cabinet infirmier,clinic,Eva CANUT,,,+33 6 07 60 97 63,,
13078216910,node,43.6259992,6.2238685,Cabinet infirmier,clinic,Céline GANDRILLE & Alice HAMONEAU,,,+33 6 31 41 83 44,,
13078216911,node,43.6258846,6.2238426,Cabinet infirmier,clinic,Jean-Baptiste KELLY,,,+33 7 83 16 37 76,,
13078216912,node,43.6262133,6.2245897,Cabinet infirmier,clinic,"Aurore MEISSEL, Kévin BOUCHERY & Christelle DUGENETAIS",,,+33 6 22 86 67 00,,
13084051662,node,43.6261428,6.2247825,Cabinet infirmier,clinic,Alexandra POLLY,,,+33 6 14 73 83 81,,
13084696952,node,48.175135,3.1859296,Cabinet d'infirmiers,clinic,Julien Lalotte,,,+33 7 43 15 51 59,,
13085112297,node,44.4900443,6.7183361,,hospital,,,,,,
13086410063,node,48.9007505,2.2567977,Protection Civile Courbevoie / Neuilly-sur-Seine / La Garenne-Colombes,hospital,Protection Civile Paris Seine,no,,,,Courbevoie
13094855452,node,47.4935074,-0.5749255,Maison petit à petit,clinic,,,,,,
13097178365,node,48.5805917,2.2435361,Infirmerie scolaire,clinic,,,,,,
13097900781,node,44.5581499,4.7462313,"Marion Fay, infirmière D.E.",clinic,,,,,,Montélimar
13103645866,node,49.1474546,6.1518332,Infirmières,clinic,,,,,,
13108659844,node,50.1767112,3.219836,Centre d'autodialyse ADH,clinic,,,,+33 3 27 81 06 30,https://www.adh-asso.info/cambrai,
13114079876,node,45.9095017,6.1481359,Centre Médico-Psychologique,clinic,,,,,,
13115246554,node,48.9134832,2.2955362,Radiologie,clinic,Access Radiologie,,,+33 1 88337480,,
13115769570,node,-20.9224684,55.4350963,,clinic,,,,,,
13116208002,node,48.8738428,-0.408341,,clinic,,,,,,
13119524472,node,43.6318778,3.8572758,,clinic,,,,,,
13120721451,node,48.0636641,0.7254735,Maison de Santé Pluriprofessionnelle,clinic,,,,,,Vibraye
13121181301,node,48.1236732,-1.6616748,Centre médico-psychologique pour adulte - CMPA Saint-Exupéry,clinic,,,,+33 2 99 63 54 55,,
13127666487,node,43.4210412,5.0368099,Hôpital du Vallon,hospital,,,,,,Martigues
13128906037,node,46.0045115,4.6940387,,hospital,,,,,,
13144438301,node,43.614258,1.0790191,Audition Lafayette,clinic,,,,,,
13145193498,node,43.590794,1.444382,Centre d’Imagerie de la Femme,clinic,SELAS des radiologues du Parc,,,+33 5 61 36 66 05,https://radiologieduparc.com,Toulouse
13147904528,node,49.1064771,6.1768228,Centre d'exploration et de chirurgie ophtalmique,clinic,,,,+33 3 87 50 73 07,https://www.ceco-metz.com,
13152600598,node,49.1845353,6.8985744,Clinique Ophtalmologique,clinic,,,,,,
13154738111,node,50.2176923,1.6256346,Pôle Santé Baie de Somme,clinic,,,,,,
13160078948,node,43.3539162,-1.7718012,Clinique Concha Berri,hospital,,,,,,
13167660620,node,50.349497,3.6376618,Pôle Médical,clinic,,,,,,
13175427807,node,43.5825922,7.1209039,Marine Médical Antibes,clinic,,,,+33 4 92 93 05 61,,
13179941095,node,45.1820255,0.6108813,,clinic,,,,,,
13181129176,node,43.4749233,-1.2024926,,clinic,,,,,,
13184510924,node,16.2533267,-61.588968,Idéal Santé,clinic,,,,+590 690 73 51 18;+590 690 73 51 19,https://www.doctolib.fr/centre-de-sante/paris/ideal-sante-guadeloupe,
13184635022,node,48.9305264,2.3563289,Espace santé stade de France,clinic,,,,,,
13185866624,node,43.7067841,7.255937,Cabinet infirmier,clinic,,,,,,
13185879134,node,47.2620139,-2.27204,USLD Cassiopée,hospital,Centre Hospitalier de Saint-Nazaire,,,,,Saint-Nazaire
13186747144,node,48.5294944,-4.4525136,Louis Durand,clinic,,,,+33 6 32 59 28 95,,Plouvien
13188404003,node,46.0395183,5.4064646,,clinic,,,,,,
13188588347,node,48.934296,2.3547138,,clinic,,,,,,
13189185006,node,46.3487484,2.2126909,Cabinet Infirmières,clinic,,,,,,Boussac
13193606830,node,46.5801174,1.9861877,,clinic,,,,,,
13200231668,node,46.9020683,5.7789432,Centre Hospitalier Spécialisé du Jura,hospital,,,,,,
13201026203,node,50.4187127,2.8608652,Filieris - Centre de Santé,clinic,,,,,https://www.filieris.fr/trouver-un-etablissement-filieris/filieris-centre-de-sante-de-sallaumines,
13201412669,node,45.7698835,4.8298507,Soins Infirmiers,clinic,,,,,,
13201412670,node,45.7697791,4.8295336,Farandole,clinic,,,,,,
13203793915,node,48.9103168,2.3343895,AURA Paris Saint-Ouen,clinic,,,,,https://auraparis.org/fr/locations/saint-ouen/,
13204342739,node,50.9478828,1.9370196,Opale Santé,clinic,,,,,,
13206752376,node,48.2076399,3.2945212,Radiologie-Scanner-IRM,clinic,Elsan,,,,,Sens
13227927390,node,46.7218758,2.5070062,Cabinet Infirmier,clinic,,,,+33 2 48 96 09 76,,Saint-Amand-Montrond
13229888794,node,45.1721034,0.5765112,Maison de Soins de Lalande,clinic,,,,,,
13235824444,node,49.2319235,-0.0414647,Palmaire PNL,clinic,,,,,,
13235824445,node,49.2318851,-0.0415094,Cabinet d'Osthéopathie,clinic,,,,,,
13239033640,node,46.7261628,2.4966284,Urgence Centre Hospitalier,hospital,,,,,,Saint-Amand-Montrond
13239073800,node,46.7255393,2.4956903,Accueil Centre Hospitalier,hospital,,,,,,Saint-Amand-Montrond
13239137168,node,46.7260612,2.4963343,Maternité,hospital,,,,,,Saint-Amand-Montrond
13247812911,node,43.6201798,3.8915923,Kinés,clinic,,,,+33765718490,https://monrdvkine.fr/masseur-kinesitherapeute/montpellier-34000/michel-sephora,
13247812912,node,43.6196057,3.8922785,Centre Médical Les Aubes,clinic,,,,,,
13249984646,node,4.9245335,-52.3226657,,hospital,,,,,,
13250607735,node,43.2849806,5.3934025,Médecins du monde,clinic,,,,+33 4 86 11 09 26,https://www.medecinsdumonde.org/sur-le-terrain/les-caso-centres-dacces-aux-soins-et-dorientation/,Marseille
13250607736,node,43.284893,5.3933641,CSAPA Bus 31/32,clinic,Association Bus 31/32,,,+33 4 86 11 09 14,,Marseille
13250910221,node,43.2955411,5.3849909,ASUD Mars Say Yeah,clinic,,,,+33 4 91 92 53 11,https://asud.org/,Marseille
13252546987,node,48.5882667,7.768788,Les instituts de la clinique de l'Orangerie,clinic,ELSAN,,,,,
13256010416,node,49.2577296,1.2094958,FJ Clinic,clinic,,,,,,
13266930412,node,47.5218912,-2.2991124,,clinic,,,,,,La Roche-Bernard
13270271320,node,50.6384715,3.076557,Centre de Santé,clinic,,,,,,
13270497231,node,46.3823503,6.5048771,Centre d'Accueil Thérapeutique à Temps Partiel Adolescents,hospital,Etablissement Publique de Santé Mentale 74,,,,,Thonon-les-Bains
13270679152,node,45.940732,6.6344473,Centre d'Accueil Thérapeutique à Temps Partiel Infanto-juvénile,hospital,Etablissement Public de Santé Mentale 74,,,,,Sallanches
13270679153,node,45.9406702,6.6344534,Centre Médico Psychologique Infanto-Juvénile,hospital,Etablissement Public de Santé Mentale 74,,,,,Sallanches
13270679154,node,45.9406626,6.6341636,Centre Médico Psychologique pour Adultes,hospital,Etablissemet Public de Santé Mentale 74,,,,,Sallanches
13270679155,node,45.9407355,6.6341179,Hôpital De Jour Adultes,hospital,Etablissement Public de Santé Mentale 74,,,,,Sallanches
13283999150,node,43.7190738,7.2620684,Cabinet infirmier,clinic,,,,,,
13289537998,node,-20.8807088,55.4487436,Pôle de préadmission chirurgie,clinic,Clinique Saint-Vincent,,,,,
13296353287,node,47.5089401,6.7892816,Cabinet Infirmier,clinic,,,,+33 3 81 91 11 19,,
13299349222,node,50.9849362,2.1209008,Unité de dialyse,clinic,,,,+33362288000,,
13301009601,node,48.127588,-1.6240361,IPOPE - CHGR,clinic,,,,,,
13305246053,node,48.3928752,2.3754363,Dr Lacert-Machet & Dr Pau-Montero,hospital,,,,+33 1 64 99 55 98,,Maisse
13312149784,node,46.3187687,-0.4559992,Centre Médico-Psychologique Niortais,hospital,,no,,+33549782396,,Niort
13312188008,node,46.3186051,-0.4631156,Centre d'accueil et de crise (CAC),hospital,,no,,+33549783920,,Niort
13316652481,node,49.2035793,6.2974197,Maison de santé de Vigy,clinic,,,,,,
13330128778,node,50.7433357,2.7455341,Centre Clair Séjour,clinic,,,,+33328434900,,
13333045163,node,50.736169,2.736262,Santélys,clinic,,,,+33362288000,,
13342782061,node,48.7557713,2.2191541,Centre de soins,clinic,,,,,,
13344333794,node,48.7074513,2.0397901,Maison Médicale de Chevreuse,clinic,,,,+33 1 30 47 47 00,https://www.maison-medicale-chevreuse.fr/,Chevreuse
13348556853,node,4.8881143,-52.4971765,Centre de Protection Maternelle et Infantile,clinic,Collectivité Territoriale de Guyane,,,,,
13367169157,node,45.6928512,5.9045939,Abeilles Infirmières,clinic,,,,+33 6 07 32 42 55,,
13372198550,node,5.1640418,-52.6442537,Urgences,hospital,,,,,,
13377965805,node,50.6871176,2.8794688,Soins de Suite et de Réadaptation - Résidences Curie et Rostand,hospital,,,,+33320483390,,
13380491895,node,47.0397233,-0.8932051,Unité de dialyse,clinic,Echo,,,,,Cholet
13382905805,node,45.7798128,3.0504361,A.U.R.A. Santé Chamalières,clinic,,,,,,
13383671728,node,44.1573029,1.8921543,Maison de santé pluridisciplinaire de Varen,clinic,,,,,,
13383671729,node,44.1532454,1.7572178,Maison de Santé Pluridisciplinaire de Saint-Antonin-Noble-Val,clinic,,,,,,
13386232177,node,48.9343909,2.4250675,Centre Médical Kavod,clinic,,,,,,
13386473887,node,48.7329237,2.4490064,Ophtalmologie 4 Santé,clinic,,,,+33 1 85 44 12 72,https://www.doctolib.fr/centre-d-ophtalmologie/villeneuve-saint-georges/ophtalmologie-4-sante,
13390543616,node,43.6023491,1.454153,centre médical Dupuy St-Aubin,clinic,,,,,,
13391075923,node,43.4567431,5.4680528,Hôpital de jour Acanthe,hospital,,,,+33442582570,,
13393018376,node,48.7329236,2.4489141,Centre dentaire,clinic,,,,+33 1 85 44 16 61,https://www.doctolib.fr/centre-dentaire/villeneuve-saint-georges/centre-dentaire-villeneuve-st-georges,
13397251496,node,45.6402461,2.5133693,Centre Hospitalier du Pays d’Eygurande,hospital,,,,,,
13401570646,node,47.3635425,5.0521583,Institut de Cancérologie de Bourgogne,hospital,,,,,,
13401570647,node,47.3638191,5.0523766,Centre de Médecine Nucléaire du Parc,hospital,,,,,,
13442374860,node,48.9193355,2.4209691,Centre Médical et Dentaire Avenir,clinic,,,,,,
13449000774,node,44.8960014,1.478791,,clinic,,,,,,
13458443382,node,48.7968344,2.4489664,NephroCare,clinic,,,,,https://nephrocare.com/fr-fr/clinic/creteil/,
13461348937,node,48.2039251,3.2956041,Restif de la Bretonne,hospital,,,,,,
13476481311,node,48.0178335,0.1784366,M.I.S.,clinic,Maine Image Santé,,,,,
13482183701,node,44.5896212,4.1234969,Centre hospitalier des Cevennes ardechoises,hospital,,,,,https://www.ch-ca.fr/,
13495929354,node,45.8003491,2.4676333,Pôle Médical,clinic,,,,,,
13503947334,node,46.2172922,1.0769155,Hôpital Intercommunal du Haut-Limousin,hospital,,,,,,
13505527305,node,43.500304,6.4847436,Cabinet Infirmer,clinic,,,,,,
13506921987,node,43.4849707,5.4178961,Cabinet Medical,clinic,,,,+33 442241224,,
13507808070,node,47.4426608,-1.4313567,Espace Wu Wei - Ethnomédecine chinoise,hospital,,,,,https://www.cedno.fr/wuwei,Les Touches
13509496103,node,46.6098019,3.5508036,Maison de Santé,clinic,,,,,,
13510562101,node,48.8406631,2.3088476,Centre de santé Saint Jacques,hospital,,,,,,
13511619254,node,47.2420953,6.0205987,Ostéopathe,hospital,Jacques Jégou,yes,,,,Besançon
13513212813,node,49.0548701,7.4367933,Maison France Santé,clinic,,,,,,
13521061502,node,48.395212,-4.4877495,Hôpital Morvan,hospital,,,,,,
13525140572,node,43.4605685,5.4062438,,clinic,,,,,,
13540677306,node,16.2418917,-61.6547517,Centre de Santé du Lamentin,clinic,,,,+590 590 725 296,,
13543572139,node,48.6865457,2.4125692,Cabinet infirmier D.E.,clinic,,,,,,
13551098294,node,-21.2623721,55.3663778,Gilles Mondon Énergétique Chinoise,hospital,Gilles Mondon,no,,,,L'Étang-Salé
13565007293,node,46.5371408,-1.773522,Hervé Laborieux ostéopathe DO,hospital,Hervé Laborieux,no,,+33 652291397,,Olonne-sur-Mer
13580315056,node,48.8737477,2.4819894,,clinic,,,,,,
13587625734,node,48.6530188,1.522866,Laboratoire Hainselin,clinic,Laboratoire Hainselin,,,+33 2 37 51 40 34,https://laboratoires.cerballiance.fr/centre-val-de-loire/nogent-le-roi/5-rue-max-cousin?utm_source=Yext&utm_medium=GMB,Nogent-le-Roi
13595458466,node,48.522144,-2.7313502,Cabinet infirmier,clinic,,,,,,
13602507851,node,45.5478015,2.3120136,Groupe Médical Alpha,clinic,,,,,,
13607672401,node,43.440835,4.9439748,,clinic,,,,,,
13607730672,node,43.4331563,4.9462355,Cabinet d'Infirmiere,clinic,,,,,,
13619915239,node,45.5311718,2.1421484,Centre Médical Les Châtaigniers,clinic,,,,,,
13626291140,node,47.660781,-2.7218214,Centre Médico-Sportif Powup,clinic,,,,,,
13630302505,node,44.5597188,6.0786503,,hospital,,,,,,
13634132252,node,45.1446148,5.7004079,Oxance Medical et Dentaire,clinic,,,,,,
13637897525,node,50.6075485,2.9594928,CMSI des Weppes,clinic,,,,,https://cmsifrance.fr/nos-centres/cmsi-des-weppes/,Hallennes-lez-Haubourdin
13647503423,node,48.9151168,2.404009,Centre médical Grand Paris,clinic,,,,,,
13655167771,node,48.7345867,7.0548622,Dietplus,clinic,,,,+33 6 64 02 27 83,https://www.dietplus.fr/centres/sarrebourg/,Sarrebourg
13656995475,node,43.2999602,5.4366026,,clinic,,,,,,
13658772335,node,50.5439337,3.0227727,Centre de Jour de psychiatrie du sujet âgé,hospital,EPSM Lille Métropole,,,,,
13662504003,node,43.709483,3.8340833,Clinique Aurores,clinic,,,,,,
13662510201,node,43.709483,3.8340833,Clinique Aurores,clinic,,,,,,
13664347140,node,47.5958054,-2.2392826,Hélène Théau Torlay Infirmière Libérale,clinic,,,,,,Béganne
13667336307,node,47.7643942,2.3757196,Torbi Rahma,clinic,,,,+33 7 72 26 54 43,,Sully-sur-Loire
13669064069,node,42.6646801,9.4373264,Unité d'insuffisance cardiaque,clinic,,,,+33495591354,,
13672159821,node,47.763401,2.3782388,"Karine Chauvin, Aurélie Henry",clinic,,,,+33 2 38 36 26 71,,Sully-sur-Loire
13673918902,node,50.5865035,3.0523672,Maison d'accueil thérapeutique,hospital,EPSM Lille Métropole,,,,https://www.epsm-lille-metropole.fr/structures/59g09/maison-daccueil-therapeutique,
13681507347,node,46.8012901,2.3715007,"Clémence André, Aline Bonnin",clinic,,,,,,Vallenay
13681833844,node,48.7839971,1.9859164,,clinic,,,,,,
13682753293,node,48.8433066,2.2541439,Institut Médical Sport Santé,clinic,,,,,,
13683095722,node,48.1441416,-1.684947,Centre d'Imagerie Médicale Laënnec,clinic,,,,+33 2 99 23 33 99,https://www.cim-laennec.fr/nos-sites/chp,
13684573740,node,47.4472055,-0.5080167,Cabinet infirmier Emmanuelle Girardot,clinic,,,,,,
13684888396,node,48.0914453,-1.6720509,CMP - Centre Médico Psychologique pour enfants et adolescents - EMUP,hospital,,,,,,
13684901193,node,48.0916544,-1.6720065,Hôpital de jour Yser - CHGR,hospital,,,,,,
13689050139,node,45.8041109,5.6804519,,clinic,,,,,,
13699120957,node,43.9401653,4.8409636,Imagerie Avignon Vaucluse,hospital,,,,+33 4 65 62 00 02,,Avignon
13699133964,node,43.9401421,4.8415,IRM 84,hospital,,,,+33 4 90 86 68 47,,Avignon
13713248222,node,50.6496862,3.0203567,Santelys,clinic,,,,+33320220340,,
13713812508,node,45.6526976,0.9790349,Maison de Santé de Châlus,clinic,,,,,,Châlus
13714331424,node,48.8913727,2.3410156,soin infirmier,clinic,,,,,,
13723095616,node,49.1559928,6.1392898,Centre du Patis,clinic,,,,,,
13730121472,node,-20.8954853,55.4902466,Centre médical Leconte de Lisle,clinic,,,,,,
4017423,way,48.9249789,2.2362185,Hôpital Louis Mourier,hospital,Assistance publique - Hôpitaux de Paris,yes,,+33 1 47 60 61 62,http://louismourier.aphp.fr/,Colombes
4421290,way,48.8708091,2.2223961,Hôpital Foch,hospital,,yes,,+33 8 26 20 72 20,https://www.hopital-foch.com/hopital/,
5184150,way,48.401189,-4.5282064,Hôpital de la Cavale Blanche,hospital,CHRU de Brest,yes,,+33 2 98 22 33 33,https://www.chu-brest.fr/fr/decouvrir-chru/nos-hopitaux-residences/hopital-cavale-blanche-brest,Brest
10650863,way,48.1376597,-1.6573222,Polyclinique Saint-Laurent,hospital,,,,+33 2 99 25 65 00,https://www.polyclinique-saint-laurent.fr/,
14577452,way,48.8663639,2.4020047,Hôpital Tenon,hospital,Assistance publique - Hôpitaux de Paris,yes,,+33 1 56 01 70 00,https://tenon.aphp.fr/,
19737893,way,50.7287065,2.5389668,Centre Hospitalier d'Hazebrouck,hospital,,yes,,+33 3 28 42 66 00,http://ch-hazebrouck.fr/,
19844551,way,48.6148875,7.7880104,Clinique Sainte-Anne,hospital,Groupe Hospitalier Saint-Vincent,,,+33 3 88 45 81 81,https://www.ghsv.org/le-ghsv/nos-etablissements/clinique-sainte-anne/,Strasbourg
21001145,way,48.8284833,2.3390837,GHU Paris Psychiatrie & neurosciences - site Sainte-Anne,hospital,GHU Paris Psychiatrie & neurosciences,,,,https://www.ghu-paris.fr/,
22661892,way,48.8282044,2.2786271,Hôpital Corentin Celton,hospital,Assistance publique - Hôpitaux de Paris,no,,+33 1 58 00 40 00,,
22690619,way,48.8782542,2.3776344,Fondation ophtalmologique Adolphe de Rothschild,hospital,Fondation ophtalmologique Adolphe de Rothschild,yes,,+33 1 48 03 65 65,https://www.fo-rothschild.fr/,
22720240,way,43.6003056,1.4321216,Hôpital de la Grave,hospital,CHU Toulouse,,,,https://www.chu-toulouse.fr/-hopital-la-grave-cite-de-la-sante-,Toulouse
22743609,way,43.5963534,1.4291793,Hôpital Joseph Ducuing,hospital,,yes,,+33 5 61 77 34 00,https://www.hjd.asso.fr,
22743883,way,43.5962837,1.4311077,Clinique Rive Gauche,hospital,,,,+33 8 26 30 30 31,https://www.clinique-rivegauche.fr/,
22996283,way,48.8395602,2.343123,Hôpital du Val de Grâce,hospital,,,,,,
22996354,way,48.8370175,2.3399281,Hôpital Cochin,hospital,Assistance publique - Hôpitaux de Paris,yes,,+33 1 58 41 41 41,https://hopital-cochin-port-royal.aphp.fr,Paris
22996358,way,48.8381233,2.338173,Maternité Port Royal,hospital,,,,,,
23010942,way,43.6199388,3.8640364,Clinique Rech,hospital,,,,,,
23032886,way,48.8503229,2.3719619,Centre Hospitalier National d'Ophtalmologie des Quinze-Vingts,hospital,,yes,,+33 1 40 02 15 20,https://www.quinze-vingts.fr/,
23115060,way,48.8294228,2.3117253,Hôpital Saint-Joseph,hospital,Groupe hospitalier Paris Saint-Joseph,yes,,,,
23172825,way,48.8227046,2.3325473,Institut Mutualiste Montsouris,hospital,,,,,,
23243040,way,48.8387697,2.2739885,Hôpital européen Georges-Pompidou,hospital,Assistance publique - Hôpitaux de Paris,yes,,+33 1 56 09 20 00,https://hopital-georgespompidou.aphp.fr/,
23245093,way,48.8233712,2.3520352,Hôpital Privé des Peupliers,hospital,,,,,,
23395105,way,43.4427484,1.312088,Hôpital local de Muret,hospital,,,,,,
23506866,way,43.5597032,1.4203368,Hôpital Psychiatrique Gérard Marchant,hospital,,no,,,,
23757822,way,48.8419046,2.4066858,Hôpital Armand-Trousseau,hospital,Assistance publique - Hôpitaux de Paris,yes,,+33 1 44 73 74 75,https://trousseau.aphp.fr/,
24026124,way,48.8829019,2.3533116,Hôpital Lariboisière,hospital,Assistance publique - Hôpitaux de Paris,yes,,+33 1 49 95 65 65,https://hopital-lariboisiere.aphp.fr/,
24040319,way,46.0426487,4.0790163,Centre hospitalier de Roanne,hospital,,yes,,+33 4 77 44 30 00,https://www.ch-roanne.fr/,Roanne
24277446,way,48.8344405,2.2940843,Hôpital Vaugirard - Gabriel Pallez,hospital,Assistance publique - Hôpitaux de Paris,,,+33140458000,,
24323226,way,47.7530774,-3.3570464,Hôpital du Scorff,hospital,Centre Hospitalier de Bretagne Sud,yes,,,,
24659998,way,48.8815039,2.3596777,Hôpital Fernand Widal,hospital,Assistance publique - Hôpitaux de Paris,,,+33 1 40 05 45 45,https://hopital-lariboisiere.aphp.fr/,
25486456,way,48.79673,2.4657507,Centre hospitalier intercommunal de Créteil,hospital,,yes,,+33 1 45 17 50 00,https://www.chicreteil.fr/,
25524612,way,48.7467635,-0.5416112,Centre Psychotérapique de l'Orne,hospital,,,,,,
25534637,way,43.6097722,1.4013302,Hôpital Purpan,hospital,CHU de Toulouse,yes,,+33561772233,https://www.chu-toulouse.fr/-hopital-purpan-,Toulouse
25710278,way,44.8645858,-0.521939,Polyclinique Bordeaux Rive-Droite,hospital,Groupe Bordeaux Nord Aquitaine,yes,,+33 8 26 30 04 84,http://pbrd.gbna-polycliniques.com/,Lormont
25745753,way,44.8080178,-0.5761197,Maison de santé protestante de Bagatelle,hospital,,,,,https://www.mspb.com/info-travaux/,
25873763,way,44.8275153,-0.6078081,Groupe hospitalier Pellegrin,hospital,CHU de Bordeaux,yes,,+33 5 56 79 56 79,https://www.chu-bordeaux.fr/CHU-de-Bordeaux/H%C3%B4pitaux-et-sites-du-CHU/Groupe-hospitalier-Pellegrin/,
25873796,way,44.8245038,-0.602547,Hôpital Charles Perrens,hospital,,,,,,
25946507,way,44.7989692,-0.5724213,Hôpital d'Instruction des Armées Robert Picqué,hospital,,,,,,
26255700,way,48.8343403,2.3469901,Hôpital Broca,hospital,Assistance publique - Hôpitaux de Paris,,,+33144083000,,
26257434,way,48.4124171,2.7015247,Polyclinique de la Forêt,hospital,,,,,,
26257435,way,48.4111166,2.6973835,Centre hospitalier de Fontainebleau,hospital,Centre hospitalier du sud Seine-et-Marne,yes,,+33 1 60 05 98 05,https://www.ch-sud-seine-et-marne.fr/,Fontainebleau
26390991,way,43.6289768,3.8647428,CHU de Montpellier,hospital,CHU de Montpellier,,,,,
26390994,way,43.6278881,3.8538847,CHU de Montpellier,hospital,,,,+33 4 67 33 67 33,,
26410298,way,47.2467403,-0.0603091,Centre Hospitalier de Saumur,hospital,,yes,,+33 2 41 53 30 30,https://www.ch-saumur.fr/,
26445443,way,43.108327,5.8713751,Hôpital George Sand,hospital,Centre hospitalier intercommunal Toulon - La Seyne-sur-Mer,yes,,+33 4 94 11 30 00,https://www.ch-toulon.fr/nous-connaitre/etablissements/hopital-de-la-seyne-sur-mer-602.html?MP=594-504,
26454918,way,43.6018888,3.9136686,Clinique du Millénaire,hospital,OC Santé,yes,,+33 8 26 88 88 83,https://www.oc-sante.fr/etablissements/clinique-du-millenaire/,Montpellier
26665674,way,47.0421109,-0.8966095,Centre hospitalier de Cholet,hospital,,yes,,+33 2 41 49 60 00,https://www.ch-cholet.fr/,
26953361,way,48.8738281,2.3676232,Hôpital Saint-Louis,hospital,Assistance publique - Hôpitaux de Paris,yes,,+33 1 42 49 49 49,https://hopital-saintlouis.aphp.fr/,
27063656,way,42.7258246,2.8896841,Centre hospitalier de Perpignan,hospital,,yes,,+33 4 68 61 66 33,https://www.ch-perpignan.fr/accueil-3.html,
27405673,way,43.594813,1.4159189,Clinique Pasteur,hospital,,,,+33 5 62 21 31 31,https://www.clinique-pasteur.com/,
27461326,way,44.7859668,-0.659502,Hôpital Haut-Lévêque,hospital,,yes,,+33 5 56 79 56 79,https://www.chu-bordeaux.fr/CHU-de-Bordeaux/H%C3%B4pitaux-et-sites-du-CHU/Groupe-hospitalier-Sud/,
27461500,way,44.7974504,-0.6572363,Hôpital Xavier Arnozan,hospital,,,,,,
27514807,way,48.7844443,2.2732334,Centre Chirurgical Marie Lannelongue,hospital,Groupe hospitalier Paris Saint-Joseph,,,+33 1 40 94 28 00,https://www.hopitalmarielannelongue.fr/,Le Plessis-Robinson
27536040,way,48.584114,2.2413673,Centre hospitalier d'Arpajon,hospital,,yes,,+33 1 64 92 92 92,https://www.ch-arpajon.fr/,
27554845,way,48.7218958,2.4527106,Centre Hospitalier Intercommunal Lucie et Raymond Aubrac,hospital,,yes,,+33 1 43 86 20 00,https://chiv.fr/,Villeneuve-Saint-Georges Cedex
27596447,way,16.237139,-61.5257532,Centre Hospitalier Universitaire Pointe-à-Pitre,hospital,,yes,,+590 590 89 10 10,https://www.chu-guadeloupe.fr/,
27635637,way,45.7573668,3.0920736,Hôpital Gabriel Montpied,hospital,,yes,,+33 4 73 75 07 50,https://www.chu-clermontferrand.fr/le-chu/les-sites/site-gabriel-montpied,
27653336,way,43.521186,5.4402622,Centre hospitalier Montperrin,hospital,,,,+33 4 42 16 16 16,,
27756186,way,49.0026873,1.9115473,Centre hospitalier de Meulan-en-Yvelines,hospital,Centre hospitalier intercommunal de Meulan-Les Mureaux,yes,,+33 1 30 91 85 00,https://www.chimm.fr/,
27761709,way,48.3594147,-1.1939481,Centre hospitalier de Fougères,hospital,,yes,,+33 2 99 17 70 00,https://www.ch-fougeres.fr/,Fougères
27844202,way,48.0831727,-1.6530476,Hôpital Sud,hospital,,yes,,+33 2 99 28 43 21,https://www.chu-rennes.fr,Rennes
27848261,way,48.4198864,-4.4919489,Clinique du Grand Large,hospital,,,,,,
28108232,way,47.2272028,2.0515062,Centre hospitalier de Vierzon,hospital,,yes,,+33 2 48 52 33 33,https://www.ch-vierzon.fr/,
28661479,way,47.9634527,-1.4981626,Hôpital de Janzé,hospital,,no,,,,
28704524,way,47.3877879,0.6696187,Hôpital Bretonneau,hospital,CHU de Tours,yes,,+33 2 47 47 47 47,https://www.chu-tours.fr/hopital-bretonneau/,
28934176,way,43.1798243,5.6096188,Centre hospitalier de la Ciotat,hospital,,yes,,+33 4 42 08 76 00,https://www.ch-laciotat.fr/,
29047358,way,44.8124036,-0.6410649,Hôpital de Jour Halloran,hospital,,,,+33 5 56 45 71 34,,
29103903,way,43.3160143,1.9620409,Centre hospitalier de Castelnaudary,hospital,,yes,,+33 4 68 94 57 52,https://www.ch-castelnaudary.fr/,
29402291,way,47.1916512,-1.5012899,Centre de Convalescence Mutualiste,hospital,,no,,,,
29570664,way,45.5770943,5.9399312,Centre hospitalier spécialisé de Bassens,hospital,,,,+33 4 79603030,https://www.chs-savoie.fr/,Bassens
29853179,way,48.7902303,2.3577044,Centre Hospitalier Paul Guiraud,hospital,,,,+33 1 42 11 70 00,https://www.gh-paulguiraud.fr/,
29972426,way,48.7969523,2.361662,Hôpital Paul Brousse,hospital,Assistance publique - Hôpitaux de Paris,,,+33 1 45 59 30 00,https://hopital-paul-brousse.aphp.fr/,Villejuif
29996344,way,48.8799331,2.4029431,Hôpital Robert Debré,hospital,Assistance publique - Hôpitaux de Paris,yes,,+33140032385,https://robertdebre.aphp.fr/,
30016749,way,47.1979147,-1.5364717,C.H.U Saint-Jacques,hospital,,,,,,
30053280,way,48.8102596,2.3538324,Hôpital Bicêtre,hospital,Assistance publique - Hôpitaux de Paris,yes,,+33 1 45 21 21 21,https://hopital-bicetre.aphp.fr/,Le Kremlin-Bicêtre
30437893,way,43.3457749,3.2319889,Espace Perréal,hospital,Centre hospitalier de Béziers,,,+33 4 67 35 76 08,https://www.ch-beziers.fr,Béziers
30527630,way,43.1335058,5.9340532,Base Vie de l'hôpital Sainte-Anne,hospital,,,,,,
30612510,way,43.7722157,1.6830601,Hôpital de jour La Planquette,hospital,,,,,,
30654855,way,43.1945915,2.7596106,Centre hospitalier de Lézignan-Corbières,hospital,,no,,,,
30834216,way,43.1336798,5.9301834,Hôpital d'instruction des armées Sainte-Anne,hospital,,yes,,+33 4 83 16 20 10,http://www.sainteanne.org/,
30850910,way,47.236581,-1.6388665,Hôpital Nord Guillaume et René Laennec,hospital,établissement du CHU de Nantes,no,,+33 3 32 08 33 33,https://www.chu-nantes.fr/,Nantes Cedex 1
30979413,way,48.7886225,2.4586158,Hôpital Albert Chenevier,hospital,Assistance publique - Hôpitaux de Paris,,,+33149813001,https://chu-mondor.aphp.fr/hopital-albert-chenevier1/,Créteil
31150222,way,47.8020584,1.0571699,Centre de Psychiatrie Les Tournesols,hospital,Centre hospitalier de Vendôme-Montoire,,,+33 2 54 23 36 41,,
31150223,way,47.7970162,1.0651958,Clinique du Saint-Coeur,hospital,Groupe Elsan,,,+33 8 26 39 99 32,http://www.saint-coeur.groupe-elsan.com/,
31252310,way,48.9145918,2.4237883,Hôpital Avicenne,hospital,Assistance publique - Hôpitaux de Paris,yes,,+33 1 48 95 55 55,https://chu93.aphp.fr/hopital-avicenne-bobigny/,
32354044,way,43.4390462,6.7518601,Centre hospitalier intercommunal Fréjus Saint-Raphaël,hospital,,yes,,+33 4 94 40 21 21,https://www.chi-fsr.fr/,
32388820,way,45.1477292,5.723387,Clinique des Cèdres,hospital,Capio,yes,,+33 8 25 56 56 38,https://clinique-cedres.capio.fr/,
32490818,way,46.9053971,6.3489785,Clinique Saint-Pierre,clinic,Ramsay Santé,,,+33 3 81 38 83 00,https://www.elsan.care/fr/Clinique-saint-pierre-pontarlier,
32522247,way,49.9186428,1.0786551,Centre hospitalier de Dieppe,hospital,,yes,,+33 2 32 14 76 76,http://www.ch-dieppe.fr,Dieppe
32617022,way,49.1592253,5.4148272,Hôpital Désandrouins,hospital,,,,+33 3 29 83 84 85,,Verdun
32679701,way,49.1233793,6.1706023,Hôpital Belle-Isle,hospital,uneos,,,,https://www.uneos.fr/groupe-uneos/etablissements/hopital-belle-isle/,
32851894,way,43.4655121,1.3382644,Clinique d'Occitanie,hospital,Groupe Elsan,yes,,+33 8 26 30 88 88,http://www.clinique-occitanie.com/,
32940084,way,48.6917048,2.2916106,Centre hospitalier de Longjumeau,hospital,Groupe hospitalier Nord-Essonne,yes,,+33 1 64 54 33 33,https://www.gh-nord-essonne.fr/accueil.aspx,
33061296,way,48.6894092,2.3032101,Clinique de l'Yvette,hospital,,,,,,
33533346,way,45.716803,4.9265277,Hôpital privé de l'Est Lyonnais,hospital,Ramsay Santé,yes,,+33 8 26 96 99 99,https://hpel.fr/,
33624453,way,43.6517982,1.5106215,Clinique de l'Union,hospital,Ramsay Santé,yes,,+33 5 61 37 81 81,https://clinique-union-toulouse.ramsaygds.fr/,
33639902,way,47.7339563,7.3313447,Hôpital du Hasenrain,hospital,Groupe Hospitalier Région de Mulhouse Sud Alsace,,,,,
33826818,way,47.2918194,-2.5147926,Hôpital du Croisic,hospital,,,,,,
33889337,way,45.8886767,3.1127625,Centre hospitalier Guy Thomas,hospital,,yes,,+33 4 73 67 80 00,http://ch-riom.fr/,
33916780,way,47.7250109,7.3419435,Centre Hospitalier Émile Muller,hospital,,yes,,,,
34426829,way,43.3261485,-0.3471658,Centre hospitalier de Pau,hospital,Centre hospitalier de Pau,yes,,,,
34428388,way,43.3237759,-0.3487804,Clinique Princess,hospital,,,,+33 5 59 02 55 32,http://www.clinique-princess.com/,
34428389,way,43.3023847,-0.3373949,Centre hospitalier spécialisé des Pyrénées,hospital,Centre Hospitalier des Pyrénées-Pau,yes,,,,
34478129,way,45.7876365,3.1050581,Pôle Santé République,hospital,Groupe Elsan,yes,,+33 8 26 30 44 99,http://www.psr.groupe-elsan.com/,
34571025,way,43.9258272,2.1424676,Centre hospitalier d'Albi,hospital,,yes,,+33 5 63 47 47 47,http://www.ch-albi.fr/,
34965024,way,43.2904693,5.395108,Hôpital de la Conception,hospital,,,,,http://fr.ap-hm.fr/nos-hopitaux/hopital-de-la-conception,
35049042,way,49.0016641,2.2704902,Hôpital Simone Veil,hospital,Groupement hospitalier Eaubonne-Montmorency,yes,,+33 1 34 06 60 00,https://www.hopital-simoneveil.fr/,Eaubonne
35051383,way,48.8776064,2.4531978,Centre hospitalier intercommunal André Grégoire,hospital,,yes,,+33 1 49 20 30 40,https://www.chi-andre-gregoire.fr/,
35539378,way,48.9095822,2.4881041,Hôpital Jean Verdier,hospital,Assistance publique - Hôpitaux de Paris,yes,,+33 1 48 02 66 66,https://chu93.aphp.fr/hopital-jean-verdier-bondy/,
36787144,way,44.7553472,5.3715204,Centre hospitalier de Die,hospital,,yes,,+33 4 75 22 55 00,http://www.ch-die.fr/,
36863541,way,-20.9426974,55.3006941,Clinique des Orchidées,clinic,,,,,,Le Port
36894682,way,48.9081917,2.3103219,Hopital Beaujon,hospital,Assistance publique - Hôpitaux de Paris,yes,,+33 1 40 87 50 00,http://hupnvs.aphp.fr/beaujon/,
36962284,way,47.7673805,7.3005788,Centre Hospitalier de Pfastatt,hospital,,,,,,
37097582,way,43.112405,0.7106877,Centre hospitalier Comminges Pyrénées,hospital,,yes,,+33 5 62 00 40 00,http://www.ch-saintgaudens.fr/chcp17/index.php/fr/,
37099012,way,48.8439535,2.4265211,Hôpital d'Instruction des Armées Bégin,hospital,,,,,,
37135205,way,46.9009568,6.3597906,Centre hospitalier de Pontarlier,hospital,Centre hospitalier intercommunal Haute-Comté,yes,,+33 3 81 38 54 54,https://pontarlier-hopital.chi-hautecomte.fr/,
37221972,way,45.2068336,5.7679859,Centre Médical les Mitaillères,clinic,,,,,,Meylan
37678740,way,48.8437234,2.1970011,Clinique du Château,hospital,emeis,,,+33 1 47 95 63 00,https://www.emeis-cliniques.fr/clinique-du-chateau-de-garches-92,
37836452,way,48.7077529,2.0356652,Centre de Gérontologie et d'Accueil Spécialisé Philippe Dugué,hospital,,no,,+33 1 30 07 34 00,https://www.hgchevreuse.fr/,
37847859,way,50.626835,3.1446472,Centre Marc Sautelet,clinic,,,,+33 3 28 80 07 70,,Villeneuve-d'Ascq
38072526,way,48.899013,2.331758,Hôpital Bichat-Claude Bernard,hospital,Assistance publique - Hôpitaux de Paris,yes,,+33 1 40 25 80 80,https://hopital-bichat.aphp.fr/,Paris
38076764,way,43.7166813,5.3113293,Clinique du Château de Florans,hospital,,no,,+33 4 42 95 75 00,,
38237520,way,44.1929536,5.9438077,Centre hospitalier intercommunal des Alpes du Sud,hospital,,yes,,+33 4 92 33 70 00,https://www.chicas-gap.fr/,
38237900,way,43.3439975,3.2408232,Centre psychothérapique Camille Claudel,hospital,,,,,,
38480566,way,43.3399156,3.2546494,Centre hospitalier Montimaran,hospital,,yes,,+33 4 67 35 70 35,https://www.ch-beziers.fr,
38496996,way,47.9859996,-4.0955851,Centre hospitalier intercommunal de Cornouaille,hospital,,yes,,,https://www.ch-cornouaille.fr/,
38568780,way,49.0106,1.9372298,Centre Cardiologique d'Évecquemont,hospital,,,,,,
38701149,way,49.6249855,3.2341965,Centre Hospitalier de Chauny,hospital,,yes,,+33 3 23 38 55 00,,
38867555,way,49.0905765,1.4878544,Centre hospitalier Eure-Seine,hospital,,yes,,+33 2 32 71 66 00,http://www.chi-eureseine.fr,Vernon
38918952,way,43.1190492,6.1125418,Centre hospitalier de Hyères,hospital,,yes,,+33 4 94 00 24 00,http://www.ch-hyeres.fr,
39215839,way,43.9583035,2.8756277,Centre hospitalier de Saint-Affrique,hospital,,yes,,+33 5 65 49 70 22,http://ch-saintaffrique.fr/,
39227705,way,43.2535951,5.3870409,Clinique Mon repos,clinic,,,,+33491222120,,
39255826,way,42.6262857,2.4180573,Hôpital de Prades,hospital,,,,,,
39294635,way,-46.4326919,51.8578598,Hôpital,clinic,,,,,,Alfred Faure
39536410,way,48.9187371,2.0226165,Centre hospitalier intercommunal de Poissy,hospital,Centre hospitalier intercommunal de Poissy/Saint-Germain-en-Laye,yes,,+33 1 39 27 40 50,https://www.chi-poissy-st-germain.fr/fr/Page-d-accueil-167.html,Poissy
39947896,way,48.9305299,2.0379158,Clinique Saint-Louis,clinic,,,,+33 130748800,,Poissy
40199116,way,43.5324126,6.4531881,Clinique Notre-Dame,hospital,,,,,,
40282457,way,48.9352707,2.3748904,Hôpital Delafontaine,hospital,Centre hospitalier de Saint-Denis,yes,,+33 1 42 35 61 40,https://www.ch-stdenis.fr/,
40283884,way,46.1229198,3.4356156,Centre hospitalier Jacques Lacarin,hospital,,yes,,,,
40324786,way,43.8144666,4.3471952,Valmedica,clinic,,,,,,
40358353,way,43.1147222,6.1241256,Clinique Sainte-Marguerite,hospital,,,,,,
40459919,way,48.5810293,7.7567544,Centre médical et dentaire de la MGEN,clinic,,,,+33388211460,https://proximite.mgen.fr/177-centre-medical-et-dentaire-de-strasbourg,Strasbourg
40503994,way,45.8959874,6.1266314,Clinique Générale,hospital,,yes,,+33 8 26 88 88 88,https://clinique-generale.net/fr/documents/p_accueil.html,
40593554,way,49.0740925,2.0760054,Clinique Sainte-Marie,hospital,Vivalto Santé,yes,,+33 1 34 20 96 96,https://chpsaintemarie.vivalto-sante.com/,Osny
40610772,way,47.8653269,-3.9048235,Hôpital du Porzou,hospital,,yes,,+33 2 98 50 30 30,https://www.ch-cornouaille.fr/ch-quimper-concarneau/infos-pratiques/plan-dacces/concarneau-site-du-porzou,
40667164,way,48.5761071,7.7448917,Hôpital Civil,hospital,,,,+33 3 88 11 67 68,https://www.chru-strasbourg.fr/index.php,Strasbourg
40686020,way,50.6192753,3.0452429,Centre de Soins et d'Accompagnement et de Prévention en Addictologie,hospital,,,,,,
40744951,way,43.8476738,4.3744648,Hôpital privé les Franciscaines,hospital,,,,,,
40990074,way,48.5817039,7.735331,clinique Ste Barbe,hospital,Groupe hospitalier St Vincent,no,,,,Strasbourg
41137791,way,50.2934593,3.9778366,Clinique du Val-de-Sambre,hospital,,,,,,
41189455,way,50.2821067,3.9881354,Polyclinique du Parc,clinic,,,,+33327538888,http://polyclinique-parc.fr/index.php,
41221240,way,46.0049714,4.695272,Centre hospitalier Nord Ouest Villefranche,hospital,,yes,,+33 4 74 09 25 03,https://www.lhopitalnordouest.fr/,
41249507,way,16.2364186,-61.528083,Hôpital Général Joseph Ricou,hospital,,,,,,
41271283,way,48.6040902,7.712959,"Centre médical - ""Pierre Curie",clinic,,,,,,
41337264,way,49.6642316,3.3596777,Centre Hospitalier de La Fère,hospital,,,,,,
41502860,way,49.5878872,2.9998793,Centre Hospitalier de Noyon,hospital,,yes,,+33 3 44 44 42 22,https://www.ch-compiegnenoyon.fr/fr/accueil.html,
41770181,way,48.5932911,7.7070877,Hôpital de Hautepierre,hospital,,yes,,+33 3 88 11 67 68,https://www.chru-strasbourg.fr/Hopital-de-Hautepierre,Strasbourg
41807241,way,50.3763331,2.9090688,Hôpital privé Bois-Bernard,hospital,Ramsay Santé,yes,,+33 3 74 82 00 00,https://hopital-prive-bois-bernard.ramsaygds.fr/,
41826102,way,50.1361081,4.0883918,Hôpital Départemental de Felleries-Liessies,hospital,,,,,,
41833194,way,48.8463859,2.2898151,Maison médicale Jeanne Garnier,clinic,,no,,+33 143922100,,
41855751,way,16.2343931,-61.7902188,Dispensaire,hospital,,,,,,
41866491,way,47.4661736,-1.8197166,Centre Hospitalier Spécialisé de Blain,hospital,,no,,+33 2 40 51 51 51,http://www.ch-blain.fr/,Blain
41957964,way,16.2669755,-61.5106597,Clinique L'Espérance,hospital,Groupe Kapa Santé,,,,,
42014317,way,42.6268714,2.740966,Centre hospitalier Léon Jean Grégory,hospital,,,,,,
42016051,way,50.7460929,2.7442707,Établissement Public de Santé Mentale des Flandres,hospital,,no,,,,
42016149,way,50.3120375,2.7690227,Maison de santé « Le Ryonval »,clinic,Union pour la gestion des établissements des Caisses de l’Assurance maladie — UGECAM Hauts-de-France,no,,+33 3 21 50 71 71,http://www.ugecam-nord.fr/etablissements/clinique-le-ryonval,
42016628,way,48.6803571,2.7072047,Centre de réadaptation de Coubert,clinic,,,,+33164422109,,
42016634,way,48.6251005,2.1487273,Centre hospitalier de Bligny,hospital,,no,,,,
42017048,way,46.2273742,5.2358644,Centre Psychothérapique de l'Ain,hospital,Orsac,,,,https://www.cpa01.fr/,Bourg-en-Bresse
42017812,way,43.2339878,6.1482286,Centre hospitalier Henri Guérin,hospital,,,,,,
42017877,way,50.6083351,3.0336364,Centre Hospitalier Régional Universitaire de Lille,hospital,,yes,,,https://www.chu-lille.fr/,
42018407,way,50.1652208,3.2240214,Centre Hospitalier de Cambrai,hospital,,yes,,,,
42018796,way,48.2935529,6.1099452,Centre Hospitalier Psychiatrique de Ravenel,hospital,,no,,+33 3 29 37 00 77,http://www.ch-ravenel.fr,Mirecourt
42148876,way,46.5416106,3.3374162,Polyclinique Saint-Odilon,hospital,,,,,,
42415200,way,47.350201,0.7119498,Hôpital Trousseau,hospital,CHU de Tours,yes,,+33 2 47 47 47 47,https://www.chu-tours.fr/hopital-trousseau.html,
42506622,way,48.6068841,7.7486078,Simse imagerie médicale,clinic,,,,,,
42511876,way,48.4363733,-4.5027418,Clinique de l'Iroise,hospital,,,,,,
42535064,way,48.4035545,-4.4704449,Cabinet Radiologie,clinic,,,,,,Brest
42535870,way,48.4003035,-4.4895232,Clinique Pasteur-Lanroze,hospital,,,,,,
42595562,way,48.4363862,-4.3885618,Clinique Pen An Dalar,clinic,,,,,,Guipavas
42828723,way,14.4710604,-60.8695442,Centre Hospitalier du Marin,hospital,,,,+596 596 74 92 05,,Le Marin
42974649,way,48.6845827,6.1917704,Hôpital Central,hospital,,yes,,,,
42977266,way,48.6861248,6.187002,Centre Hospitalier Universitaire Nancy Saint-Stanislas,hospital,,,,,,
43248974,way,48.5648673,7.7170133,Service psychothérapique pour enfants et adolescents,hospital,,,,,,Strasbourg
43453588,way,48.9139509,2.2224499,Hôpital Max Fourestier,hospital,,yes,924,+33 1 47 69 65 65,http://www.ch-nanterre.fr/,
43472893,way,48.6869301,6.1932542,Hôpital Saint-Julien,hospital,,,,,,
43575115,way,44.82373,-0.5806117,Institut Bergonié,hospital,,,,,,
43708277,way,45.5387705,5.664513,Centre hospitalier Yves Touraine,hospital,,yes,,+33 4 76 32 64 32,http://www.chpb.fr/,
43858795,way,45.8171988,1.2393511,Centre hospitalier Esquirol,hospital,,,,,https://www.ch-esquirol-limoges.fr/,
43871940,way,45.8151871,1.2262204,"Polyclinique de Limoges, site Émailleurs",hospital,type 1,yes,,+33 5 55 43 38 69,https://polyclinique-limoges.com,
43978802,way,48.1153881,-1.6757902,Clinique de l'Espérance,hospital,Ramsay Santé,,,,http://www.clinique-de-l-esperance.ramsaygds.fr,
44088647,way,43.8161076,4.35505,Polyclinique du Grand Sud,hospital,Hegagone Santé Méditerranée,yes,,+33 4 66 04 33 04,https://grandsud.hsmed.fr/,
44127971,way,44.805366,-0.5994787,Clinique Bethanie,hospital,,,,+33 5 56 84 81 00,,
44324094,way,16.3793151,-61.488086,Dispensaire,hospital,,,,,,
44445763,way,48.8903176,2.2623451,Centre hospitalier Rives de Seine - Neuilly-sur-Seine,hospital,,yes,,+33 1 40 88 60 00,https://chrds.fr/,
44560001,way,43.7131652,-0.2424063,Polyclinique de l'Adour,hospital,Groupe Clinifutur,yes,,+33 5 58 06 64 64,https://www.clinifutur.net/departments/polyclinique-de-ladour/,Aire-sur-l'Adour
45046251,way,48.9539037,2.5240658,Centre hospitalier intercommunal Robert Ballanger,hospital,,yes,,+33 1 49 36 71 23,https://www.ght-gpne.fr/le-ght/nos-hopitaux/chi-robert-ballanger/,Aulnay Sous-Bois
45061718,way,43.8316462,4.347643,Clinique Kennedy,hospital,,,,,,
45088480,way,43.8489998,4.3772626,Centre de Gérontologie de Serre Cavalier,hospital,CHU de Nîmes,,,+33 4 66 68 34 71,,
45184562,way,43.9013466,-0.4971132,Centre hospitalier de Mont-de-Marsan - Site de Sainte-Anne,hospital,,no,,+33 5 58 05 10 10,https://www.ch-mt-marsan.fr/,
45423712,way,48.9408157,2.5723888,Hôpital privé du Vert-Galant,hospital,Ramsay Santé,yes,,+33 1 86 86 93 00,https://hopital-prive-du-vert-galant-tremblay-en-france.ramsaysante.fr/,
45481752,way,48.8904457,-0.2041788,Centre Hospitalier de Falaise,hospital,,yes,,+33 2 31 40 40 40,http://www.ch-falaise.fr/,Falaise
46110656,way,44.9264994,2.4361419,Centre hospitalier Henri Mondor,hospital,,yes,,+33 4 71 46 56 56,https://www.ch-aurillac.fr/,
46158410,way,48.9984026,1.6740774,Centre hospitalier François Quesnay,hospital,,yes,,+33 1 34 97 40 00,http://www.ch-mantes.fr/,
46173452,way,48.7490834,2.4854361,Hôpital Émile Roux,hospital,Assistance publique - Hôpitaux de Paris,no,,+33145958080,https://chu-mondor.aphp.fr/emileroux/,
46432067,way,48.8488016,2.2354703,Hôpital Ambroise Paré,hospital,Assistance publique - Hôpitaux de Paris,yes,,+33 1 49 09 50 00,https://ambroisepare.aphp.fr/,Boulogne-Billancourt
46798639,way,45.2969739,6.5793008,Centre médical,clinic,,,,,,
46898557,way,46.2361372,1.4814446,Centre hospitalier de La Souterraine,hospital,,no,,+33 5 55 89 58 00,https://www.ch-lasouterraine.fr/,
46962537,way,43.3349395,5.470388,Centre hospitalier Louis Brunet,hospital,,,,,https://www.ch-allauch.fr/,
47009124,way,48.6022549,7.7896583,Hôpital de la Robertsau,hospital,,,,,,Strasbourg
47056733,way,48.570405,-3.8327882,Centre hospitalier des Pays de Morlaix,hospital,,yes,,+33 2 98 62 61 60,https://www.ch-morlaix.fr/,
47059519,way,48.9808001,2.2640886,Clinique Claude Bernard,hospital,Groupe Capio,yes,,+33 1 30 72 34 34,https://clinique-claude-bernard.capio.fr/,
47137406,way,46.8323146,5.7082467,Centre Hospitalier de Poligny,hospital,Centre Hospitalier intercommunal du Pays du Revermont,yes,,,https://hopitaux-jura.fr/chipr/centre-hospitalier-intercommunal-du-pays-du-revermont/poligny-sellieres,Poligny
47395197,way,47.3205126,5.0165128,Centre Hospitalier Spécialisé la Chartreuse,hospital,,yes,,+33 3 80 42 48 48,https://www.ch-lachartreuse-dijon-cotedor.fr/,Dijon
47615745,way,48.0752245,7.33747,Hôpital Pasteur,hospital,,yes,,+33 3 89 12 40 00,https://ch-colmar.fr/,Colmar
47623945,way,48.0868789,7.3352996,Centre psychothérapique du Parc,hospital,,,,,,
47988627,way,46.5770351,3.3437517,Centre hospitalier spécialisé d'Yzeure,hospital,,no,,+33 4 70 20 33 33,https://www.ch-moulins-yzeure.fr/moulins.php,
48092086,way,48.9350566,2.5086079,Hôpital René-Muret,hospital,Assistance publique - Hôpitaux de Paris,,,+33 1 41 52 59 99,https://chu93.aphp.fr/hopital-rene-muret-sevran/,
48168710,way,48.7973632,7.7778547,Centre hospitalier de Haguenau,hospital,,yes,,+33 3 88 06 33 33,http://www.ch-haguenau.fr/,Haguenau
48206756,way,48.5714423,7.7927311,Clinique Rhéna,hospital,,yes,,+33 3 69 06 07 08,https://www.clinique-rhena.fr/,Strasbourg
48659108,way,47.9508099,7.2879981,Centre Hospitalier de Rouffach,hospital,,,,+33 3 89 78 70 70,https://www.ch-rouffach.fr,
48676472,way,45.7508248,4.8387625,Service de Consultations et de Traitements Dentaires,clinic,,,,+33 825 08 25 69,https://odontologie.univ-lyon1.fr/presentation/le-centre-de-soins-d-enseignement-et-de-recherche-dentaire/le-centre-de-soins-d-enseignement-et-de-recherche-dentaire-222099.kjsp,Lyon
48714397,way,45.6850651,-0.2976675,Centre hospitalier intercommunal du Pays de Cognac,hospital,,yes,,+33 5 45 80 15 15,https://www.ch-cognac.fr/,
48714402,way,45.6845072,-0.2964003,Clinique de Cognac,hospital,,no,,+33 806 003 003,,
49327482,way,43.8937502,-0.4857972,Centre hospitalier Intercommunal de Mont-de-Marsan-Site de Layné,hospital,,yes,,+33 5 58 05 10 10,https://www.ch-mt-marsan.fr/,Mont-de-Marsan
49509088,way,48.2781851,4.069502,Centre hospitalier de Troyes,hospital,,yes,,+33 3 25 49 49 49,https://www.ch-troyes.fr/,Troyes
49577411,way,45.720979,3.3429535,Hôpital de Billom,hospital,,,,,,
49617972,way,46.6766896,5.5503522,Centre hospitalier,hospital,GHT Hôpitaux du Jura,yes,,+33 3 84 35 60 00,https://hopitaux-jura.fr/,
49646949,way,48.2614642,-1.6045536,"Centre Médico-Psychologique ""Adultes""",hospital,,,,,,
50176960,way,48.928819,2.4964818,Hôpital de l'Est Parisien,hospital,Ramsay Santé,yes,,+33 1 86 86 35 35,https://hopital-prive-est-parisien-aulnay-sous-bois.ramsaygds.fr/,
50235776,way,16.0234071,-61.7044511,Centre Hospitalier de Montéran,hospital,,,,,,Saint-Claude
50281616,way,48.8402142,2.2586544,Hôpital Henri Dunant,hospital,Croix Rouge française,,,+33140712424,https://www.croix-rouge.fr/hopital-mco-ssr-henry-dunant,
50306873,way,48.8424746,2.2663692,Ramsay Santé – Clinique Jouvenet,hospital,Ramsay Santé,,,,https://clinique-jouvenet-paris.ramsaysante.fr/,
50308255,way,48.8465172,2.2647803,Clinique Edouard Rist,hospital,,,,,,
50323130,way,49.3943199,4.7013183,Groupe hospitalier Sud Ardennes - Site de Vouziers,hospital,,yes,,+33 3 24 30 71 00,https://www.ch-ghsa.fr/,
50491025,way,46.3159965,4.8136687,Centre hospitalier de Mâcon,hospital,,yes,,+33 3 85 20 30 40,https://www.ch-macon.fr/,
50553345,way,45.7865743,4.8354791,Infirmerie Protestante,hospital,,,,,,
50570985,way,46.3173599,4.8116636,Polyclinique du Val de Saône,hospital,,,,+33 3 85 23 23 23,http://www.cliniquevaldesaone.fr/,
50775099,way,48.5369233,7.7232388,Institut Universitaire de Réadaptation Clémenceau,hospital,UGECAM,,,,,Illkirch-Graffenstaden
51065255,way,46.8996341,5.7757575,Hôpital,hospital,,,,,,
51112858,way,44.1220745,4.086742,Clinique Bonnefon,hospital,,yes,,+33 4 66 56 34 00,https://www.elsan.care/fr/nouvelle-clinique-bonnefon,Alès
51266521,way,48.8446305,2.3918219,Hôpital des Diaconesses,hospital,,,,,https://hopital-dcss.org/,
51571078,way,46.4304407,4.6604354,Hôtel-Dieu,hospital,,,,,http://www.ch-cluny.fr/l-hotel-dieu-et-son-apothicairerie,Cluny
51691019,way,48.6469545,-0.9393297,Hôpital de Mortain,hospital,,,,,,
51769903,way,50.6663416,3.101669,Clinique du Croisé Laroche,hospital,,,,,,Marcq-en-Barœul
51814874,way,46.3054406,4.6017127,Hôpital Corsin,hospital,,,,,,
51829935,way,48.9621179,2.5376859,Établissement Hospitalier Sainte-Marie,hospital,,,,,,
51844185,way,45.297025,3.3825972,Centre hospitalier de Brioude,hospital,,yes,,+33 4 71 50 99 99,https://www.ch-brioude.fr/,
51858322,way,45.7865289,4.8388257,Hôpital gériatrique Frédéric Dugoujon,hospital,,,,,https://www.chu-lyon.fr/fr/hopital-frederic-dugoujon,
51994652,way,42.4579751,3.1604627,Centre Bouffard Vercelli,hospital,,,,,,
52065294,way,14.6129892,-61.0669397,Hopital Albert Clarac,hospital,CHU de Martinique,,,+33 5 96 59 20 00,,
52089182,way,44.9258011,2.4118568,Hôpital Psychiatrique,hospital,,,,,,
52437326,way,48.8299205,2.1197838,Hôpital privé de Parly 2 Le Chesnay,hospital,Ramsay Santé,yes,,+33 1 39 63 70 00,https://hopital-prive-de-parly2-le-chesnay.ramsaygds.fr,
52489282,way,43.0993917,-0.0464956,Centre Hospitalier Tarbes-Lourdes,hospital,,yes,,,,Lourdes
52528228,way,48.8287612,2.2819353,Via Sana Corentin Celton,clinic,,,,,https://www.centreviasana.com/centres/corentin-celton,Issy-les-Moulineaux
52624919,way,49.1679716,-0.3450825,Polyclinique du Parc,hospital,Elsan,yes,,+33231828282,https://www.elsan.care/fr/polyclinique-parc-caen,Caen
53435124,way,48.6976571,2.1761195,Centre de protonthérapie,hospital,Institut Curie,no,,+33 1 69 29 87 00,https://curie.fr/liste/centre-de-protontherapie,
53602684,way,48.8546261,2.3488485,Hôtel-Dieu,hospital,Assistance publique - Hôpitaux de Paris,yes,,+33 1 42 34 82 34,http://hopitaux-paris-centre.aphp.fr/,
53677446,way,48.4294052,-4.6197037,Hôpital Le Jeune,hospital,,,,,,
53703831,way,43.9327,3.7024916,Clinique Saint-Louis,hospital,Groupe Cap Santé,yes,,+33 4 67 81 68 00,https://www.clinique-saint-louis.fr/accueil.html,
53717831,way,43.2345893,0.066305,Centre hospitalier de Bigorre - L'Ayguerote,hospital,,,,,,
53717854,way,43.2203681,0.0558135,Centre hospitalier de Bigorre - La Gespe,hospital,,yes,,+33 5 62 51 51 51,http://www.ch-bigorre.fr/,
53727548,way,48.8376349,2.2928279,Hôpital Cognacq-Jay,hospital,,,,,,
53862350,way,48.9237045,0.2024997,Centre Hospitalier Marescot,hospital,,,,,,
53959946,way,48.529897,-4.4539102,Cabinet de Kinésithérapie de Terre Neuve,clinic,,,,+33 2 98 40 97 83,,Plouvien
53960026,way,48.5298806,-4.453096,Cabinet infirmier Adam Quemeneur,clinic,,,,+33 2 98 40 00 56,,Plouvien
54268122,way,43.8340948,4.3225104,Polyclinique Kenval - Site Clinique Valdegour - ELSAN,clinic,,,,,,
54754427,way,45.5335495,4.8805416,Centre hospitalier Lucien Hussel,hospital,,yes,,+33 4 74 31 33 33,http://www.ch-vienne.fr/,
54817639,way,45.2608739,4.6693694,Clinique des Cévennes,hospital,,,,+33 4 75 69 21 00,http://clinique-des-cevennes.fr/,
55218961,way,44.8636751,-0.5791694,Polyclinique Bordeaux Nord Aquitaine,hospital,Groupe Bordeaux Nord Aquitaine,yes,,+33 5 56 43 71 11,https://polycliniquebordeauxnordaquitaine.fr/,
55681396,way,45.8284577,1.2851021,Hôpital Chastaingt,hospital,,,,,,
55964845,way,45.2416541,4.6653019,Centre hospitalier Ardèche Nord,hospital,,yes,,+33 4 75 67 35 00,https://ch-ardeche-nord.fr/,
56701066,way,44.8860547,-0.6243285,Centre de Réeducation Fonctionnelle de la Tour de Gassies,hospital,,,,+33 5 56 16 33 33,,
56703457,way,43.4082194,3.7040045,Polyclinique Sainte-Thérèse,hospital,,,,,,
57853934,way,43.4848887,-1.4643344,Centre hospitalier de la Côte Basque - Site Cam de Prats,hospital,,,,,,
58448452,way,44.8573421,-0.5878555,Clinique Tivoli,hospital,,,,+33 5 56 11 60 00,,
59210320,way,50.7165133,3.1567706,Clinique de la Victoire,hospital,,,,,,
59274472,way,48.4827291,7.2240873,Clinique Saint-Luc,hospital,Groupe hospitalier Saint-Vincent,limited,,+33 3 88 47 41 41,https://www.ghsv.org/le-ghsv/nos-etablissements/clinique-saint-luc/,Schirmeck
59287482,way,14.6150362,-60.9989978,Hôpital Lamentin Bourg,hospital,CHU de Martinique,,,+596 596 48 88 00,,
59287483,way,14.6155542,-60.9999892,,hospital,,,,,,
59987211,way,47.8140125,-3.6346777,cabinet médical du GUILY,clinic,,,,,,
60049714,way,47.8110834,-3.6333132,Cabinet Médical Les Plages,clinic,,,,+33 2 98 96 57 89,,Moëlan-sur-Mer
61185798,way,43.901615,1.8881056,Centre hospitalier de Gaillac,hospital,,,,+33 5 63 42 50 50,https://www.ch-gaillac.com/,
61485435,way,45.1815906,5.7090565,Institut Daniel Hollard,hospital,,,,,https://www.ghm-grenoble.fr/etablissement/institut-de-cancerologie/,Grenoble
61683110,way,45.5154701,1.2034383,Centre hospitalier Jacques Boutard,hospital,,yes,,+33 5 55 75 75 75,http://www.chjb.fr/,
61689889,way,47.8044781,3.5559711,Centre hospitalier d’Auxerre,hospital,,yes,,+33 3 86 48 48 48,https://www.ght-unyon.fr/index.php,
61911358,way,43.5354691,5.4433612,Centre hospitalier du Pays d'Aix,hospital,,yes,,+33 4 42 33 50 00,https://www.ch-aix.fr/,Aix-en-Provence
62144224,way,44.4448917,1.4364203,Centre hospitalier de Cahors,hospital,,yes,,+33 5 65 20 50 50,https://www.ch-cahors.fr/,
62178791,way,43.609197,7.0116471,Arnault Tzanck Mougins,hospital,,,,+33 4 97 16 68 00,https://www.tzanck.org/mougins,
62265735,way,45.7595602,4.8453972,Clinique Part-Dieu,clinic,,,,+33 4 78 60 59 19,,
62417652,way,42.7235316,2.8469054,Clinique de la Pinède,hospital,,,,,,
62475955,way,47.1722132,0.2480297,Hôpital de jour de psychothérapie pour adultes,hospital,,,,,,Chinon
62506027,way,45.9262482,6.1683404,Pole Sport Santé,clinic,,,,,https://pole-sport-sante.com/,Annecy-le-Vieux
62578435,way,43.4842218,-0.7749709,Centre Médical,clinic,,,,,,
62804878,way,45.4535948,4.2652123,Clinique de Saint-Victor,clinic,,,,,,
62875478,way,43.3258104,-0.3444865,Centre Jean Vignalou,hospital,Centre hospitalier de Pau,no,,,,
62908481,way,43.3076074,-0.3384986,Cabinet Médical du Rond-Point,clinic,,,,,,Pau
62912033,way,43.3040857,-0.3637523,Groupe de radiothérapie et d'oncologie des Pyrénées,hospital,,,,+33 5 59 92 72 75,http://www.pole-marzet.fr/oncologie/,
62981789,way,42.704741,3.0057572,Centre de rééducation Balnéothérapie,clinic,,,,,,
63033635,way,44.8596866,-0.6245044,Polyclinique Bordeaux-Caudéran Les Pins Francs,hospital,,,,+33 8 26 30 16 16,http://pbca.gbna-polycliniques.com,
63140463,way,45.2098092,5.8527603,Grési'Santé,clinic,,,,,,
63198169,way,48.8804815,2.3601905,Hôpital de jour Léopold Bellan,hospital,Fondation Léopold Bellan,,,+33 1 53 26 22 22,http://www.hopital.bellan.fr,Paris
63201284,way,48.8785401,2.3503089,Les Cariatides d'Abbeville,hospital,Hôpital Maison Blanche,,,,,
63233208,way,48.8766576,2.384574,Clinique des Buttes-Chaumont,clinic,Clinalliance,,,,,Paris
63234971,way,48.8772899,2.4044967,Clinique Maussins-Nollet,hospital,,,,+33 1 42 03 47 37,,
63240688,way,48.8749512,2.3758843,Centre médical Atlas,clinic,COSEM,,,,https://www.centre-medical-atlas.com/,
63306030,way,45.4144011,4.394414,Clinique mutualiste chirurgicale,hospital,Mutualité française Loire - Haute-Loire - Puy-de-Dôme,yes,,+33 4 77 12 12 12,https://www.mutualite.fr/services/trouver-un-service-de-sante/clinique-mutualiste-chirurgicale-saint-etienne-cedex/,
63335590,way,43.226057,0.8636936,Foyer du Comtal,hospital,,,,,,
63335833,way,45.4282522,4.4180059,Hôpital Privé de la Loire,hospital,Ramsay Santé,yes,,+33 826 30 42 42,https://hopital-prive-de-la-loire-saint-etienne.ramsaygds.fr/,
63343215,way,43.3714399,-0.3736445,Centre Médical de L'Arlas,clinic,,,,,,
63374179,way,47.3976942,0.6598917,CPU C - Clinique Psychiatrique Universitaire,clinic,,,,,,
63426814,way,46.5681585,0.6316624,,clinic,,,,,,
63512171,way,43.2179287,-0.8899121,Hôpital de Mauléon,hospital,,,,,,
63571279,way,47.9636354,0.1547082,Centre Hospitalier Charles Drouet,hospital,,no,,,,
63612382,way,49.3538969,0.0690114,Polyclinique Deauville,hospital,,,,,,
63642778,way,47.4390524,0.6459352,Centre de soins Louis Sevestre,hospital,,,,+33 2 47 42 46 46,,
63645731,way,48.8645848,2.3818674,Hôpital Mère-Enfant de l'Est parisien,clinic,Estrelia,,,,https://estrelia.org/hopital-mere-enfant-de-lest-parisien/,
63672499,way,43.6941047,5.4992721,Centre hospitalier de Pertuis,hospital,Centre hospitalier du Pays d'Aix,yes,,+33 4 42 33 50 00,https://www.ch-aix.fr,
63751822,way,48.6303604,2.4497973,Clinique du Mousseau,hospital,Ramsay Santé,yes,,+33 1 60 90 10 10,https://clinique-du-mousseau-evry.ramsaygds.fr/,
63826738,way,48.8415376,2.3358191,Hôpital Tarnier,hospital,,,,+33158411811,,
63944751,way,45.0865194,4.6295054,Hôpital Local de Saint-Félicien,hospital,,,,,,
63992078,way,48.9258502,2.3665772,Clinique du Grand Stade,hospital,,,,,,
64103830,way,48.8351916,2.2448566,Clinique Marcel Sembat,hospital,,,,+33 1 47 11 99 99,http://www.generale-de-sante.fr,
64564632,way,45.6500668,0.1326952,Centre Médical,clinic,,,,,,
64725029,way,46.8679593,-0.3906899,Cabinet d'infirmiers,clinic,,,,,,
64817834,way,47.2874402,0.713891,Sylvain Marceul,clinic,,,,,,
64819387,way,47.2873691,0.7127572,Déborah Quinchamp,clinic,,,,,,
64849905,way,45.5704487,5.4480211,Centre hospitalier de La Tour-du-Pin,hospital,,,,,,
65190025,way,45.9407385,6.6340875,Hopital de jour pour adultes de Sallanches,hospital,Etablissement Public de Santé Mentale de la Vallée de l'Arve,,,,,Sallanches
65195994,way,45.940667,6.6342195,Centre Medico Psychologique Adultes de Sallanches,hospital,Etablissement Public de Santé Mentale 74,,,,,Sallanches
65303367,way,44.2083832,0.6136846,Clinique Calabet,clinic,Elsan,,,,https://www.elsan.care/fr/cesh,
65307586,way,44.2082275,0.6138114,Centre de Radiothérapie et d'Oncologie de Moyenne-Garonne,clinic,,,,+33 5 53691200,https://www.cromg.fr/,
65444087,way,45.0392598,5.0603968,Clinique La Parisière,clinic,,,,+33 4 75 70 30 00,,
65523795,way,43.2498999,5.3827686,Clinique mutualiste Bonneveine,hospital,,,,+33 4 96 14 14 14,,
65640132,way,45.4772479,4.3655736,Centre de Réadaptation Cardio-Respiratoire de la Loire,hospital,,,,,,
65648230,way,48.6999692,2.1901761,Maison de l'Yvette,hospital,Groupe hospitalier Nord-Essonne,no,,,,Orsay
65653079,way,48.6985247,2.185708,Service Hospitalier Frédéric Joliot,hospital,CEA (Commissariat à l'énergie atomique et aux énergies alternatives),no,,+33 1 69 86 77 09,https://joliot.cea.fr/drf/joliot/Pages/Entites_de_recherche/SHFJ.aspx,
65659451,way,48.6378553,4.9467715,Clinique François 1er,clinic,,,,,,
65842482,way,16.2368153,-61.5369271,Centre médical,clinic,,,,,,
66155369,way,43.6983984,5.7344774,ASTBTP,clinic,,,,,https://www.astbtp13.fr/,
66170568,way,-20.9949959,55.6769829,,clinic,,,,,,
66192070,way,48.0096055,0.2243456,Centre d'Addictologie,hospital,Établissement public de santé mentale de la Sarthe,,,+33 2 43 76 09 09,https://www.epsm-sarthe.fr/soins-specifiques/conduites-addictives-un-probleme-avec-lalcool-le-tabac-la-drogue/centre-intersectoriel-daddictologie-clinique-premartine/,Le Mans
66257841,way,45.2429347,4.6640366,Clinique Psychiatrique Joseph Chiron,hospital,,,,,,
66338884,way,48.907172,2.2533618,Clinique Villa Marie-Louise,hospital,,,,+33 1 41 19 39 39,https://www.emeis-cliniques.fr/clinique-villa-marie-louise-la-garenne-colombes-92,
66365614,way,45.6811839,4.6404189,Maison de Santé,clinic,,,,,,Thurins
66392631,way,48.90786,2.2419316,Hôpital Privé La Montagne Lambert,hospital,,,,+33 1 71 04 25 56,https://hopital-prive-la-montagne-lambert.ramsaysante.fr/,
66445037,way,15.9982789,-61.7323166,Centre Médico-Social,clinic,,,,,,
66446704,way,15.9977327,-61.732259,Sante Forme,clinic,,,,,,
66468034,way,41.5995849,9.2790966,Centre médical les Albizzias,clinic,,,,,,
66514238,way,16.3038866,-61.0741301,Dispensaire,hospital,,,,,,
66517838,way,16.3037138,-61.0708985,Centre médical,clinic,,,,,,
66542440,way,50.6220368,3.0777952,Halle Saint-Vincent-de-Paul,hospital,Hôpital Saint-Vincent de Paul,,,,,
66597432,way,44.5224462,3.4906921,Hôpital Lozère,hospital,,yes,,+33 4 66 49 49 49,http://www.ch-mende.fr,MENDE
66689504,way,45.3028444,5.4886472,Centre hospitalier Michel Perret,hospital,,,,,,Tullins
66804022,way,48.0191454,-1.7227857,Clinique du Moulin,clinic,,,,,,
66864276,way,45.8024891,3.1084169,Clinique de la Plaine,hospital,,,,,,Clermont-Ferrand
66920959,way,46.6340936,1.059714,Centre hospitalier du Blanc,hospital,,yes,,+33 2 54 28 28 28,http://www.ch-leblanc.fr/,
67042872,way,46.368537,6.466192,Hôpital de jour petite enfance Bleu Soleil,hospital,Etablissement Public de Santé Mentale de la Vallée de l'Arve,,,+33 4 50 83 22 82,,Thonon-les-Bains
67055067,way,46.3614025,6.4613025,Hopital de Jour Pedo Psychiatrique,hospital,Etablissement Public de Santé Mentale de la Vallée de l'Arve,,,+33 4 50 70 32 64,,Thonon-les-Bains
67075072,way,45.982065,5.3531184,,clinic,,,,,,
67082281,way,45.8135077,1.2314725,Hôpital Jean Rebeyrol 2,hospital,,,,,,
67374241,way,50.2890432,4.1017426,CH de Jeumont,hospital,,,,,,
67452294,way,48.0159778,0.1558736,Santé au travail 72,clinic,,,,,,Le Mans
67496774,way,45.7791272,3.0748015,Hôpital de Jour Henri Ey,hospital,,,,,,
67502989,way,48.8410171,2.2502069,Clinique Montevideo,hospital,,,,+33 1 41 22 98 88,http://www.montevideoclinic.net,
67505796,way,46.2176839,1.0760158,Maison de Santé Pluriprofessionnelle du Dorat,clinic,,,,,,
67649285,way,43.9262258,2.134403,Centre Mutualiste de Réadaptation Fonctionnelle,hospital,,no,,,,
67657862,way,48.1970979,7.3160004,Hôpital de Ribeauville,hospital,,,,,,Ribeauvillé
67662926,way,46.2363085,1.5609778,Centre de Réadaptation Fonctionnelle André Lalande,hospital,,no,,,,
67720147,way,46.1788483,1.8801113,Clinique de la Marche,hospital,,,,+33555526457,,
67913016,way,46.1639196,1.8696375,Centre hospitalier de Guéret,hospital,,yes,,+33 5 55 51 70 00,https://www.ch-gueret.fr/,
68349616,way,43.2199566,2.391625,Clinique du Sud,hospital,Groupe Elsan,,,+33 8 26 30 04 11,http://www.sud.groupe-elsan.com/,
68567038,way,51.0676075,2.4794213,Hôpital Maritime de Zuydcoote,hospital,,,,+33 3 28 26 20 20,https://www.ch-zuydcoote.fr/,
68569966,way,43.47801,1.6657344,Maison de Santé Mailhol,hospital,,,,,,
68650264,way,44.1049315,3.0688408,Centre de Santé Mentale,hospital,,,,,https://www.ch-millau.fr/hopital/nos-services/psychiatrie-adulte/unite-dhospitalisation-complete/,Millau
68658925,way,49.0466326,-1.4408183,Clinique du Docteur Guillard,hospital,,,,,,
68665343,way,49.0440144,-1.4434552,Centre Lasthénie de Ferjol,clinic,,,,,,
68693536,way,49.0416232,-1.44382,Centre hospitalier de Coutances,hospital,,yes,,+33 2 33 47 40 00,https://www.ch-coutances.fr/,Coutances
68853303,way,48.8783569,2.2415376,Hopital Communal de Puteaux,hospital,,no,,,,
68866010,way,43.0956486,-0.0543591,Accueil Marie Saint-Frai,hospital,,no,,,,
69049367,way,48.8613305,2.3057402,La Clinique de l'Alma,clinic,,,,,https://clinique-alma.com/,
69090506,way,49.526538,0.1844229,Hôpital Jacques Monod,hospital,Groupe hospitalier du Havre,yes,,+33 2 32 73 32 32,https://www.ch-havre.fr/,
69359998,way,45.2006695,0.6696146,Pôle de Chancelade,clinic,,,,,,
69558874,way,43.291932,5.5640614,Centre Hospitalier d'Aubagne,hospital,,yes,,+33 4 42 84 70 00,https://ch-aubagne.eu/,
69694901,way,43.1859025,-0.1145724,Maison de Santé,clinic,,,,,,
69834400,way,49.3775609,3.3122813,Polyclinique Saint-Christophe,clinic,,,,,,
69851734,way,44.5689822,2.2522595,Centre hospitalier de Decazeville - Centre Hospitalier Pierre Delpech,hospital,Centre Hospitalier de Rodez,yes,,+33 5 65 43 71 71,https://www.ch-decazeville.fr/,Decazeville
69983732,way,50.6685341,3.1908626,,clinic,,,,,,
70001062,way,48.870747,2.38901,Clinique du Parc de Belleville,clinic,,,,,https://www.clinea.fr/clinique-du-parc-de-belleville-paris-75,
70004172,way,48.8735079,2.3859895,Centre post-cure de la Métairie,clinic,,,,+33 144621616,,
70240168,way,45.812733,1.2323701,Hôpital Jean Rebeyrol 1,hospital,,,,,,
70312265,way,45.8123105,1.2362064,Centre hospitalier universitaire de Limoges,hospital,,yes,,+33 5 55 05 55 55,https://www.chu-limoges.fr/,Limoges
70529985,way,49.5019969,-1.4639502,Centre Hospitalier de Valognes,hospital,Centre Hospitalier Public du Cotentin,limited,,+33 2 33 95 70 00,https://www.ch-cotentin.fr/,
70666918,way,48.7309145,2.2919351,Hôpital privé Jacques Cartier,hospital,Ramsay Santé,yes,,+33 1 60 13 60 60,https://hopital-prive-jacques-cartier-massy.ramsaygds.fr/,
71049267,way,48.7461877,7.3490899,Centre Hospitalier Sainte-Catherine,hospital,,yes,,+33 3 88 71 67 67,https://www.ch-saverne.fr/,Saverne
71163201,way,49.0318381,2.3397977,Maison Médicale Censier,clinic,,,,,,Domont
71168758,way,47.3487604,0.6256177,Cabinet infirmier,clinic,,,,,,
71257691,way,47.8118896,-3.2604802,Hôpital de jour Pierre Thalbot,hospital,,,,+33 2 97 02 39 39,,
71353324,way,48.7135337,2.2612389,Centre médical Chaumont,clinic,,,,+33 1 69814105,,
71488477,way,4.9412712,-52.3236958,,clinic,,,,,,
71569525,way,47.3241861,-2.4244148,Hôpital Intercommunal de la Presqu'ile Guérande,hospital,,,,,,
71628146,way,48.8847882,2.171796,Clinique Les Martinets,clinic,Ramsay Santé,,,,https://clinique-les-martinets-rueil-malmaison.ramsaysante.fr/,Rueil-Malmaison
71982776,way,48.0126902,6.5970145,Centre Médico-Psychologique Enfants et Adolscent - Hôpital de jour enfants,clinic,,,,,,Remiremont
71987367,way,48.0100292,6.588344,Hôpital de Jour La Roche d'Arma,clinic,,,,,,Remiremont
72051109,way,-21.5704601,165.4981376,Dispensaire de Bourail,hospital,,,,+687 20 46 30,,
72072684,way,48.7211444,-3.9921511,"Bâtiment ""Les mouettes"" de la maison Saint-Luc",hospital,Fondation ILDYS,,,,,Roscoff
72074345,way,48.7214489,-3.9916455,Maison Saint-Luc - Fondation ILDYS,hospital,Fondation ILDYS,,,,,Roscoff
72076363,way,48.7215432,-3.9917139,"Maison Saint-Luc, Fondation ILDYS",clinic,Fondation ILDYS,,,+33298292525,https://www.ildys.org/etablissements/maison-saint-luc/,Roscoff
72095813,way,48.6829338,-3.9966495,,hospital,,,,,,
72230856,way,48.8449263,2.2317083,Institut Européen de Chirurgie Esthétique et Plastique,hospital,,,,+33 1 46 05 05 05,,
72320440,way,48.7641211,5.5846037,Hôpital de jour adultes,hospital,,,,+33 329 916 099,,
72320445,way,48.7638981,5.5854094,Hôpital de jour enfants,hospital,,,,+33 329 916 099,,
72366917,way,47.2153389,5.979924,Polyclinique de Franche-Comté,hospital,,,,+33 3 81 41 81 41,http://www.polyclinique-franchecomte.fr/,Besançon
72368144,way,47.2214726,5.9655242,Maison médicale de garde (SOS Médecins),clinic,,,,+33 826 88 24 24,https://www.sosmedecins-france.fr/,
72368211,way,47.2160681,5.9785884,Espace Médical Rodin,clinic,,,,,,
72463455,way,47.3122515,5.043416,Clinique Clément Drevon,hospital,,,,+33 3 80 29 45 00,http://www.cliniquedrevon.fr/,Dijon
72547815,way,44.7301952,5.0218894,CH de Crest,hospital,,yes,,,,
72742365,way,46.4103287,-0.2208437,Centre hospitalier Saint-Maixent,hospital,,no,,,,
72807101,way,48.1967087,3.2932331,Centre de Médecine Nucléaire du Parc,clinic,,,,+33 3 86 86 26 10,https://cmnp.org/sens/,Sens
72815020,way,48.1973026,3.2941629,Unité de Soins Palliatifs - Unité Gaïa,hospital,,,,+33 3 86 96 75 05,https://www.ch-sens.fr/unite-de-soins-palliatifs,Sens
72818529,way,48.1976897,3.2942723,Centre Hospitalier Spécialisé de l’Yonne - Unité Henri EY,hospital,,yes,,+33 3 86 64 45 43,https://www.chs-yonne.fr/ou-consulter/plus-de-18-ans/sens/,Sens
72859402,way,48.83641,2.2315913,Clinique du Pont de Sèvres,clinic,Clinea,,,+33155605252,https://www.orpea.com/,
72961290,way,45.6264472,-1.0465475,Centre Alpha,clinic,,,,+33546392669,,
72981528,way,43.3753552,-1.7597816,Hôpital Marin de Hendaye,hospital,,,,,,
73246687,way,48.8849967,2.4010811,Clinique du Pré Saint-Gervais,hospital,Clinea,,,,,
73431260,way,48.8789212,2.4225945,Clinique Paris Lilas,clinic,Clinique Paris Lilas – SAS – RCS Bobigny 702 010 091,,,,,Les Lilas
73542020,way,-21.3298384,164.9965513,Dispensaire de Népoui,hospital,,,,,,
73568242,way,44.9117166,6.6299355,Centre médical Montjoy,clinic,,,,,https://www.inicea.fr/smr/clinique-montjoy-hautes-alpes-05100,
73570981,way,44.9082568,6.6320145,Clinique du Souffle Les Acacias,clinic,Inicea,,,+33492253900,https://www.inicea.fr/smr/clinique-du-souffle-les-acacias-hautes-alpes-05107,
73575796,way,45.6026168,-1.0038655,Polyclinique Saint-Georges,clinic,,,,+33546050794,,
74083047,way,47.1783303,-1.493336,Hôpital intercommunal Sèvre et Loire,hospital,,,,,,
74112513,way,-21.0096905,164.7020447,Infirmerie de Vavouto,hospital,Koniambo Nickel SAS,,,,,
74468700,way,48.9033672,2.3050477,Imagerie Cardinet,clinic,,,,,,
74483679,way,-20.5597795,164.2809656,Hopital Paula Thavoavianon,hospital,,,,,,
74540401,way,47.190173,-1.5268026,Centre médical Mauvoisins,clinic,,,,,,
74627402,way,48.8194924,2.1407948,La Porte Verte,clinic,,,,,,
74866209,way,49.4872178,0.1365213,Clinique des Ormeaux,hospital,,yes,,+33 2 32 74 32 74,https://www.ormeaux.com/,
75023079,way,43.5431262,1.5403578,Clinique Saint-Orens,hospital,Elsan,,,+33 8 26 39 33 33,https://www.elsan.care/fr/clinique-saint-orens,
75072817,way,43.5988348,1.3211657,,clinic,,,,,,
75173411,way,43.9294248,2.1800812,,clinic,,,,+33 8 26 39 99 41,,
75243434,way,48.9336851,2.2039396,Polyclinique du Plateau,hospital,,,,,,
75326381,way,47.3521445,0.71156,T23 - Centre Psychothérapique de Tours Sud (CHU),hospital,,,,+33 2 47 47 47 47,,
75348122,way,45.1795827,0.7368245,Le Moigne Busset,clinic,,,,,,
75384931,way,45.7448189,0.3855375,Clinique Cardiologue,clinic,,,,,,
75551775,way,45.1944911,0.7297196,Centre hospitalier de Périgueux,hospital,,yes,,+33 5 53 45 25 25,https://www.ch-perigueux.fr/,
75636257,way,-20.9368335,165.3388645,Dispensaire de Poindimié,hospital,,,,,,
75636263,way,-20.937278,165.3378075,Hoptial Raymond Doui Nebayes de Poindimié,hospital,,,,15,,
75739720,way,44.8631271,1.8876634,Hopital Saint Jaques,clinic,,,,,,
75776317,way,45.1888709,0.7280741,,clinic,,,,,,
76002023,way,-21.071454,165.4010747,Dispensaire de Ponérihouen - Centre Médico-Social,hospital,,,,,,
76259007,way,48.8315367,2.1250948,Hôpital André Mignot,hospital,,yes,,+33 1 39 63 91 33,https://www.ch-versailles.fr,
76281073,way,49.499504,0.1130624,Hôpital Flaubert,hospital,Groupe hospitalier du Havre,yes,,+33 2 32 73 32 32,,Le Havre
76839349,way,48.9996265,2.2706124,Centre de Médecine Nucléaire et TEP d'Eaubonne,hospital,Elsan,,,,,
76995026,way,-21.5207195,165.9630563,Dispensaire de Canala,hospital,,,,,,
77007521,way,49.501515,0.1229889,Hôpital Pierre Janet,hospital,,,,,,
77508188,way,47.3844682,6.7698874,Centre Médical de Pont-de-Roide,clinic,,,,,,
78000154,way,48.8429738,2.4063207,Hôpital Pierre Rouquès - Les Bluets,hospital,,,,,https://www.bluets.org/,
78091284,way,44.5495976,-0.2383729,Clinique Sainte-Anne,hospital,,,,+33 5 57 98 05 10,,
78103873,way,48.4960363,-2.7448033,CMPEA Saint-Brieuc Maria Estrella,hospital,Fondation Saint Jean de Dieu,,,,,Saint-Brieuc
78103885,way,48.4959026,-2.7450295,CMP Maria Estrella,hospital,Fondation Saint Jean de Dieu,no,,,,Saint-Brieuc
78267335,way,48.6293693,-3.2994655,Clinique d'Addictologie,hospital,,,,,,
78470329,way,48.8269318,2.3555227,Centre de santé,clinic,,,,,,
78786259,way,48.7757164,2.2947906,FSEF Sceaux,clinic,,,,,,
79100057,way,43.4117125,1.7341545,,hospital,,,,,,
79100761,way,43.4119848,1.7338194,,hospital,,,,,,
79104292,way,43.4115992,1.7337285,,hospital,,,,,,
79105005,way,43.4117,1.7345587,,hospital,,,,,,
79280602,way,48.1350045,-1.9468144,,clinic,,,,,,
79508092,way,50.604658,3.1409734,Clinique FSEF des 4 Cantons,clinic,,,,+33320438810,https://www.fsef.net/index.php/etablissements/clinique-des-quatre-cantons/presentation-clinique-des-quatre-cantons,Villeneuve-d'Ascq
79515329,way,50.6961189,3.1871229,Hôpital de Jour Isabeau,hospital,,no,,,,
79530972,way,50.6781041,3.1730918,,hospital,Centre Hospitalier de Roubaix,,,,,
79569068,way,48.4219081,7.6601317,Centre hospitalier Erstein Ville,hospital,,no,,,,Erstein
79717313,way,48.8276297,2.3144557,Les Colombages,hospital,,,,,,
79717630,way,48.8290796,2.3135996,Fondation Hospitalière Sainte-Marie,hospital,,,,,,
79764470,way,47.6431673,6.8635818,Clinique de la Miotte,hospital,,no,,,,
80152146,way,48.8324596,2.3065068,Clinique Alleray Labrouste,hospital,,,,,https://www.alleray-labrouste.com,
80176407,way,46.9521471,4.301781,Centre hospitalier d'Autun - Site Latouche,hospital,,,,,,
80195260,way,46.950618,4.29382,Clinique du Parc,hospital,,,,+33 3 85 86 56 56,http://www.clinique-chirurgicale-autun.com/,
80199722,way,48.1297919,-1.6627847,Hopital de jour pour enfants,clinic,,,,,,
80282799,way,48.8712344,2.2910204,Clinique Chirurgicale Victor Hugo,hospital,,,,,,
80359988,way,45.3233757,5.562283,Maison médicale,hospital,,no,,,,Moirans
80608013,way,50.6822657,2.8933031,Établissement Public de Santé Mentale,hospital,,no,,,,
80619788,way,44.3839013,2.029473,Centre hospitalier de Villefranche-de-Rouergue - Site de Ruhle,hospital,,,,,,
80745607,way,47.0827662,5.4726169,Centre Hospitalier Louis Pasteur,hospital,,yes,,+33 3 84 79 80 80,https://www.ch-dole.fr/,
80746974,way,49.2475537,2.4604676,Centre hospitalier de Creil,hospital,Groupe Hospitalier Public du Sud de l’Oise,yes,,+33 3 44 61 60 00,https://www.ghpso.fr/le-ghpso/site-de-creil/,Creil
80908574,way,50.6689484,3.046476,EPSM de l'Agglomération Lilloise Lommelet,hospital,,no,,,,
81166817,way,50.7429901,2.7435444,Centre Médical des Monts de Flandre,hospital,,,,+33328434743,,
81174277,way,50.7442353,2.7394951,La Clairière,hospital,,,,+33328438130,,Bailleul
81203144,way,47.0971687,5.5074938,Polyclinique du Parc,hospital,,,,,,
81203771,way,48.8862586,2.2786871,Clinique Ambroise Paré,clinic,,,,+33826200300,,
81248136,way,48.8859361,2.2806349,Clinique Hartmann,clinic,,,,+33146398989,,Neuilly-sur-Seine
81572569,way,42.6954695,2.8643312,Centre Catalan d'Oncologie,hospital,,,,+33 4 68 55 74 96,https://www.cco-perpignan.fr/,
81671113,way,45.6857011,5.921543,GCS Clinique Herbert,clinic,Centre Hospitalier Métropole Savoie,yes,,,,Aix-les-Bains
81814770,way,47.3597689,1.7312802,Centre hospitalier de Romorantin-Lanthenay,hospital,,yes,,+33 2 54 88 33 00,https://www.ch-romorantin.fr/,Romorantin-Lanthenay
81852518,way,48.8588815,2.4474011,Cap Horn Santé Montreuil,hospital,,,,,https://caphorn-sante.fr/,Montreuil
82070309,way,49.0285016,1.1607667,Clinique Pasteur,hospital,,yes,,+33 2 32 38 95 00,https://hopitalprivepasteur.vivalto-sante.com/,
82716618,way,43.7024884,7.2529583,Clinique Atlantis,clinic,,,,,,
82750641,way,46.1318639,0.1050136,Groupe Médical,clinic,,,,,,
82751277,way,46.1319798,0.1053157,Cabinet Médical,clinic,,,,,,
82837982,way,46.6772792,5.5497361,Clinique Val Jura,clinic,,,,,,Lons-le-Saunier
82839148,way,46.6796039,5.5577701,Pavillon La Ferté,hospital,,no,,+33 3 84 35 61 07,https://hopitaux-jura.fr/chipr/vos-droits/prise-en-charge-de-la-douleur/,
82849178,way,46.6717888,5.5569118,Clinique du Jura,clinic,,,,+33 3 84 35 16 00,http://www.cliniquedujura.fr,
83024006,way,44.896845,-0.2266018,Hôpital Garderose,hospital,,,,,,
83475488,way,43.0258239,1.6198498,Centre hospitalier des Vallées de l’Ariège - Site de Foix,hospital,,yes,,+33 5 61 03 30 30,https://www.chiva-ariege.fr/,
83516667,way,48.1059997,-1.8707318,Cabinet d'infirmière,clinic,,,,,,
83703777,way,48.8256323,1.9394725,Centre hospitalier de Plaisir-Site Mansart,hospital,,,,+33 1 30 79 57 57,https://hopital-plaisir-grignon.fr/,
83703779,way,48.8234585,1.9483797,Centre hospitalier de Plaisir-Site Marc Laurent,hospital,,,,,http://www.eps-charcot.fr/,
83727131,way,47.2223621,-1.523168,Hôpital Bellier,hospital,,,,,,
83791087,way,48.8108962,2.2948864,Centre Laennec,hospital,,,,,,
83858174,way,45.7161022,4.9256996,Clinique IRIS,hospital,Ramsay Santé,,,+33 4 28 63 69 30,https://clinique-iris-saint-priest.ramsaysante.fr/,
84099824,way,48.9308023,2.3616226,Hôpital Casanova,hospital,Centre hospitalier de Saint-Denis,no,,+33 1 42 35 61 40,https://www.ch-stdenis.fr/,
84466533,way,48.9132176,2.4602478,Clinique du Bois d'Amour,hospital,,,,,,
84526042,way,45.0338122,3.0861276,Centre hospitalier de Saint-Flour,hospital,,yes,,,,Saint-Flour
84639710,way,48.5182348,-3.5838988,,clinic,,,,,,
84803154,way,45.0303646,3.0667464,Centre hospitalier La Combe de Volzac,hospital,,,,,https://www.ch-stflour.fr/,
85097223,way,50.6217126,3.1227815,Centre de l'Espoir,clinic,,,,+33320058500,,
85269676,way,47.4422786,5.5889467,Espace Médical,clinic,,,,,,
85328699,way,48.7504623,2.4650138,Institut Robert Merle d'Aubigné,hospital,,no,,+33 1 45 10 80 80,http://www.irma-valenton.fr/,Valenton
85703095,way,46.5710876,3.3261792,Centre hospitalier de Moulins-Yzeure,hospital,,yes,,+33 4 70 35 77 77,https://www.ch-moulins-yzeure.fr/moulins.php,
86134269,way,50.2518377,3.6271385,Hôpital Léon Schwartzenberg,hospital,,,,,,
86179346,way,46.6734455,-1.4015965,UDM ECHO La Roche-sur-Yon,clinic,Association ECHO,,,+33 2 51 05 06 28,https://echo-dialyse.fr/,La Roche-sur-Yon
86357216,way,45.0335682,3.8882924,Clinique Bon secours,hospital,,,,,,
86418676,way,48.8477963,2.2711682,Clinique Drouot Rémusat,clinic,,,,+33 1 44 14 11 11,https://clinique-drouot.com/,
86526853,way,49.2733757,4.0512295,Pôle Santé,clinic,,,,,,
86600004,way,49.2526772,3.9932615,,clinic,,,,,,
87009002,way,45.9775115,6.1580454,Pôle de santé,clinic,,,,,,Charvonnex
87454300,way,50.4392633,2.8175503,Centre Hospitalier de Lens,hospital,,yes,,+33 3 21 69 12 34,https://www.ch-lens.fr/,Lens
88216839,way,48.8602367,2.5485175,Établissement Public de Santé de Ville-Evrard,hospital,,,,,https://www.eps-ville-evrard.fr/hospitalisation/lieux-dhospitalisation,
88269629,way,48.8539196,2.4084397,Hôpital Croix Saint-Simon,hospital,Groupe Hospitalier Diaconesses Croix Saint-Simon,yes,300,+33 1 44 64 16 00,https://www.hopital-dcss.org/,
88586571,way,44.239615,5.0751657,Centre hospitalier de Vaison-la-Romaine,hospital,,yes,,+33 4 90 36 04 58,https://www.ch-vaison.fr/,
89057979,way,48.6473275,6.144446,Institut de Cancérologie de Lorraine,hospital,,,,,,
89070096,way,43.0554241,2.2195177,Centre hospitalier de Limoux,hospital,,,,,,
89318118,way,43.8302523,5.7805769,Centre de Santé de Manosque,hospital,,,,+33 4 92 70 58 60,http://www.cdsmanosque.fr/,Manosque
89323313,way,43.8267805,5.7814293,Cabinet Médical Drouille,clinic,,,,+33 4 30 31 90 60,https://www.cabinetmedical-drouille.fr/,Manosque
89439483,way,45.9362154,-0.5290721,Médecine du travail,clinic,APAS,,,,https://www.apas17.com/qui-sommes-nous/centres-apas,Saint-Jean-d'Angély
89550656,way,44.0940539,3.0521572,Centre hospitalier de Millau,hospital,,yes,,+33 5 65 59 30 00,https://www.ch-millau.fr/,
89676392,way,48.7615911,2.2858879,Clinique l'Amandier,clinic,Général de Santé,,,+33 8 26 30 10 10,http://www.generale-de-sante.fr/clinique-l-amandier-chatenay-malabry,
89773038,way,47.1747816,-1.6172865,Unité d'Autodialyse de Bouguenais,clinic,Association ECHO,,,+33 2 40 65 17 99,https://echo-dialyse.fr/,Bouguenais
89844982,way,48.8189176,2.5390743,Hôpital de Jour,hospital,,,,,,
89854502,way,47.8810657,-3.5550305,,clinic,,,,,,
89860091,way,47.8778255,-3.5528845,,clinic,,,,,,
90599333,way,46.1282555,3.4225865,Espace Georges Canguilhem,hospital,Centre Hospitalier de Vichy,,,+33470984258,,Vichy
90623356,way,49.1291489,-0.4217284,Hôpital de jour de Maltot,hospital,Établissement public de santé mentale de Caen,,,+33 2 31 26 78 84,,
90729677,way,47.0606135,6.6029475,Centre Hospitalier Paul Nappez Morteau,hospital,,,,,,
90739139,way,49.2620677,4.0302543,Centre médical Boulingrin,clinic,,,,+33 326791300,,
90881981,way,44.5681498,6.0691169,Centre Rhône-Azur,hospital,,,,,,
90896377,way,44.5597365,6.0826965,SESSAD,clinic,Mairie de Gap,,,,,Gap
90928722,way,43.3775719,6.2965542,Hopital local départemental,hospital,,,,,,
90969898,way,48.6970015,2.1702679,Domaine du Grand-Mesnil,hospital,,,,,,
91118928,way,43.81894,6.090125,Hôpital de Riez,hospital,,,,,,
92083607,way,43.185245,2.9967855,Clinique Psychatrique Sainte-Thérèse,hospital,,,,,,
92156968,way,50.4905615,2.850085,Centre de Santé Médical,hospital,,,,,,
92506386,way,47.4440718,0.3184613,Maison médicale,clinic,,,,+33 2 47 29 72 80,,Savigné-sur-Lathan
92535343,way,47.8762284,-4.1020936,Clinique des Glénans,clinic,,,,+33229402020,,
92576218,way,43.27584,5.5311265,Hôpital privé La Casamance,hospital,,yes,,+33 4 91 88 40 00,https://www.hopital-prive-lacasamance.fr/fr/,
92581906,way,43.2961145,5.568964,Hôpital de Jour Aubignane,hospital,,,,+33 4 42 03 64 64,,
92911018,way,47.1626792,2.0495456,,clinic,,,,,,
94299286,way,47.987024,-4.095896,Onco'Kerné,hospital,,,,,,
94678585,way,48.6703677,-1.9820383,Société Médicale Des Fontenelles,clinic,,,,+33 2 99 40 23 15,,
94934653,way,14.6246962,-61.0608481,Laboratoire d'analyses médicales,clinic,,,,,,Fort-de-France
94935215,way,14.6106398,-61.0547919,Centre Médical Bishop,clinic,,,,,,
94940397,way,49.2440692,4.0173959,Polyclinique Courlancy,hospital,Courlancy Santé,yes,,+33 3 26 77 26 77,https://www.courlancy-sante.com/polyclinique/courlancy.html,
94945905,way,49.2499974,4.0167356,Polyclinique Les Bleuets,hospital,,,,,,
94957598,way,50.6200575,3.07718,Hôpital Saint-Vincent de Paul,hospital,,yes,,+33 3 20 87 48 48,https://www.saintvincentdepaul-lille.fr/,
95038010,way,49.2653272,4.048767,CHU Reims - Hôpital Sébastopol,hospital,CHU Reims,,,,,
95039261,way,49.2271331,4.0223051,Institut de Cancérologie Jean Godinot,hospital,,,,+33 3 26 50 44 44,https://www.institutjeangodinot.fr/accueil/fr/,
95073219,way,48.0042235,2.7325405,Clinique de Montargis,hospital,,,,,,
95230543,way,48.6880745,6.197635,Centre de Rééducation Florentin,hospital,,,,,,
97080317,way,49.3786708,2.4118487,Centre hospitalier de Clermont de l'Oise,hospital,,yes,,+33 3 44 77 33 00,https://www.ch-clermont.fr/,
97279779,way,49.3755567,2.4182705,Centre Hospitalier Psychiatrique Interdépartemental Site de Clermont,hospital,,,,,,
97311060,way,45.9140617,6.8623294,Centre hospitalier Chamonix Mont Blanc,hospital,Hôpitaux du Pays du Mont-Blanc,yes,,+33 4 50 53 84 00,http://www.chi-mont-blanc.fr/,Chamonix-Mont-Blanc
97444339,way,49.3851267,2.4394982,Centre Hospitalier Psychiatrique Interdépartemental Site de Fitz James,hospital,,,,,,
98030957,way,48.6560962,4.9648353,Centre hospitalier Geneviève de Gaulle Anthonioz,hospital,,yes,,+33 3 25 56 84 84,http://www.ch-saintdizier.fr/,Saint-Dizier
98500817,way,48.1857875,-2.2024305,Centre hospitalier de Saint-Méen le Grand,hospital,,no,,+33 2 99 09 88 88,http://pole-sante-saint-meen.fr/les-partenaires/centre-hospitalier-de-saint-meen-le-grand/,Saint-Méen-le-Grand
98760282,way,43.5197084,4.9555669,Centre médical,clinic,,,,,,
99130777,way,43.4010787,5.0525715,Clinique Chirurgicale de Martigues,clinic,,,,+33 4 42 35 42 35,,Martigues
99171427,way,45.3525185,5.6130005,Hôpital de jour Enfants,hospital,,,,,,Coublevie
99308415,way,49.0143345,2.059098,Maison Médicale,clinic,,,,,,Neuville-sur-Oise
99784241,way,47.2970045,-2.386271,ECHO UDM La Baule,clinic,Association ECHO,,,+33 2 40 19 35 81,https://echo-dialyse.fr/,La Baule-Escoublac
99799845,way,46.3127287,-0.4550271,Centre hospitalier de Niort - Site de Goise,hospital,Centre hospitalier de Niort,,,,,
99851572,way,43.6704564,3.8638385,Cabinet Pluridisciplinaire,clinic,,,,,,
100885120,way,43.6070198,3.1491394,,clinic,,,,,,
101171083,way,47.3525099,6.3579448,Hôpital Sainte-Croix,hospital,,no,,+33 3 81 84 70 00,,
101172771,way,49.075043,2.074577,Clinique d’Osny,hospital,Inicea,,,+33 1 34 24 75 75,https://www.inicea.fr/sante-mentale/centre-de-psychotherapie-dosny-95520,
101507738,way,45.8563545,3.5195961,Centre Hospitalier de Thiers,hospital,,yes,,+33 4 73 51 10 00,http://www.ch-thiers.fr/,
102079282,way,43.6717981,4.6352172,Clinique Jean Paoli,hospital,Elsan,,,+33 4 90 99 34 00,,Arles
102101975,way,43.6768249,4.6398106,Clinique Jeanne d'Arc,hospital,Elsan,,,+33 4 90 99 32 32,,
102312928,way,48.8482554,2.7720597,Grand Hôpital de l'Est Francilien - Site de Marne-la-Vallée,hospital,,yes,,+33 1 64 77 64 77,https://www.ghef.fr/,
102613937,way,43.7100883,-0.8399023,Hopital de jour à Montfort-en-Chalosse,hospital,,no,,+33 5 58 05 20 23,,Montfort-en-Chalosse
102620625,way,43.7008763,-0.8526833,Clinique Montpribat,clinic,Inicea,no,,+33 5 58 98 60 28,https://www.inicea.fr/smr/clinique-montpribat-landes-40380,Montfort-en-Chalosse
103273767,way,42.6909675,2.9340168,Polyclinique Médipôle Saint-Roch,hospital,Elsan,yes,,+33 4 28 63 10 10,https://www.elsan.care/fr/medipole-saint-roch,
103356596,way,48.72197,2.5320735,Clinique Diététique,hospital,,,,,,
103366648,way,44.3513761,6.3565116,Maison médicale,clinic,,no,,,,Seyne
103470638,way,45.1691872,1.5340025,Centre hospitalier de Brive-la-Gaillarde,hospital,,yes,,,https://www.ch-brive.fr/,
103713091,way,49.0132595,2.206435,Centre de santé mentale Constance Pascal,clinic,,,,,,
104212059,way,48.8919409,2.1894088,Hôpital du Jour - Centre Médico-Psychologique,hospital,,,,,,
104513611,way,43.4374755,4.909976,Infirmerie,clinic,,,,,,
105047058,way,49.0471705,7.264625,Maison médicale,clinic,,,,,,
105239857,way,50.391024,3.174762,Maison de Santé et de Cure Médicale La Plaine de la Scarpe,hospital,,,,,,
105410789,way,48.8494123,2.3176366,Clinique Saint-Jean de Dieu,hospital,,,,,,
105576133,way,46.3607133,6.4574817,,hospital,Etablissement Public de Santé Mentale de la Vallée de l'Arve,,,,https://www.ch-epsm74.org/psygen.html#Thonon,Thonon-les-Bains
106264977,way,49.4291295,2.080978,Pôle Santé Clemenceau,clinic,Ville de Beauvais,,,,,
106491473,way,50.9575735,1.884549,Unité de Santé Mentale pour Adultes,hospital,,,,,,
107596454,way,46.464066,-0.8261985,UDM ECHO Fontenay-le-Comte,clinic,Association ECHO,,,+33 2 51 50 57 75,https://echo-dialyse.fr/,Fontenay-le-Comte
107782786,way,46.083233,6.407588,EMAS,hospital,Etablissement Public de Santé Mentale de la Vallée de l'Arve,,,+33 4 50 03 45 09,https://www.ch-epsm74.org/psygen.html#Bonneville,
107951242,way,48.804321,2.4783438,Clinique Gaston Métivet,hospital,,no,,+33 1 49 76 76 49,https://www.cliniquemetivet.com/,
108010152,way,48.6640563,1.8680606,Clinique d'Yvelines,hospital,,,,,,
108186423,way,50.6543611,2.9923252,,clinic,,no,,,,
108213218,way,48.8913154,-0.2031995,Addictologie,hospital,,,,,,
108765946,way,50.6092639,3.0316691,Centre de Biologie-Pathologie,hospital,,no,,,,
108818324,way,50.434642,2.949204,Polyclinique d'Hénin-Beaumont,hospital,Groupe AHNAC,yes,,+33 3 21 13 30 00,https://polyclinique-henin-beaumont.ahnac.com/,Hénin-Beaumont
108906876,way,46.5373805,-1.772979,Laborieux Hervé ostéopathe DO,hospital,,,,,,Olonne-sur-Mer
109107784,way,48.9265358,2.1348395,Centre Hospitalier Théophile Roussel,hospital,,no,,+33 1 30 86 38 38,https://www.th-roussel.fr/,
109574528,way,44.8762426,4.9156813,Centre hospitalier spécialisé Drôme Vivarais,hospital,,no,,,https://www.ch-dromevivarais.fr/,
109575684,way,44.9004958,4.8769421,Clinique Générale de Valence,hospital,,,,+33 4 75 75 24 24,https://hopital-prive-drome-ardeche-valence-guilherand-granges.ramsaygds.fr/infos-pratiques/se-rendre-sur-le-site-la-g%C3%A9n%C3%A9rale,
110759735,way,48.9674603,2.8864903,Centre hospitalier de Meaux,hospital,,yes,,+33 1 64 77 64 77,http://www.ch-meaux.fr,
111408195,way,45.556798,5.962798,ANPAA 73,clinic,,,,,,
111554986,way,46.647563,-1.4293252,C.H.S Georges Mazurelle,hospital,,,,,,La Roche-sur-Yon
111978579,way,44.006046,1.378106,Clinique du Pont de Chaume,hospital,Elsan,yes,,+33 5 63 68 33 33,https://www.elsan.care/fr/clinique-pont-de-chaume/accueil,Montauban
112230869,way,49.2858569,-0.2661716,,clinic,,,,,,Ouistreham
112355252,way,48.5437075,2.651349,Clinique Les Fontaines,hospital,Groupe Saint-Gatien,yes,,+33 1 60 56 40 00,https://cliniquelesfontaines.com/,
112821356,way,43.3265987,5.4151615,Hôpital d'instruction des armées Laveran,hospital,Ministère français de la Défense,yes,,+33 4 91 61 70 00,https://hopitallaveran.fr,
112900049,way,44.4624657,6.0615851,Centre médical La Durance,clinic,Association La Durance,,,+33492548000,https://www.ladurance.fr/,Tallard
112906594,way,44.423967,6.000384,Centre médical Rio Vert,hospital,,,,+33 4 92 54 76 76,,
112954488,way,44.1476843,4.8227715,Centre hospitalier d'Orange,hospital,,yes,,+33 4 90 11 22 22,https://ch-orange.fr/,
112978355,way,44.130268,4.8215501,Clinique d'Orange,clinic,Capio,,,,,
113609653,way,44.7793795,1.7225595,Ehpad Pierre Bonhomme,hospital,,,,,,
114022457,way,47.5772953,6.7563985,Centre de Réadaptation Fonctionnelle E. Bretegnier,hospital,,,,,,
114030090,way,47.6270545,6.1617735,Centre Médico-psychologique,clinic,,,,,,
114237255,way,48.8452229,2.3155499,Hôpital Necker Enfants Malades,hospital,Assistance publique - Hôpitaux de Paris,yes,,+33 1 44 49 40 00,https://hopital-necker.aphp.fr/,
114260133,way,48.742582,2.7584665,Clinique de Tournan,hospital,Salvia Santé,yes,,+33 8 25 16 42 42,http://www.salvia-sante.fr/clinique-de-tournan/bienvenue.html,
114590317,way,44.7854809,-0.6606885,Hopital Cardiologique,hospital,,,,,,
114593325,way,45.5827184,4.7988316,,clinic,,,,,,
114835581,way,43.7776,4.8343095,Monastère Saint-Paul de Mausole,hospital,,,,,,
115029315,way,48.6164577,2.4138499,Maison médicale d'Évry-Courcouronnes,clinic,,,,,,Évry-Courcouronnes
115100978,way,48.702739,6.1382155,Centre d'imagerie médicale Jacques Callot,clinic,,,,+33 3 83 98 54 44,https://www.imalo-imagerie-medicale-nancy.fr/,
115380065,way,48.6276285,2.3602425,Centre Hospitalier Manhès,hospital,,,,,,
115549677,way,44.5571675,4.7318508,Clinique Kennedy,hospital,,,,+33 4 75 00 35 00,https://clinique-kennedy-montelimar.ramsaygds.fr/,
115741309,way,44.0719955,7.257919,Hôpital Saint-Antoine,hospital,,,,,,
115879162,way,46.1501589,3.4121158,Polyclinique La Pergola,hospital,Elsan,,,,,
116001141,way,44.8337112,-0.5791508,Hôpital Saint-André,hospital,,yes,,+33 5 56 79 56 79,https://www.chu-bordeaux.fr/CHU-de-Bordeaux/H%C3%B4pitaux-et-sites-du-CHU/Groupe-hospitalier-Saint-Andr%C3%A9/,
116188564,way,48.8570955,2.783593,Institut Médical de Serris,hospital,,,,,https://im-serris.lna-sante.com/,Serris
116249777,way,50.3574225,3.280868,Hôpital de jour Adèle Hugo,hospital,Centre hospitalier de Somain,no,,,,Somain
116314060,way,48.9456985,2.8669185,Pole médical de la sucrerie,clinic,,,,,,
116710453,way,48.1971789,7.227091,Ancien Centre de Réadaptation Le Muesberg,hospital,,,,,,
116776141,way,46.2240864,5.2102101,Hôpital de Fleyriat,hospital,,yes,,+33 4 74 45 46 47,https://www.ch-bourg-en-bresse.fr/,Bourg-en-Bresse
117461658,way,48.2449335,7.1745395,Hôpital Intercommunal du Val d'Argent,hospital,,,,,,Sainte-Marie-aux-Mines
117535163,way,43.5556727,1.1929142,,clinic,,,,,,
117751821,way,43.5604234,1.4521336,Hôpital Rangueil,hospital,CHU de Toulouse,yes,,+33 5 61 77 22 33,https://www.chu-toulouse.fr/-hopital-rangueil-,
118372748,way,45.7688912,4.780317,Médicentre du Val d'Ouest,clinic,,,,,,
118596105,way,50.2956472,2.7580728,Centre hospitalier d'Arras,hospital,,yes,,+33 3 21 21 10 10,https://www.ch-arras.fr/,
118615776,way,50.3043224,2.7366219,Hôpital privé Arras Les Bonnettes,clinic,Générale de Santé,,,+33321602020,https://hopital-prive-arras-les-bonnettes.ramsaygds.fr/,
118794537,way,45.7357722,4.8759107,Hôpital privé Jean Mermoz,hospital,,,,+33826306969,https://hopital-prive-jean-mermoz-lyon.ramsaygds.fr/,
118932941,way,43.6439901,0.5931834,Centre Hospitalier Spécialisé du Gers,hospital,,,,,,
119069906,way,-21.287764,55.4100497,Espace Médical St. Louisien,clinic,,,,,,Saint-Louis
119098345,way,49.4255445,1.0858747,Clinique de l'Europe,clinic,,yes,,+33232181000,https://chpeurope-rouen.vivalto-sante.com/,Rouen
119901411,way,14.7415028,-61.1751204,Hôpital de Saint-Pierre,hospital,,,,,,
120350841,way,48.839183,2.5387545,Hôpital Privé de Marne La Vallée,hospital,Ramsay Générale de Santé,,,+33149148000,,
120429668,way,48.8376935,2.4814505,Hôpital de jour Daumezon,hospital,,,,+33 148734182,,
120539535,way,44.010247,4.4199245,,hospital,,,,,,
120657395,way,48.8613639,2.5087981,Centre de protection maternelle et infantile,clinic,,,,,,
120911677,way,48.0132221,6.592746,Centre Hospitalier de Remiremont,hospital,C.H.R.U. de Nancy,yes,,+33 329 234 141,http://www.ch-remiremont.fr/,Remiremont
121258905,way,45.6883811,4.8669177,Groupe hospitalier Les Portes du Sud,hospital,,yes,,+33 4 72 89 80 00,http://www.ghm-lesportesdusud.fr,
121572332,way,46.7818445,4.8501532,Hôpital de Jour,hospital,,,,,,
121780380,way,46.0282405,-0.349007,Maison de Santé d'Aulnay,clinic,Communauté de communes de Saintonges,,,,,Aulnay
121919099,way,45.2176864,2.3400875,Centre hospitalier de Mauriac,hospital,,yes,,+33 4 71 67 33 33,https://www.ch-mauriac.fr/,
122010890,way,49.6198808,0.7526052,Psychiatrie infanto juvénile,hospital,,,,+33 2 32 70 47 80,,
122019248,way,49.615916,0.7540265,,clinic,,,,,,Yvetot
122464628,way,42.6968893,9.4431814,Clinique Filippi,clinic,,,,,,
122464957,way,42.7005718,9.4469234,Clinique Chirurgicale Docteur Maymard,clinic,,,,,,
122633092,way,48.7168814,7.7097411,EPSAN Brumath,hospital,Etablissement Public de Santé Alsace Nord,,,,,Brumath
122839612,way,43.8715497,-0.4847284,Clinique des Landes,hospital,,yes,,+33 5 58 06 06 12,,Saint-Pierre-du-Mont
122880243,way,48.090469,-4.3365055,Centre de rééducation fonctionnelle de Tréboul,clinic,,,,,,Douarnenez
122904811,way,45.5969751,-0.0594184,Centre hospitalier de Châteauneuf sur Charente,hospital,,no,,+33 5 45 66 21 89,http://www.chateauneufsurcharente.fr/centre-hospitalier/,Châteauneuf-sur-Charente
123003780,way,48.8485322,2.3824582,Hôpital Saint-Antoine,hospital,Assistance publique - Hôpitaux de Paris,yes,,+33 1 49 28 20 00,https://saintantoine.aphp.fr/,Paris
123031434,way,50.7323657,3.1149972,Clinique Saint-Roch,hospital,,no,,,,
123084444,way,43.5639795,1.4235944,Médipôle Garonne,hospital,,,,+33562132828,,
123103549,way,43.5526153,1.4536535,Hôpital Larrey,hospital,CHU de Toulouse,,,+33 5 61 77 22 33,https://www.chu-toulouse.fr/-hopital-larrey-,
123253202,way,45.7006365,-0.779657,,clinic,,,,,,Pisany
123614185,way,47.68235,6.5027902,Centre hospitalier de Lure,hospital,Groupe hospitalier de la Haute-Saône,yes,,+33384624306,https://www.gh70.fr/,
123646126,way,47.669963,-2.963977,,clinic,,,,,,
124361679,way,48.7781735,2.3363925,Clinique des Tournelles,hospital,,,,,,
124390664,way,48.4318666,0.077715,Centre médical des médecins spécialistes,clinic,,,,+33 2 33 26 37 90,,Alençon
124460762,way,44.6349137,-0.3157537,Centre hospitalier spécialisé de Cadillac,hospital,,,,,,
124790684,way,46.432207,1.8245965,Maison des Services,clinic,,,,,,
125084894,way,14.8763953,-61.1448625,Dispensaire,hospital,,,,,,
125182077,way,15.8644071,-61.5840172,Dispensaire,hospital,,,,,,
125229056,way,49.828976,3.2803713,CMPP,hospital,,,,,,Gauchy
125329879,way,43.9190406,4.8020223,Centre hospitalier d'Avignon,hospital,,yes,,+33 4 32 75 33 33,https://www.ch-avignon.fr/,
126071304,way,47.348474,5.044494,Point Médical,clinic,,,,,,
126201636,way,47.6459603,-2.7294445,Clinique du Golfe,hospital,,,,,,
126232417,way,43.5898816,1.4135668,Clinique Ambroise Paré,hospital,Groupe Elsan,yes,,+33 8 26 30 19 19,https://www.elsan.care/fr/clinique-ambroise-pare-toulouse,
126235870,way,46.7631644,4.8344001,Centre Augustin Cauchy,clinic,,,,,,
126570043,way,45.788986,4.7033695,Clinique Iris Marcy l'Etoile,clinic,,,,+33478874400,,
126616329,way,48.8332331,2.5266679,Hôpital Saint-Camille,hospital,,yes,,+33 1 49 83 10 10,https://www.ch-bry.com/,
126923096,way,47.4469355,-0.5383925,Pôle de consultations Tassigny,clinic,Clinique de l'Anjou,,,+33241447973,https://www.clinique-anjou.fr,
126930149,way,47.4459001,-0.5394309,Centre de dialyse et de néphrologie,clinic,Diaverum Angers,,,+33 2 41 79 76 76,https://www.diaverum.com/fr-FR/Clinic-container/France/Angers/Centre-de-Dialyse-Diaverum-Angers/,Angers
127087119,way,45.8529715,5.058383,,clinic,,,,,,
127723250,way,45.7816895,4.8310834,Hôpital de la Croix-Rousse,hospital,,yes,,+33 4 72 11 80 88,https://www.chu-lyon.fr/fr/hopital-de-la-croix-rousse,
128036225,way,44.0231385,1.3509225,Centre hospitalier de Montauban,hospital,,yes,,+33 5 63 92 82 82,https://www.ch-montauban.fr/,Montauban
128061064,way,44.3877995,6.6495265,Hôpital Pierre Grouès,hospital,,,,+33 4 92 80 80 20,http://barcelonnette.hopitaux-ubayens.fr/barcelonnette/,Barcelonnette
128515131,way,47.8221761,6.3802628,Centre hospitalier de Luxeuil-les-Bains,hospital,Groupe hospitalier de la Haute-Saône,yes,,+33 3 84 93 35 50,https://www.gh70.fr/,
128555118,way,46.6839856,-1.5136863,Maison de la santé,clinic,,,,+33 2 51 48 10 14,,Venansault
128570781,way,43.5939737,6.9243143,Clinique du Val d'Estreilles,hospital,,,,,,
128925673,way,48.880681,2.1067685,Centre Médico-Chirurgical de l'Europe,hospital,Vivalto Santé,yes,,+33 1 39 17 22 22,http://www.chp-europe.fr/,
129152181,way,45.6282602,5.0654132,Maison médicale,clinic,,,,,,Heyrieux
129227036,way,47.6911647,6.5017039,La Mosaique,clinic,,,,,,
129228604,way,45.8646957,4.8329828,,hospital,,,,,,
129228606,way,45.8617568,4.83231,,hospital,,,,,,
129228612,way,45.8622499,4.8314939,,hospital,,,,,,
129228613,way,45.8618098,4.8339898,Centre hospitalier gériatrique des Monts d'Or,hospital,,no,,,,
129688954,way,43.7040495,7.132345,Clinique L'Oliveraie des Cayons,clinic,ORPEA S.A.,,,+33826105400,,Vence
130384594,way,16.3316996,-61.3505909,Dispensaire,hospital,,,,,,
130611356,way,43.451197,5.5557105,Synlab,clinic,,,,+33 4 42 58 79 51,,
130684871,way,43.5980883,-1.4696277,Korian Le Belvédère,clinic,Korian,no,,+33559454220,,Labenne
130763893,way,49.2338095,6.363575,Centre de rééducation de Villers-Bettnach,clinic,,,,,,
130781915,way,48.7601367,6.133959,Médipôle,clinic,,,,,,
131043091,way,46.8283785,3.4632905,Centre Hospitalier Spécialisé Pierre Loo,hospital,,no,,+33 3 86 25 41 41,,Decize
131219395,way,48.0935525,6.6109471,Maison médicale,hospital,,,,,,Eloyes
131244865,way,49.8605475,3.2686019,Centre hospitalier de Saint-Quentin,hospital,,yes,,+33 3 23 06 71 71,https://www.ch-stquentin.fr/,
131346634,way,44.5571763,6.0729373,Centre hospitalier intercommunal des Alpes du Sud,hospital,,yes,,+33 4 92 40 61 61,https://www.chicas-gap.fr/,
131375256,way,48.9425442,2.1963437,Pôle Santé du Plateau,clinic,,,,,,
131403525,way,50.7369518,2.7371919,Centre Hospitalier de Bailleul,hospital,,,,,,
132136150,way,49.2847705,-0.707939,Hopital Psychiatrique Nerval,hospital,,,,,,Bayeux
132223472,way,-21.3453846,55.4938791,CHU de Saint-Pierre,hospital,CHU de la Réunion,yes,,+262 262 35 90 00,https://www.chu-reunion.fr/,Saint-Pierre
132248135,way,48.8976565,2.0840061,Clinique Saint-Germain,clinic,,,,+33130879696,https://www.cliniquesaintgermain78.fr/,Saint-Germain-en-Laye
132255846,way,48.8989469,2.0757178,Hôpital de jour de psychiatrie,hospital,,,,+33139739080,,Saint-Germain-en-Laye
132383420,way,45.0570303,6.0286929,Maison médicale de l'Oisans,clinic,,,,,,
132427528,way,47.685768,6.4892806,Hôpital spécialisé Centre Psychiatrie Générale,hospital,,,,,,
132532249,way,50.3605898,3.512818,Polyclinique Vauban,hospital,Groupe Elsan,yes,,+33 8 26 20 42 52,http://www.vauban.groupe-elsan.com/,
133063956,way,43.6084595,1.4031865,Hôpital Paule de Viguier,hospital,,yes,,,,
133069364,way,48.7639832,1.9462903,Les Pyramides,clinic,,,,,,
133168941,way,48.433693,0.0778858,Centre Psychothérapique de l'Orne,hospital,,no,,,,
133273286,way,43.3545925,3.227206,Centre d'imagerie Le Rabelais,hospital,,,,,,
133426405,way,47.3453038,-3.1613017,Hôpital Belle-Ile en Mer,hospital,,,,,,Le Palais
133510600,way,45.1863966,5.760274,Clinique Belledonne,hospital,Groupe Alpes-Belledonne,,,+33 4 38 38 02 02,https://www.elsan.care/fr/clinique-belledonne,Saint-Martin-d'Hères
133515003,way,48.712331,2.4956205,Hôpital privé du Val d'Yerres,hospital,GIE Santé & Retraite,yes,,+33 1 69 48 48 13,http://www.hopital-prive-du-val-dyerres.com/,Yerres
133607782,way,43.3672413,3.2547578,Polyclinique Saint-Privat,hospital,,yes,,+33 4 67 35 46 00,https://www.polyclinique-saintprivat.fr/,
134240349,way,48.6762499,5.8874591,Centre Hospitalier de Toul - Saint-Charles,hospital,,yes,,,,
134415000,way,45.929163,4.732666,Clinique esthétique du Grand Lyon,clinic,,,,+33 4 74 600 600,,Ambérieux
134686065,way,47.222492,-1.635219,Clinique Urologique Nantes Atlantis,clinic,,,,+33228030444;+33228030609,https://www.clinique-urologique-nantes.fr/,
134957149,way,48.6473729,2.0759945,Maison de santé pluriprofessionnelle,clinic,,,,,,
135039958,way,46.3812632,5.8582497,Maison de santé de Saint-Claude,clinic,,,,,,
135098582,way,47.2374225,-1.6377805,Institut de cancérologie de l'ouest,hospital,,,,,,
135099526,way,47.232476,-1.642619,UDM Laënnec,clinic,Association ECHO,,,+33 2 40 95 84 50,https://echo-dialyse.fr/,Saint-Herblain
135521726,way,48.83956,-1.5974695,Le Normandy,hospital,Sogenor SAS,no,,+33 2 33 90 33 33,http://www.lenormandy.com/,
136136278,way,48.5928,2.249037,Clinique des Charmilles,hospital,,,,,,
136701977,way,43.055481,2.2215377,Association Audoise Sociale et Médicale,hospital,,no,,,,
136988408,way,47.0919169,-1.291499,Hôpital Local Pierre Delaroche,hospital,,,,,,
136990175,way,49.1550612,6.8043277,Hopital St. André,hospital,,,,,,
137181872,way,48.7218361,2.450781,Polyclinique de Villeneuve Saint-Georges,hospital,,,,,,
137215115,way,48.810378,2.237039,Centre médico psychologique,clinic,Etablissement public de santé Erasme,,,,,
137236012,way,49.5266568,0.3611156,Infirmières Cocq Cuvier & Futel,clinic,,,,+33 235200615,,Saint-Romain-de-Colbosc
137311924,way,48.8142754,2.255685,Hôpital d'Instruction des Armées Percy,hospital,,yes,,+33 1 41 46 60 00,https://www.hiapercy.sante.defense.gouv.fr/,
137357910,way,45.6158269,4.6712733,Centre de radiologie,clinic,,,,+33 4 78 19 91 91,,
137376858,way,43.702554,7.2893327,Institut de médecine bucco-dentaire,clinic,CHU de Nice,,,+33 4 92 03 32 70,,
137619681,way,46.0108434,4.7079404,Imagerie caladoise,clinic,,,,,https://www.imageriecaladoise.fr/,
138120103,way,48.8071985,2.24175,Centre de Santé Polyvalent,clinic,Croix-Rouge française,,,+33 1 46 29 04 20,http://www.centre-de-sante.croix-rouge.fr/index.php/liste-des-centres/meudon,
138662058,way,47.8583727,1.9086885,Clinique de l'Archette,hospital,,,,,,
138693957,way,43.7160425,7.227571,Clinique de la Costière,clinic,,,,+33492074444,,
139320699,way,45.7495263,4.7971321,Clinique Charcot,hospital,,,,+33472326868,,
139320700,way,45.7487343,4.7878219,Hôpital gériatrique Pierre Garaud,hospital,,no,,+33472168002,https://www.chu-lyon.fr/fr/hopital-pierre-garraud,
139561368,way,48.785719,2.389519,Hôpital privé de Vitry - Site Pasteur,hospital,Elsan,yes,,+33 1 45 73 35 35,https://www.hopitalprivedevitry.fr/,
140242320,way,43.6862418,7.2119419,Centre Antoine Lacassagne,hospital,,no,,,https://www.protontherapie.fr/,
140260288,way,43.689137,7.241226,Clinique Santa-Maria,hospital,,,,,,
140260289,way,43.6894365,7.241645,Fondation Lenval - Hôpital pour Enfants,hospital,,yes,,+33 4 92 03 03 92,https://lenval.org/,
140538684,way,49.8709064,2.2969253,Polyclinique de Picardie,hospital,,,,+33 3 22 33 33 33,http://polyclinique-picardie.fr/index.php?page=1&kw=clinique&kw1=amiens,
140541281,way,49.8780906,2.2670668,Service de Santé des Etudiants,hospital,,,,,,
141951711,way,48.6378631,-2.007571,Centre hospitalier de Saint-Malo,hospital,,yes,,+33 2 99 21 21 21,https://www.gh-re.fr/,Saint-Malo
141994192,way,47.9658094,0.2259068,Pôle Santé Sud,hospital,Elsan,yes,,+33 2 43 78 38 38,https://www.polesantesud.fr/,
142064822,way,47.5824296,7.551222,Polyclinique des 3 Frontières,hospital,,yes,,+33 8 26 30 37 37,https://www.ghrmsa.fr/presentation/nos-sites/clinique-des-trois-frontieres-de-saint-louis-431.html,Saint-Louis
142181967,way,49.1131222,6.190151,Hôpital d'instruction des armées Legouest,hospital,,yes,,+33 3 87 56 46 46,http://www.hia-legouest.fr/,
142250208,way,49.1966545,2.5717763,Clinique du Valois,clinic,,,,+33 3 44 27 35 00,https://fhp-hautsdefrance.com/etablissement/clinique-du-valois,Senlis
142250799,way,49.206149,2.5773765,,clinic,,,,+33 3 44 60 95 92,,Senlis
142277717,way,48.8433971,2.3993176,Hôpital Rothschild,hospital,Assistance publique - Hôpitaux de Paris,no,,+33140193000,https://rothschild.aphp.fr/,
142378764,way,45.8596401,4.8342334,Centre hospitalier gériatrique des Mont d'Or,hospital,,no,,,,
142977865,way,47.2126102,-1.5722633,Centre de Réadaptation de l'Estuaire,clinic,LNA Santé,,,+33228204060,,
143127381,way,43.106063,5.8142835,MAISON DE SANTE PLURIPROFESSIONNELLE 6FOURSANTE,hospital,,,,,https://www.6foursante.fr/,Six-Fours-les-Plages
143755261,way,43.678162,7.228442,CABINET D'ORTHODONTIE CORAZZA DEBIZE,hospital,CLARA DEBIZE,,,,,
144115741,way,43.701946,7.2622565,ICR - Institut de Chirurgie Réparatrice,hospital,,,,,,
144169045,way,48.8826427,2.4897461,Clinique Hoffmann,clinic,,,,,,
144302155,way,50.2971425,2.761149,Clinique Aloïse Corbaz,hospital,,,,,,
144383899,way,48.854202,2.7604161,Clinique de Montévrain,hospital,,,,+33826302002,https://clinique-montevrain.ramsaygds.fr/,Montévrain
144551320,way,48.4389999,5.1379635,Hôpital de Joinville,hospital,,no,,+33 3 25 04 30 30,,
144931374,way,48.4945852,7.462755,Hôpital Saint-Jacques,hospital,,,,,,Rosheim
145134678,way,48.91846,2.5231058,Clinique Vauban,hospital,,,,,,
145342413,way,48.0154609,0.176869,Centre hospitalier du Mans,hospital,,yes,,+33 2 43 43 43 43,https://ch-lemans.fr/,
145360988,way,43.134101,5.9382075,Cabinet de Kiné Siblas,clinic,,,,,https://www.maiia.com/,Toulon
145547872,way,48.9434981,2.51828,Centre médical Savigny Beaudottes,clinic,,,,,,
146513501,way,49.4647657,1.1176657,Hôpital de Bois-Guillaume,hospital,CHU de Rouen,,,,,
146714600,way,43.7839477,-0.9896444,SSR Saint-Louis,clinic,,,,+33 5 58 55 99 00,,
146869488,way,-21.0481263,55.2657617,,clinic,,,,,,
146929588,way,-20.8884373,55.4495074,Hopital d'enfants,hospital,,,,,,Saint-Denis
147183821,way,48.324653,6.8953141,Maison médicale,clinic,,,,,,
147340087,way,-20.9024669,55.478956,Clinique de Sainte-Clotilde,clinic,,,,,,saint-Denis
147552413,way,44.6550918,4.3696528,Centre hospitalier Paul Ribeyre,hospital,Centre Hospitalier d’Ardèche Méridionale,,,+33 4 75 35 60 60,https://www.ch-ardeche-meridionale.fr/,
147667146,way,43.6899138,-1.0779131,Le Lanot,hospital,CH de Dax,no,,+33 5 58 91 49 54,,
147681783,way,45.8676763,4.8481069,Hôpital Gériatrique intercommunal Neuville-Fontaines,hospital,,,,,,
147700555,way,43.7116967,-1.0399162,Centre hospitalier de Dax-Côte d'Argent,hospital,,yes,,+33 5 58 91 48 48,https://www.ch-dax.fr/,Dax
147812634,way,-21.2580043,55.5139143,Unité de soin longue durée,clinic,,,,,,
147871010,way,-20.9546708,55.3393599,Pharmacie Sainte-Thérèse,hospital,,,,,,
147983073,way,47.52353,5.115045,Maison médicale,clinic,,,,,,
148327459,way,44.6128609,4.3972169,Centre hospitalier Ardèche Méridionale,hospital,,yes,,+33 4 75 35 60 60,https://www.ch-ardeche-meridionale.fr/,
148740893,way,50.6097542,3.0337862,Hôpital André Fourrier,hospital,,,,,,
148955985,way,45.70068,3.1382675,Clinique de l'Auzon,clinic,,,,,,
149036386,way,48.4340899,-4.5057737,Hôpital Psychiatrique de Bohars,hospital,,,,,https://www.chu-brest.fr/fr/decouvrir-chru/nos-hopitaux-residences/hopital-bohars,
149277238,way,48.8230105,2.3975875,Clinique de Bercy,hospital,,no,,,https://www.bercy-cliniques-paris.fr/,
149433476,way,48.8526669,2.5082217,Clinique Joncs Marins,hospital,,,,,,
149626647,way,48.8207709,2.4286891,Hôpitaux Paris Est Val-de-Marne - Site Saint-Maurice,hospital,,no,,+33 143966161,https://www.hopitaux-saint-maurice.fr/,
149652718,way,48.676943,2.5596053,Centre médical pédagogique,hospital,,,,,,
149900875,way,49.2977757,1.1734115,Clinique La Mare Ô Dans,hospital,Inicea,,,,,
150019193,way,48.6816353,2.5394854,Hôpital privé Claude Galien,hospital,Ramsay Santé,yes,,+33 1 69 39 90 00,https://hopital-prive-claude-galien-quincy-sous-senart.ramsaygds.fr/,
150052617,way,45.7267867,3.1879807,Pôle Santé Roland Garros,clinic,,,,,,
150315764,way,49.1551295,5.3822433,Hôpital Saint-Nicolas,hospital,,yes,,+33 3 29 83 84 85,http://www.chvsm.org/,Verdun
150442707,way,49.167606,1.3364845,,clinic,,,,,,
150500896,way,44.9042308,4.4214383,Hôpital Fernand Lafont,hospital,,,,+33 4 75 29 86 00,https://ch-lecheylard.fr/,
150804660,way,49.1391291,2.4700846,Veterinaire Minaud,hospital,,,,,,
151422134,way,42.9995797,1.129091,Centre hospitalier Ariège Couserans,hospital,,yes,,+33 5 61 96 20 20,https://www.ch-ariege-couserans.fr/accueil-chac,
151949166,way,46.9401125,5.8768105,Centre de Réadaptation Fonctionnelle,hospital,,,,,https://hopitaux-jura.fr/chipr/centre-hospitalier-intercommunal-du-pays-du-revermont/salins-les-bains/ssr-salins-les-bains/,
151976367,way,46.1451025,6.319092,SERA - Centre de Radiothèrapie,clinic,,,,,,Contamine-sur-Arve
152815011,way,49.3732123,6.1493951,Hôpital Bel-Air,hospital,,yes,,+33 3 82 55 82 55,https://www.chr-metz-thionville.fr/le-chr-nos-etablissements/hopital-bel-air,Thionville
152987169,way,49.0290965,6.0519355,Maison De Santé,clinic,,,,,https://prendre-mon-rdv.com/dr-di-benedetto-albert/medecin-generaliste/noveant-sur-moselle,
153063395,way,46.8918925,1.4205295,Centre Hospitalier Saint-Roch,hospital,,,,,,
153420381,way,47.7608162,7.2914625,Centre Médical Lalance,hospital,,,,,,
153558802,way,50.7290025,2.2661879,Clinique de Saint-Omer,hospital,,no,,+33 321386500,https://www.elsan.care/fr/clinique-saint-omer,
153568232,way,43.2518446,5.4214666,Centre Medical du Redon,clinic,,,,+33 4 91 41 19 01,,
153966206,way,49.1150808,-1.0687597,Clinique Saint-Jean,hospital,,,,+33233067878,,
154031888,way,46.049121,5.334136,Maison médicale,clinic,,,,,,
154352705,way,43.239211,5.3620764,CRF le Grand Large,hospital,,,,,,
154728026,way,47.6731985,-0.8876315,Centre médico-psychologique - Hôpital de jour,hospital,Centre de santé mentale angevin,,,+33 2 41 80 76 21,https://www.ch-cesame-angers.fr/,
154763645,way,43.277119,5.5107162,Clinique des trois Cyprès,clinic,,,,,,
154894993,way,48.8929782,2.3244634,Clinique de la Jonquière,hospital,,,,,,
155118314,way,48.7159915,4.6005721,Centre Hospitalier de Vitry-le-François,hospital,,yes,,+33 3 26 73 60 60,http://www.ch-vitrylefrancois.fr/,Vitry-le-François
155220832,way,46.144331,6.3187113,I.R.M.74,clinic,,,,,,Nangy
155221786,way,48.7843347,2.2328535,Pôle de Santé du Plateau,hospital,,yes,,+33 1 41 28 10 00,https://poleduplateau.com/,Meudon
155279946,way,49.2316402,-0.0457253,Centre Médico-Social,clinic,,,,,,Dozulé
155380480,way,46.0005268,1.4699385,Clinique Saint Maurice,hospital,Inicea,,,,https://www.inicea.fr/smr/clinique-rougemont-sarthe-72000,La Jonchère-Saint-Maurice
155637620,way,49.1814145,-0.366029,Pôle de santé Saint-Laurent,clinic,,,,,https://www.polesaintlaurent.com/,
155645879,way,49.206338,-0.351307,Centre Esquirol,hospital,,no,,,,
155700017,way,49.19816,-0.3806705,Hôpital privé Saint-Martin,hospital,Ramsay Santé,yes,,+33 8 26 46 14 00,https://hopital-prive-saint-martin-caen.ramsaygds.fr/,
155712616,way,44.504756,0.1613195,Hôpital de Jour,hospital,,,,,,
155812572,way,48.6602658,2.3134447,GHU Paris Psychiatrie et neurosciences - site Perray-Vaucluse,hospital,GHU Paris Psychiatrie et Neurosciences,no,,,https://www.ghu-paris.fr/fr,Épinay-sur-Orge
155902096,way,43.1804678,5.612049,Clinique Notre-Dame de Bon Voyage,hospital,,,,,,
155904423,way,46.1412084,6.3207558,Centre hospitalier Alpes Léman,hospital,,yes,,,,Contamine-sur-Arve
155986296,way,49.0902227,0.5893619,Centre hospitalier de Bernay,hospital,,yes,,+33 2 32 45 63 00,https://www.ch-bernay.fr/,Bernay
155991352,way,44.8627948,1.8876001,Centre hospitalier de Saint-Céré,hospital,,yes,,+33 5 65 10 40 00,http://ch-stcere.fr/,
156112155,way,43.3369442,5.5997985,Centre médical Saint Estève,clinic,,,,,,
156399274,way,43.3980475,5.61352,Clinique Mediazur,clinic,,,,,,
156548589,way,43.4340915,5.5405055,Filieris,clinic,,,,,,
156802266,way,48.3925818,-4.4950099,Hôpital d'Instruction des Armées Clermont-Tonnerre,hospital,,yes,,+33 2 98 43 70 00,http://www.hopital-armees-brest.fr/topic/index.html,
156809068,way,48.8257604,1.948205,Centre médico-psychologique La Pommeraie,hospital,,,,+33 1 30 55 34 59,https://www.ch-charcot78.fr/centre-m%C3%A9dico-psychologique-pour-enfants-et-adolescents-cmpe-de-plaisir-%C2%AB-la-pommeraie-%C2%BB,
157255866,way,43.4769796,-1.506271,Clinique Mirambeau,hospital,,,,,,Anglet
157777842,way,43.3059605,5.5074885,Clinique Saint-Bruno,clinic,,,,,,
157855949,way,45.1484401,5.7318673,CHU Grenoble Alpes - site Sud,hospital,,yes,,+33 4 76 76 75 75,https://www.chu-grenoble.fr/,Échirolles
158093099,way,43.4211215,5.515287,Centre Paul Cézanne SMR,clinic,,,,+33 4 42 65 61 00,,
158099165,way,43.4218017,5.514441,Ssr Prédiatrique Val Pré Vert,clinic,,,,+33 4 92 46 88 00,,
158106779,way,43.292177,5.4197445,Clinique Madeleine Rémuzat,clinic,Groupe Sinoué,,,+33491054000,http://www.clinique-remuzat.com/,
158252094,way,49.3609814,6.1542196,Clinique Ambroise Paré,hospital,,no,,,https://clinique-ambroisepare.fr/,Thionville
158348696,way,44.8081772,3.2791798,Centre hospitalier Fanny Ramadier,hospital,,,,+33 4 66 31 00 66,https://www.ch-saint-chely.fr/,
158389085,way,43.6342605,4.8027515,Cabinet Médical,clinic,,,,,,Saint-Martin-de-Crau
158401564,way,43.6340668,4.8029295,Cabinet Kinesitherapie,clinic,,,,+33 4 90 47 21 05,,Saint-Martin-de-Crau
158470407,way,48.7712001,2.3352688,Hôpital de Chevilly-Larue,hospital,,,,+33 1 42 11 42 11,https://www.gustaveroussy.fr/fr/content/h%C3%B4pital-de-chevilly-larue-1,
158479569,way,49.3570428,6.1558759,Clinique Notre-Dame,hospital,,no,,,https://www.elsan.care/fr/clinique-notre-dame-thionville,Thionville
158854905,way,46.2295397,-0.1527691,Hôpital local de Melle,hospital,,,,,,
159484262,way,49.134215,-1.4136035,Maison Médicale,clinic,,,,,,
159588106,way,47.773904,-0.207147,Pôle Santé Sarthe et Loir,hospital,,yes,,+33 2 44 71 30 00,https://www.ch-polesantesartheloir.fr/contact,Le Bailleul
159768007,way,49.0452558,3.394459,Groupe Médical du Vivier,clinic,,,,,,
159768905,way,49.037014,3.4005178,Centre Médical Europe,clinic,,,,,,Château-Thierry
159777883,way,49.0537064,3.4116232,IRM,clinic,,,,,,
159891391,way,43.368225,5.3563125,Urgencemed,clinic,,,,,,Marseille
159922670,way,47.2208437,-1.5926061,Centre Medico Psycho Pédagogique Henri Wallon,clinic,,,,,,
160030685,way,14.5309792,-60.9820134,Centre Medico Social,clinic,,,,,,
160475792,way,43.5952433,6.5398241,Clinique,hospital,,,,,,Callas
160501212,way,14.5276181,-60.9785236,Centre Médical de l'Espace Sud,clinic,,,,,,Rivière-Salée
160562760,way,44.1588319,4.6165557,Centre hospitalier de Bagnols-sur-Cèze,hospital,,yes,,+33 4 66 79 10 11,https://www.ch-bagnolssurceze.fr/,
161609727,way,47.482691,-0.6835077,Maison Médicale,clinic,,,,,,Saint-Lambert-la-Potherie
161687093,way,14.5268739,-60.9774848,Pôle de Psychiatrie Infanto-Juvénile,clinic,,,,,,
162666241,way,49.3650097,6.145485,Adapt thionis,clinic,,,,,,
162892388,way,45.1297069,-0.5075379,Centre de Soins François Claverie,clinic,Mairie,,,,,Saint-Christoly-de-Blaye
162967450,way,49.2604808,2.4957684,Santé et Médecine du Travail de la Vallée de l'Oise,clinic,,,,,,Creil
163415155,way,43.2995515,5.4611654,Centre hospitalier Valvert,hospital,,,,+33 4 91 87 67 02,,Marseille
164117082,way,45.5450708,5.969648,Médipôle de Savoie,hospital,,yes,,+33 4 79 26 80 80,https://medipole-de-savoie.fr,
164393687,way,5.1636824,-52.6448124,Centre hospitalier de Kourou,hospital,,yes,,+594 594 32 76 76,https://www.ch-kourou.fr,
164578015,way,48.1227676,-1.2268314,Centre Hospitalier Simone Veil,hospital,,yes,,+33 2 99 74 14 14,https://www.ch-vitre.fr/,Vitré
164721179,way,48.8851196,2.5111556,Centre Médico-Social Marcel Hanra,clinic,,,,,,
164906049,way,48.7933989,1.5990954,Hôpital de Houdan,hospital,,,,+33 1 30 46 18 00,https://www.hopitalhoudan.fr/,
164936661,way,48.8902651,2.2806687,Institut hospitalier franco-britannique - Site Barbès,hospital,,,,+33 1 47 59 59 59,https://www.ihfb.org/,
165616166,way,47.3195511,5.0692351,Centre Georges-François Leclerc,hospital,,,,+33 3 80 73 75 00,https://www.cgfl.fr/,Dijon
165616167,way,47.3204203,5.0693484,Hôpital François Mitterrand,hospital,CHU Dijon Bourgogne,yes,,+33 3 80 29 30 31,https://www.chu-dijon.fr/fr,
165631016,way,48.4446664,-2.0474908,Centre hospitalier René Pleven,hospital,,yes,,+33 2 96 85 72 85,http://www.cht-ranceemeraude.fr/centre-hospitalier-rene-pleven-dinan/le-centre-hospitalier-de-dinan/presentation-du-ch-de-dinan.html,
165821946,way,49.5632444,3.6112197,Centre hospitalier de Laon,hospital,,yes,,+33 3 23 24 33 33,https://www.ch-laon.fr/,
166493933,way,48.4486218,-2.0608764,"Centre hospitalier Dinan - Saint-Brieuc, Fondation Saint-Jean de Dieu",hospital,,,,,https://www.chdinanstbrieuc.fsjd.fr/,
166544010,way,45.9769895,4.0580495,Clinique des Monts du Forez,clinic,Ramsay/Générale de Santé,,,,,Commelle-Vernay
167780508,way,46.9103356,4.750432,Centre Hospitalier de Chagny,hospital,,,,,,
167832773,way,47.535519,7.1758213,Pôle médical de la Largue,clinic,,,,,,
168559634,way,45.2316113,5.6747726,Centre hospitalier Alpes-Isère,hospital,,,,,,Saint-Égrève
168771009,way,42.6169064,2.4169946,Clinique Saint-Michel,hospital,Elsan,yes,,+33 8 26 30 03 16,https://www.elsan.care/fr/clinique-saint-michel-prades,
169098607,way,45.7988139,3.0423506,Clinique du Grand Pré,hospital,,,,,,
169111765,way,47.5979015,-2.843156,Maison des Professionnels de Santé,clinic,,,,,,
169251902,way,48.681242,6.1897766,Maternité Régionale Universitaire de Nancy,hospital,,,,,http://www.maternite.chu-nancy.fr,
169277501,way,46.1808053,6.2480663,Centre Joseph Daquin,hospital,Etablissement Public de Santé Mentale de la Valée de l'Arve,,,+33 4 50 04 61 80,,Vétraz-Monthoux
169277502,way,46.1798859,6.247606,Clinique Pierre de Soleil,clinic,Orpea,,,,,
169277503,way,46.1810872,6.2484035,Maison des Adolescents Vetraz Monthoux,hospital,Etablissement Public de Santé Mentale,,,,,Vétraz-Monthoux
169876163,way,48.5932593,2.1901165,Maison de santé Nicole Mangin,clinic,,,,,,
169975525,way,45.7778761,3.071941,Centre de rééducation fonctionnelle Notre-Dame,hospital,,,,,,
170675068,way,48.2927325,4.1359928,Centre de Rééducation Fonctionnelle Institut Asclépiade,hospital,,,,,,
170953161,way,43.6298922,3.8517146,Hôpital Lapeyronie,hospital,,yes,,+33 4 67 33 67 33,https://www.chu-montpellier.fr/fr/a-propos-du-chu/decouvrir-le-chu/etablissements/lapeyronie/,
171109621,way,47.536233,-2.871537,Les Ateliers du Moulin Vert,clinic,Le Moulin Vert,,,,,
171869421,way,45.7859285,3.1103053,Hôpital Estaing,hospital,,yes,,+33 4 73 75 07 50,https://www.chu-clermontferrand.fr/Internet/Pages/Nos%20H%C3%B4pitaux/Chu%20Estaing/,
172053822,way,42.727531,2.8753515,Clinique mutualiste Catalane,hospital,,,,,,
172154795,way,48.588064,-0.359882,Pôle Santé des Andaines,clinic,,no,,,,
173315119,way,47.6995257,-2.7551295,Établissement Public de Santé Mentale,hospital,,,,,,
173436491,way,48.9004285,-1.515302,Maison paramédicale,clinic,Mairie,,,,https://www.ville-brehal.fr/vivre/services-de-sante.html,
174368875,way,43.5981651,2.2689655,Polyclinique du Sidobre,hospital,Elsan,yes,,+33 5 64 64 09 71,https://www.elsan.care/,Castres
174489811,way,44.846571,-0.6336857,Cabinet Médical Montesquieu,clinic,,,,,,Mérignac
174694591,way,48.4670056,1.0106921,Hôpital de La Loupe,hospital,,,,,https://www.hopital-laloupe.fr,
174926408,way,47.5441595,6.4276675,,clinic,,,,,,
175132796,way,47.7376488,7.3510015,Pôle de psychiatrie pour enfants,hospital,,,,+33 3 89 64 74 51,,
175133035,way,48.7913622,2.5204739,Le Beach - Clinique-polyclinique,hospital,,,,,,
175237406,way,-8.9160908,-140.0923553,Louis Rollin,hospital,,,,,,
175390691,way,43.2201932,2.395562,Centre hospitalier de Carcassonne,hospital,,yes,,+33 4 68 24 24 24,https://www.ch-carcassonne.fr/,
175890803,way,48.1005103,-1.7128338,Clinique mutualiste La Sagesse,hospital,,no,,+33 2 99 85 75 75,http://clinique-rennes.fr/,Rennes
176046073,way,46.678309,5.1099414,Maison médicale,hospital,,,,,,
176434294,way,47.5539375,-2.555815,,clinic,,,,,,
176455424,way,43.9750915,3.5802475,CSSR Les Châtaigniers,clinic,,,,+33 4 67 81 01 51,https://ssr-leschataigniers.fr,Molières-Cavaillac
176796571,way,44.7805549,6.8676801,Centre hospitalier Aiguilles-Queyras,hospital,,,,+33 4 92 46 70 18,www.ch-aiguilles.fr,
177689688,way,43.5897181,-1.4396898,Institut Hélio-Marin,clinic,,no,,+33559454586,,
177871285,way,14.6804954,-60.9417141,Dispensaire,hospital,,,,,,
178029999,way,14.5449188,-60.8397588,Dispensaire,hospital,,,,,,Le Vauclin
178391768,way,43.4873841,2.7657006,Centre spécialisé du Haut-Languedoc,hospital,,,,+33 4 67 97 43 00,https://www.hopital-stpons.com/,
179121212,way,44.0941778,5.4168132,Hôpitlal de Sault,hospital,,no,,+33 4 90 64 19 00,,Sault
179320394,way,48.6547412,2.4074556,Groupe Hospitalier Les cheminots,hospital,,no,,,http://www.hopital-les-cheminots.com/,
179741620,way,45.5981778,4.3018601,Hôpital Maurice André,hospital,,,,,,
179767777,way,43.7305591,3.3158099,Centre hospitalier de Lodève,hospital,,,,,,
179863299,way,50.0503606,1.422132,Centre Hospitalier de Eu,hospital,,yes,,+33 2 27 28 22 22,,
180164137,way,47.8134072,7.0956402,Hôpital Saint-Jacques,hospital,,no,,+33 3 89 37 71 00,https://www.ghrmsa.fr/presentation/nos-sites/hopital-saint-jacques-de-thann-432.html,Thann
180608730,way,43.0067358,3.0437968,Centre hospitalier Francis Vals,hospital,,,,,,
181084682,way,43.923363,4.257315,Centre Médical,clinic,,,,,,
181113997,way,43.689663,4.274482,,clinic,,,,,,
181120658,way,43.689936,4.2745295,,clinic,,,,,,
181144259,way,14.8245693,-61.0519522,Centre Hospitalier Intercommunal,hospital,,,,,,
181164270,way,14.4689443,-60.9226216,Dispensaire,hospital,,,,,,
181164705,way,14.4663706,-60.9287014,,clinic,,,,,,-
181256095,way,48.8979039,2.0841217,Centre hospitalier intercommunal de Saint-Germain-en-Laye,hospital,Centre hospitalier intercommunal de Poissy/Saint-Germain-en-Laye,yes,,+33 1 39 27 40 50,https://www.chi-poissy-st-germain.fr/fr/Page-d-accueil-167.html,Saint-Germain-en-Laye
181465489,way,51.0379411,2.3985161,Centre hospitalier de Dunkerque,hospital,,yes,,+33 3 28 28 59 00,https://www.ch-dunkerque.fr/,
181538191,way,47.5853911,1.3676168,EHPAD Pimpeneau Orangerie,clinic,,,,,,Vineuil
182399557,way,47.9593096,0.1624086,EPSM de la Sarthe,hospital,,,,,https://www.epsm-sarthe.fr,
182450581,way,48.8383954,2.3526669,Hôpital La Collégiale,hospital,,,,+33 1 55 43 68 00,,
182844712,way,46.5748355,-1.5028804,Pôle santé de Nieul-le-Dolent,clinic,,,,,,Nieul-le-Dolent
183018248,way,44.793628,-0.591373,Centre Sport Santé,hospital,,yes,,,,Talence
183131498,way,48.3200111,0.8227885,Maison de Santé,hospital,Communauté de communes du Perche,no,,,,Nogent-le-Rotrou
183163996,way,45.1778671,5.7610192,Centre médical Rocheplane,hospital,,,,,,Saint-Martin-d'Hères
183187164,way,48.3154696,0.8390632,Centre hospitalier de Nogent-le-Rotrou,hospital,,yes,,+33 2 37 53 75 75,http://www.ch-nogent-le-rotrou.fr/,
183210029,way,47.5763149,6.8736241,Hôpital Nord Franche-Comté,hospital,,yes,,+33 3 84 98 20 20,https://www.hnfc.fr/,Trévenans
183463172,way,42.6301591,2.9462721,Clinique du Pré,hospital,,,,,,
183576305,way,48.241631,-3.2549718,Hôpital Psychiatrique de Plouguernevel,hospital,,no,,,,
184126054,way,44.2772411,5.2710682,,hospital,,,,,,
184402741,way,46.7247689,2.4984013,Maison de la Santé Pluridisciplinaire,clinic,,,,,,Saint-Amand-Montrond
184417417,way,46.7373278,2.5085469,Centre de Cure Médicale,hospital,,no,,+33 2 48 63 26 00,https://www.ch-stamand.fr,
185760940,way,48.7015406,2.5111988,Clinique Médicale Les Jardins de Brunoy,hospital,,no,,,,
185991510,way,43.1239837,5.9756306,Hôpital Sainte-Musse,hospital,Centre hospitalier intercommunal Toulon - La Seyne-sur-Mer,yes,,+33 4 94 14 50 00,https://www.ch-toulon.fr/nous-connaitre/etablissements/hopital-sainte-musse-606.html,
186322656,way,43.851098,1.230644,Centre médical Joliot Curie,clinic,,,,,,Verdun-sur-Garonne
186361276,way,46.1743298,-1.1357032,Hôpital Psychiatrique Marius Lacroix,hospital,Groupe hospitalier La Rochelle - Ré - Aunis,,,+33 5 46 45 50 50,,
186783945,way,46.8153685,1.697506,Clinique Saint-François,hospital,,,,+33 2 54 53 60 14,,
187379720,way,43.4209867,5.0373399,Les Vallons,hospital,,,,+33 4 42 43 28 25,,
187423601,way,43.3806438,5.3615619,Centre hospitalier spécialisé Édouard Toulouse,hospital,,,,,https://www.ch-edouard-toulouse.fr/,
187663594,way,43.378897,5.3639954,Hôpital Nord,hospital,Assistance Publique-Hôpitaux de Marseille,yes,,+33 4 91 38 00 00,http://fr.ap-hm.fr/nos-hopitaux/hopital-nord,
187779970,way,-37.7968154,77.5716733,Hôpital Saint-Yves,hospital,,,,,,Martin de Viviès
187783794,way,48.8900253,2.3304354,Hôpital Bretonneau,hospital,Assistance publique - Hôpitaux de Paris,,,+33153111800,https://hopital-bretonneau.aphp.fr/,
187974739,way,48.6105914,7.706065,Le Carré Blanc,clinic,,,,+33 3 90 20 16 00,https://www.simse.fr/,
188204081,way,46.0076997,5.7884361,MGEN Etablissement de Santé,hospital,,,,,,
188480333,way,45.534525,5.5900255,,hospital,,,,,,
188858534,way,51.0332914,2.3943754,Clinique Villette,hospital,,no,,+33328237700,,
189689240,way,46.3508624,2.2210118,Centre De Soins Psychothérapique,clinic,,,,,,Boussac
190361939,way,46.2047853,6.2632453,Clinique des Vallées,clinic,Inicea,,,,,Ville-la-Grand
190663747,way,48.3189272,1.2765421,Centre de réadaptation CRF de Beaurouvre,hospital,,,,,,
191978673,way,48.828468,-1.5700557,Centre Hospitalier Avranches - Granville,hospital,Centre Hospitalier Avranches - Granville,yes,,+33 2 33 91 50 00,http://www.ch-avranches-granville.fr/,
192245270,way,45.4118813,0.918383,Centre médical Dupuytren,clinic,,,,+33553551916,,Thiviers
192476292,way,43.7094688,3.8330872,Clinique du docteur STER,hospital,,,,,,
193087388,way,45.2057665,5.7574665,CABINET INFIRMIER DASTREVIGNE SIMONNEAU CLAIRE,clinic,,,,,,
193217304,way,48.7268392,1.3852164,Centre hospitalier de Dreux,hospital,,yes,,+33 2 37 51 52 53,https://www.ch-dreux.fr/,
193589954,way,46.7258781,4.8335304,Centre Hospitalier Spécialisé de Sevrey,hospital,,,,+33 3 85 92 82 00,https://www.ch-sevrey.fr/,Sevrey
194310730,way,50.4165571,2.7838569,Polyclinique de Riaumont,hospital,AHNAC,yes,,+33 3 21 44 80 80,https://polyclinique-lievin.ahnac.com/,
194494867,way,50.3413755,3.346774,Centre de Soins,hospital,CA.R.MI,,,,,
194919719,way,43.3139525,5.410482,Hôpital Beauregard Vert Coteau,clinic,,yes,,+33491121314,https://www.hpm-beauregard.fr/,
194962436,way,48.6322336,-2.0662411,Hôpital Arthur Gardiner,hospital,,no,,+33 2 99 16 88 88,https://www.ch-dinard.org/,Dinard
196202252,way,50.4467245,3.4333873,Centre Hospitalier,hospital,,,,,,
196817823,way,49.529104,0.1004468,Hôpital privé de l'Estuaire,hospital,Ramsay Santé,yes,,+33 8 25 74 75 76,https://hopital-prive-de-l-estuaire-le-havre.ramsaygds.fr/,Le Havre
196991423,way,47.6694263,-2.9788238,Hôpital Le Pratel,hospital,Centre hospitalier Bretagne Atlantique,yes,,+33 2 97 56 41 41,https://www.ch-bretagne-atlantique.fr/,Auray
197294952,way,43.6164677,1.4008491,Hôpital Garonne,hospital,CHU Toulouse,,,+33 5 61 77 66 11,,
197345541,way,44.781772,3.3919581,Centre hospitalier François Tosquelles,hospital,,,,+33 4 66 42 55 55,https://epsm-lozere.fr/,
197563501,way,43.0849001,6.1131984,Hôpital San Salvadour,hospital,Assistance publique - Hôpitaux de Paris,no,,+33 4 94 38 08 00,https://www.aphp.fr/contenu/hopital-san-salvadour-2,
197926773,way,44.9184786,-0.2289432,Centre hospitalier de Libourne,hospital,,yes,,+33 5 57 55 34 34,http://www.ch-libourne.fr/,
198239763,way,48.6776554,6.1368289,Centre Psychothérapique de Nancy,hospital,,,,+33 3 83 92 50 50,http://www.cpn-laxou.com/,
198663891,way,-20.5589211,164.2805853,Antenne medico-psychologique,hospital,CHS Nouville,,,,,
198820432,way,49.4450153,1.1497494,Centre hospitalier Durécu-Lavoisier,hospital,,no,,+33 2 32 12 32 32,http://chdl-darnetal.fr,Darnétal
198979612,way,46.995799,5.146579,Centre Hospitalier Seurre,hospital,,,,,,
199107273,way,47.8555485,1.896475,S.S.I.A.D. Le Levain,clinic,,,,,,Olivet
199346688,way,43.624734,3.911296,Centre Bourgès,hospital,Oc santé,,,,,
199402579,way,47.8569215,1.9101635,"Centre de soins ""Les Buissonnets""",hospital,,,,,,
199497491,way,-20.947548,55.3043275,Clinique les Tamarins,clinic,,,,,,Le Port
199535784,way,48.9981818,7.0268503,Hôpital Saint-Joseph,hospital,,no,,+33 3 87 97 32 00,http://www.hopital-sarralbe.fr/,Sarralbe
199789928,way,48.7653583,2.3204414,Établissement Public de Santé de Fresnes,hospital,,,,,,
200196145,way,48.1207833,-1.6946839,Hôpital Pontchaillou,hospital,Centre hospitalier universitaire de Rennes,yes,,+33 2 99 28 43 21,https://www.chu-rennes.fr/,Rennes
200756353,way,45.6495299,0.1466579,Clinique Saint-Joseph,hospital,,no,,+33 5 45 38 67 00,https://clinique-saint-joseph.com/,
200777914,way,50.373405,3.5511821,Polyclinique du Parc,hospital,,,,,,Saint-Saulve
201863682,way,50.3602739,3.5014134,Centre Hospitalier de Valenciennes,hospital,,yes,,+33 3 27 14 33 33,https://www.ch-valenciennes.fr/,
202413874,way,47.4469185,-0.4086815,Maison médicale du Port Martin,clinic,,,,,,
202468114,way,43.4185027,5.2179462,,clinic,,,,,,Marignane
203274451,way,47.2458192,-1.5759543,Hôpital de jour Le Pont du Cens,hospital,,,,,,
203357819,way,49.6307822,2.2980925,Institut Médical de Breteuil,hospital,,no,,,,
203492960,way,48.8056938,1.9036926,Hôpital de Jouars-Pontchartrain,hospital,,no,,,,
203620175,way,50.6105605,3.0281975,Hôpital Michel Fontan,hospital,,,,,,
204203361,way,50.6847018,2.8678808,Centre hospitalier d'Armentières,hospital,,yes,,+33 3 20 48 33 33,https://www.ch-armentieres.fr/,
204651755,way,-17.5626182,-149.5985574,Dispensaire du Mt Sinaï,clinic,,yes,,,,
205198948,way,44.0042612,4.4177033,Hôpital local d’Uzès,hospital,,,,+33 4 66637100,http://www.hopital-local-uzes.fr,Uzès
205305142,way,48.3689188,5.7082604,Centre hospitalier de l’Ouest Vosgien - Site de Neufchâteau,hospital,,yes,,+33 3 29 94 80 00,http://www.ch-ouestvosgien.fr/,
205518592,way,48.2072049,3.2947932,Clinique Paul Picquet,hospital,Elsan,no,,+33 3 86 95 86 86,https://www.elsan.care/fr/clinique-paul-picquet,Sens
206312560,way,49.114088,6.2094812,Hôpital-clinique Claude Bernard,hospital,Elsan,yes,,,https://www.elsan.care/fr/hopital-clinique-claude-bernard-metz,
206464546,way,46.8974673,-56.3012837,Infirmerie,clinic,,,,,,
206464596,way,47.0980039,-56.3823095,Centre Médical Miquelon,clinic,,,,,,
207218531,way,45.3537335,5.4996517,Centre hospitalier de Rives,hospital,,,,,,
207419099,way,49.363173,6.145995,Hôpital Gériatrique Le Kem,hospital,,,,,https://www.hopitalgeriatrique-lekem.com/,Thionville
207564623,way,48.394237,-4.4865604,Hôpital Morvan,hospital,CHRU de Brest,yes,,+33 2 98 22 33 33,https://www.chu-brest.fr/fr/decouvrir-chru/nos-hopitaux-residences/hopital-morvan,
208266683,way,48.567396,-3.1454255,Centre hospitalier de Guingamp,hospital,,yes,,+33 2 96 44 56 56,http://www.ch-guingamp.fr/,
208477695,way,47.8745425,-3.022489,Cabinet d'Infirmières,clinic,Kerjoant Laudren Moinereau Morzadec,,,,,Baud
208554059,way,45.6856249,5.3215729,maison de santé,clinic,,,,,,Trept
209056264,way,49.0990505,7.0904801,Centre Hospitalier Spécialisé de Sarreguemines,hospital,,no,,+33 3 87 27 98 00,http://www.hopitaux-sarreguemines.fr/,Sarreguemines
209289975,way,50.5149479,2.6688422,Centre hospitalier de Béthune,hospital,,yes,,+33 3 21 64 44 44,https://www.ch-bethune.fr/,
210044368,way,45.743482,4.8821987,Hôpital Édouard Herriot,hospital,,yes,,,https://www.chu-lyon.fr/,
210044806,way,45.7406611,4.8908559,Hôpital d'instruction des armées Desgenettes,hospital,,yes,,+33 4 72 36 60 00,,
210093986,way,45.7418232,4.8991164,Centre hospitalier Le Vinatier,hospital,,yes,,+33 4 37 91 55 55,https://www.ch-le-vinatier.fr/,
210093987,way,45.7478613,4.9024847,Hôpital cardio-vasculaire et pneumologique Louis Pradel,hospital,,,,,https://www.chu-lyon.fr/fr/hopital-louis-pradel,
210093988,way,45.7460641,4.9006985,Hôpital Femme-Mère-Enfant,hospital,,yes,,+33 8 25 08 25 69,https://www.chu-lyon.fr/fr/hopital-femme-mere-enfant,
210093989,way,45.7490851,4.8992505,Hôpital neurologique Pierre Wertheimer,hospital,,,,,,
210179951,way,47.6543561,-2.0799138,Centre hospitalier intercommunal Redon-Carentoir,hospital,public,yes,,+33 2 99 71 71 71,http://www.ch-redon-carentoir.fr,Redon
211666726,way,49.4641374,1.1125814,Clinique du Cèdre,hospital,,yes,,+33 2 35 59 59 59,https://www.clinique-du-cedre.fr/,
211666731,way,49.4197382,1.0566469,Hôpital Saint-Julien,hospital,Centre hospitalier universitaire de Rouen,yes,,+33 2 32 88 64 00,https://www.chu-rouen.fr/hopital-saint-julien/,Le Petit-Quevilly
212059518,way,49.4618844,1.1174854,Centre Régional de Médecine Physique et de Réadaptation Les Herbiers,hospital,,,,+33235604185,https://www.groupe-ugecam.fr/crmpr-ugecam-les-herbiers,Bois-Guillaume
212059520,way,49.4576768,1.1071289,Clinique Saint-Antoine,hospital,,,,+33235126000,,
212105881,way,48.8856083,2.62997,Hôpital privé de Marne-Chantereine,hospital,Ramsay Santé,yes,,+33 1 64 72 74 00,https://hopital-prive-marne-chantereine.ramsaygds.fr/,Brou-sur-Chantereine
213165574,way,44.047339,5.0283982,Pôle santé CHS Montfavet,hospital,,,,,,
213574744,way,49.377292,-1.428633,Hôpital du Bon-Sauveur,hospital,,,,,,
214740731,way,49.4043197,2.8085022,Polyclinique Saint-Côme,hospital,,yes,,+33 3 44 92 43 43,https://www.stcome.com/,
214803720,way,46.7758274,4.8413806,Médic Center,clinic,,,,,,
216496375,way,46.8041229,4.4485131,Hôpital du Creusot - Site Foch,hospital,Groupe SOS Santé,yes,,+33 3 85 77 20 00,https://www.hopital-lecreusot.com/,Le Creusot
216537132,way,-16.7280233,-151.444614,Hôpital de Uturoa,hospital,Pays,,,,,
218230095,way,47.8563702,6.8218243,Maison de la Santé,clinic,,,,,,
218247688,way,45.4838295,5.472529,Maison médicale et sociale,clinic,,,,,,
218372539,way,44.0356895,1.1128145,Centre médico-social,clinic,Département,,,,,
218491178,way,46.7770519,4.840724,Centre Hospitalier William Morey,hospital,,yes,,+33 3 85 44 66 88,https://www.ch-chalon71.fr/,
219244658,way,47.6367477,6.1397503,Centre hospitalier de Vesoul,hospital,Groupe hospitalier de la Haute-Saône,yes,,+33 3 84 96 60 60,https://www.gh70.fr/,
219244659,way,47.633623,6.1387467,Clinique Saint-Martin,clinic,,no,,,,
219664235,way,47.5254386,6.7865777,Hôpital Nord Franche-Comté Site du Mittan,hospital,,,,,"https://www.hnfc.fr/l-hopital/les-sites-annexes-de-l-hopital/le-site-du-mittan,303,390.html",
219686381,way,43.8242372,5.781246,Clinique Toutes Aures,hospital,,,,,,Manosque
219691527,way,43.5974722,1.3289253,Clinique du Cabirol - Centre de Rééducation Fonctionnelle,clinic,,,,+33561315000,,
219748548,way,43.5997933,1.4365279,Hôpital Hôtel-Dieu Saint-Jacques,hospital,CHU Toulouse,,,,,
219765740,way,48.6275767,7.1226923,Centre de Réadaptation Spécialisé Saint-Luc,hospital,,,,,,Abreschviller
220199351,way,48.2618235,7.4338068,Centre Hospitalier de Sélestat - GHSO,hospital,,yes,,+33 3 88 57 55 55,https://www.ghso.fr/,Sélestat
220313143,way,48.1711285,2.2501494,Centre hospitalier de Pithiviers,hospital,,yes,,+33 2 38 32 31 31,https://www.hopital-pithiviers.fr/,
220657978,way,44.905889,6.6329771,Centre hospitalier des Escartons,hospital,,yes,,+33 4 92 25 25 25,https://www.ch-briancon.fr/fr,
220756038,way,44.193601,1.3671054,Centre de santé,clinic,Commune de Molières,,,,,Molières
221032183,way,43.8467206,6.507957,Hôpital local de Castellane,hospital,,,,,http://www.hopital-castellane.fr,
222408663,way,48.8364574,0.9219176,Hôpital Local de Breteuil,hospital,,,,+33 2 32 34 78 34,,
222744831,way,49.2812119,1.7585211,Centre Hospitalier de Gisors - Pôle Sanitaire du Vexin,hospital,,yes,,+33 2 32 27 76 76,https://www.ch-gisors.fr/,
224523773,way,44.0530941,2.1579808,Clinique Sainte-Barbe,hospital,,,,,,
224648092,way,49.0320599,3.9550563,Centre hospitalier Auban-Moët,hospital,,yes,,+33 3 26 58 70 00,https://www.ch-epernay.fr/,Epernay
225045429,way,43.7293885,4.1711361,Clinique les Oliviers,hospital,,,,,,
225390244,way,45.9603904,2.1821871,Centre hospitalier Aubusson,hospital,,,,,,
225664161,way,46.9790191,3.1221713,Hôpital Pierre Bérégovoy,hospital,,yes,,+33 3 86 93 70 00,https://www.ch-nevers.fr/,Nevers
225664184,way,46.9828835,3.1198369,Hôpital Psychiatrique du Pré Poitiers,hospital,,,,,,
225788583,way,49.3857751,2.7895342,Centre hospitalier de Compiègne,hospital,,yes,,+33 3 44 23 60 00,https://www.ch-compiegnenoyon.fr/fr/accueil.html,
225892709,way,48.4254494,0.0844081,Centre hospitalier d'Alençon,hospital,,yes,,+33 2 33 32 30 30,https://www.ch-alencon.fr/,Alençon
225978952,way,48.4286336,0.0760522,Clinique Saint-Joseph,hospital,,no,,,,
226259988,way,49.1090988,-1.0962884,Centre Hospitalier Spécialisé - ISTMA,hospital,,,,,,
226442774,way,44.7460894,-0.451443,Clinique Les Horizons,clinic,Inicea,,,,https://www.inicea.fr/sante-mentale/clinique-les-horizons-cambes-33880,
226571591,way,46.7959521,4.7820726,Dracy santé : Centre Orthopédique Médico Chirurgical de Dracy-Le Fort,hospital,,,,,,
226685761,way,43.2624924,5.4091814,Institut Paoli-Calmettes,hospital,,,,,https://www.institutpaolicalmettes.fr/,
226685762,way,43.2603366,5.4102642,Hôpital Sainte-Marguerite,hospital,,,,,,
227592913,way,44.7739368,-0.6367857,,clinic,,,,,,
227830548,way,44.0714958,6.17387,Centre hospitalier de Digne-les-Bains,hospital,,yes,,+33 4 92 30 15 15,http://www.ch-digne.fr/,Digne-les-Bains
228079469,way,44.7314897,-0.6004383,,clinic,,,,,,
228085514,way,44.7306125,-0.6008183,Cabinet de Soins Infirmiers,clinic,,,,,,Léognan
228262980,way,44.6348617,-0.3107706,Centre hospitalier de Cadillac - Unité pour Malades Difficiles,hospital,,,,,,
228323485,way,46.2109352,5.2533088,Clinique Convert,hospital,Ramsay Santé,yes,,+33 4 74 45 64 45,https://clinique-convert-bourg-en-bresse.ramsaygds.fr/,
228588491,way,48.5162275,3.716131,Groupement Hospitalier Aube Marne,hospital,Elsan,yes,,+33 8 26 39 99 27;+33 3 25 21 96 03,https://www.gham.fr/,Romilly-sur-Seine
228783017,way,48.26249,-1.6088621,,hospital,,,,,,
228951730,way,48.7867366,2.2524385,Groupe Hospitalier Paul Guiraud - Site de Clamart,hospital,Groupe Hospitalier Paul Guiraud,no,,+33 1 42 11 70 00,https://www.gh-paulguiraud.fr/,Clamart
229054718,way,43.2823653,5.5963399,Clinique Provence-Bourbonne,hospital,,no,,,,
230167571,way,45.7691516,4.9993368,Clinique Lyon Lumière,hospital,,,,,https://www.orpea.com/clinique-lyon-lumiere,
231154901,way,47.3899785,0.6804971,Hôpital Clocheville,hospital,CHU de Tours,yes,,+33 2 47 47 60 99,https://www.chu-tours.fr/hopital-clocheville/,
231186313,way,43.3261449,-1.0271045,Centre hospitalier de Saint-Palais,hospital,,yes,,+33 5 59 65 45 35,https://www.ch-saintpalais.fr/,
231231601,way,48.7456638,2.3172568,Hôpital Psychiatrique Erasme,hospital,,no,,,https://www.eps-erasme.fr,
232326031,way,48.0507185,-2.6833555,Kervihan,clinic,,,,,https://www.kervihan.fr/,
232330418,way,48.046757,-2.6896305,,clinic,,,,,,
232330426,way,48.046685,-2.690935,,clinic,,,,,,
232330521,way,48.046653,-2.689208,,clinic,,,,,,
232330596,way,48.0467485,-2.6888804,,clinic,,,,,,
232455988,way,45.1849054,5.7536796,Centre ambulatoire en santé mentale,hospital,,,,+33 4 56 58 82 70,,Saint-Martin-d'Hères
232518971,way,48.8393703,2.1694837,Hôpital Raymond Poincaré,hospital,Assistance publique - Hôpitaux de Paris,no,,+33 1 47 10 79 00,https://raymondpoincare.aphp.fr/,Garches
232541716,way,48.7898616,5.1305565,Centre hospitalier spécialisé de Fains-Véel,hospital,,,,+33 3 29 76 86 86,http://chs-fainsveel.fr/,Fains-Véel
232541984,way,43.2130529,2.3294713,Polyclinique Montréal,hospital,Elsan,yes,,+33 8 26 30 53 53,http://www.carcassonne.groupe-elsan.com/,
232639573,way,48.7806497,-3.2347922,Centre hospitalier de Tréguier,hospital,,,,,http://www.ch-treguier.fr/,
232747771,way,45.5648641,5.9108281,Centre hospitalier métropole Savoie,hospital,,yes,,+33 4 79 96 50 50,http://www.ch-metropole-savoie.fr/chc/c_5038/accueil,
232817169,way,48.8222002,-3.3497033,Centre Hospitalier Lannion-Trestel,hospital,,,,,,
232869675,way,44.5276361,2.7608786,Hôpital Jean Solinhac,hospital,,,,,,
233206826,way,44.1859987,0.6292384,Clinique Esquirol Saint-Hilaire,hospital,Elsan,yes,,+33 5 53 47 47 47,http://www.cesh.groupe-elsan.com/,
233576108,way,49.123899,6.2434363,Hôpital Robert-Schuman,hospital,Hôpitaux Privés de Metz,no,,+33 3 57 84 28 00,https://www.hpmetz.fr/fr,
234067698,way,44.7278194,5.0069185,Centre hospitalier de Crest,hospital,,yes,,+33 4 75 25 37 00,http://www.ch-crest.fr/,
234885352,way,50.4785994,2.4908412,Polyclinique de la Clarence,hospital,Groupe AHNAC,yes,,+33 3 21 54 90 00,https://polyclinique-divion.ahnac.com/,
234900278,way,48.7401714,-0.5740236,Centre Hospitalier Maubert,hospital,GHT Les Collines de Normandie,,,,https://ght-collinesdenormandie.fr/accueil/centre-hospitalier-jacques-monod-flers/,
234962988,way,43.2999147,5.3930355,Clinique Sainte-Élisabeth,clinic,,no,,+33491189199,https://www.clinique-sainte-elisabeth.fr/,
235637682,way,46.7962151,4.8060483,Clinique du Chalonnais,clinic,Général de Santé,,,+33374827100,https://clinique-du-chalonnais-chatenoy-le-royal.ramsaygds.fr,
236393341,way,49.3168585,2.3214855,,clinic,,,,,,
236469017,way,48.5209879,2.4325344,Hôpital Georges Clemenceau,hospital,Assistance publique - Hôpitaux de Paris,,,+33 1 69 23 20 20,https://chu-mondor.aphp.fr/georgesclemenceau/,Champcueil
236898656,way,47.4056685,-0.9231585,,clinic,,,,,,Ingrandes-le-Fresne-sur-Loire
237256110,way,43.2637412,2.4042937,Clinique La Vernède,hospital,Inicea,,,,https://www.inicea.fr/smr/clinique-la-vernede-aude-11600,
237567843,way,47.2339122,-0.4307711,Hopital Local,hospital,,,,,,
237909909,way,48.5244296,-2.2316752,Institut médicalisé de Plancoët,clinic,,,,,,
238664522,way,47.408875,-0.7582325,Centre Hospitalier Saint-Louis,hospital,,,,,,
240269395,way,44.5905606,3.9053009,Maison Medicale,clinic,,,,,,
240303552,way,49.5197813,0.0869039,Centre de Rééducation Fonctionnelle de la Hève,hospital,,,,+33235547700,,
240489908,way,47.6912221,0.4198578,Centre Hospitalier de Château du Loir,hospital,,yes,,+33 2 43 44 77 77,http://ch-chateauduloir.fr/accueil.php,
241260655,way,46.5694373,1.9836235,Centre Hospitalier de La Châtre,hospital,,,,,,
241960325,way,48.1929653,3.2984219,Centre hospitalier de Sens,hospital,Groupement Hospitalier Nord Yonne,yes,,+33386861515,https://www.ch-sens.fr/,Sens
241968403,way,43.6596515,7.1371877,Consultations A,clinic,,,,,,
241968404,way,43.6593089,7.1370957,Consultations B,clinic,,,,,,
242246476,way,46.4656541,-0.8276112,Pôle santé sud Vendée,hospital,,,,+33 2 51 53 51 53,,
242287084,way,50.702737,2.2528323,Centre hospitalier de la Région de Saint-Omer,hospital,,yes,,+33 3 21 88 70 00,https://ch-saintomer.fr/,
242643046,way,48.3831366,2.9523117,Centre hospitalier de Montereau,hospital,Centre hospitalier du sud Seine-et-Marne,yes,,+33 1 64 31 64 31,https://www.ch-sud-seine-et-marne.fr/,
242889917,way,-20.3924242,164.5811316,Dispensaire de Pouébo - Centre Médico-Social,hospital,,,,,,
243946905,way,49.8670563,2.277194,Centre de Post-Cure,hospital,,,,,,
244011640,way,49.0771154,6.2698251,Complexe Hospitalier Spécialisé de Jury,hospital,,,,,,
244056172,way,46.7968638,4.4530196,Hôpital du Creusot - Site Harfleur,hospital,Groupe SOS Santé,no,,+33 3 85 77 74 00,https://www.hopital-lecreusot.com/,
244752454,way,47.6361074,7.4940425,Maison de Sante Galenus,clinic,,,,,https://www.mspbartenheim.com,
244826176,way,45.8797194,6.1409826,Clinique Régina,clinic,emeis,,,+33450190909,https://www.emeis-cliniques.fr/clinique-regina-sevrier-74,
245311511,way,48.9411378,2.3470356,Centre Cardiologique du Nord,hospital,,,,+33 1 49 33 41 41,https://ccn.fr/,
247346764,way,49.104788,6.1902915,Centre Médico-Psychologique Tivoli,clinic,,,,,,
247861529,way,47.3560363,-1.9386572,Centre Hospitalier de Savenay,hospital,,,,,,
248136848,way,49.228432,6.0172701,Espace Marie Curie,clinic,,,,,,
248682204,way,46.7979224,4.8565233,Hôpital Privé Sainte-Marie,hospital,,,,,,
248724084,way,43.6572637,4.6337521,Centre hospitalier d'Arles,hospital,,yes,,+33 4 90 49 29 29,https://www.ch-arles.fr/,
249199181,way,48.5977132,-0.3494449,Centre Hospitalier Intercommunal des Andaines - Site de la Ferté-Macé,hospital,CHIC des Andaines,yes,,+33 2 33 30 50 50,https://chic-andaines.fr/fr/index.php,
249543696,way,43.3150257,1.534246,,clinic,,,,,,
249545231,way,43.3153428,1.53503,,clinic,,,,,,
249742049,way,47.3608059,5.0511389,Pôle Santé,clinic,Mutualité Française,,,,,Dijon
251415822,way,47.818281,-2.1336195,Centre hospitalier intercommunal Redon Carentoir,hospital,,,,+33 2 99 93 70 00,http://www.ch-redon-carentoir.fr/presentation/structures-1875.html,
252101167,way,-20.8912792,55.4440569,CHU Félix Guyon,hospital,CHU de la Réunion,yes,,+262 262 90 50 50,,Saint-Denis
252242409,way,-20.9027556,55.4774057,Centre de dialyse Sainte-Clotilde,clinic,,,,,,Saint-Denis
252288383,way,43.655423,1.5701601,Clinique de Beaupuy,clinic,Ramsay Santé,,,+33536286060,,Beaupuy
252421128,way,48.8890715,2.1977817,Hôpital de Jour,hospital,,,,,,
252551044,way,48.6759788,2.4131969,Hôpital Dupuytren,hospital,Assistance publique - Hôpitaux de Paris,,,+33169836363,https://chu-mondor.aphp.fr/joffredupuytren/,Draveil
252583112,way,-21.1331934,55.4798596,CHU de la Réunion - Site Sud Cilaos,hospital,CHU de la Réunion,no,,+262 2 62 31 70 50,,Cilaos
252751793,way,43.3839447,0.0454364,Hôpital Gériatrique des Acacias,hospital,Centre hospitalier de Bigorre,,,,,
252813710,way,46.6920702,4.1375515,Centre hospitalier Les Marronniers,hospital,,,,,,
252933027,way,43.2752785,5.3926682,Hôpital Saint-Joseph,hospital,,yes,,+33 4 91 80 65 00,https://www.hopital-saint-joseph.fr/,
252936951,way,50.7455712,3.1814065,Centre hospitalier de Tourcoing,hospital,,yes,,+33 3 20 69 49 49,https://www.ch-tourcoing.fr/,
253086558,way,49.4063613,2.8176565,,clinic,,,,,,
253501019,way,50.6797338,3.1725315,Centre hospitalier de Roubaix,hospital,,yes,,+33 3 20 99 31 31,http://www.ch-roubaix.fr/#,
253873630,way,43.9129046,2.1873677,UMD Louis Crocq,hospital,,no,,,,
254202677,way,50.102267,1.8313247,Centre hospitalier d'Abbeville,hospital,,yes,,+33 3 22 25 52 00,https://www.ch-abbeville.fr/,
254396883,way,48.3993319,-4.5306233,,clinic,,,,,,
254401154,way,48.4206782,1.506739,Centre Hospitalier Louis Pasteur,hospital,,yes,,+33 2 37 30 30 30,https://www.ch-chartres.fr/index.php,
254403350,way,48.8385002,2.3585546,Hôpital des Gardiens de la Paix,hospital,,,,,,
254540889,way,48.9006101,2.2534519,Centre hospitalier de Courbevoie - Neuilly-sur-Seine,hospital,,,,,,
254881825,way,43.1325033,6.0153793,Hôpital Clémenceau,hospital,Centre Hospitalier Intercommunal de Toulon La Seyne-sur-Mer,no,,+33 4 94 08 86 86,https://www.ch-toulon.fr/nous-connaitre/etablissements/hopital-clemenceau-la-garde-598.html?MP=594-504,
255011574,way,45.8190793,1.2474544,Hôpital de Jour Baudin,hospital,Mutualité Française,no,,,,
255119527,way,48.8375313,2.365283,Hôpital Pitié-Salpêtrière,hospital,Assistance publique - Hôpitaux de Paris,yes,,+33 1 42 16 00 00,https://pitiesalpetriere.aphp.fr/,
255439529,way,43.2847363,5.3667358,Clinique L'Angélus,clinic,,,,+33496114747,,
255533171,way,47.6494857,0.1544717,Hôpital François de Daillon,hospital,,,,+33243484848,,Le Lude
256375285,way,43.2182461,0.0775924,Clinique Ormeau Pyrénées,hospital,,no,,,,
256651217,way,-17.6241227,-149.6108054,Dispensaire Punavai Plaine,clinic,,no,,,,
256961253,way,45.697343,5.9052881,Centre hospitalier Métropole Savoie (site d'Aix-les-Bains),hospital,,yes,,+33 4 79 88 61 61,http://www.ch-metropole-savoie.fr/chc/c_5038/accueil,
257235873,way,43.7211103,7.273455,Hôpital de Cimiez,hospital,,,,,,
257235915,way,43.7236856,7.2803604,Clinique Saint-Luc,hospital,,,,+33 4 92 26 15 15,https://www.cliniquesaintluc.fr/,
257338570,way,47.3188238,5.0567555,Centre gériatrique de Champmaillot,hospital,Centre Hospitalier Régional Universitaire de Dijon,,,,,
257997824,way,47.890652,7.2250707,Hôpital de Soultz,hospital,,,,,,
258124262,way,46.1445456,6.0767362,Centre médico-psychologique Adultes de Saint-Julien-en-Genevois,hospital,Etablissement Public de Santé Mentale 74,,,,,Saint-Julien-en-Genevois
258392592,way,46.7944941,-0.9185894,,hospital,,,,,,
258462681,way,48.5689201,-1.096431,Centre Hospitalier de Saint-Hilaire-du-Harcouet,hospital,,yes,,+33 2 33 79 44 44,,
258462737,way,48.5704868,-1.0979598,Résidence Les Sorbiers Rouges,clinic,,,,,,
258491266,way,48.2981332,-2.5176677,Centre médical,clinic,,,,,,
258491799,way,44.8170347,-0.6801088,Centre de consultation,clinic,,,,,,Mérignac
258500820,way,45.702286,4.8087754,Centre hospitalier Lyon-Sud,hospital,Hospices Civils de Lyon,yes,,+33 8 25 08 25 69,https://www.chu-lyon.fr/,
258841450,way,47.0782648,2.3766945,Centre Hospitalier George Sand,hospital,Centre hospitalier George Sand,,,+33 2 48 66 52 52,https://www.ch-george-sand.fr/,
259344628,way,47.3347288,5.0102465,Clinique Bénigne Joly,hospital,,,,,,
259558051,way,45.1650368,5.7293073,Clinique du Mail - Imagerie médicale,clinic,,,,,,
259783774,way,48.8742587,2.380489,Hôpital Maison-Blanche,hospital,,,,,,
259881348,way,43.9862262,4.889219,Clinique Fontvert,clinic,Capio,,,+33490036333,https://www.capio.fr/internet/SiteClinique/Fontvert/index.asp,
260325078,way,45.1107175,2.8729342,Centre hospitalier de Murat,hospital,,,,,,
261297507,way,48.936835,2.3731323,Hôpital Romain Rolland,hospital,,,,,,
261307948,way,49.7417727,3.0855368,Centre Hospitalier de Ham,hospital,,,,,https://www.ch-ham.com/,
262837696,way,50.5888313,3.0887262,Clinique Lille-Sud SOS Mains,clinic,,,,+33359755755,,
262943975,way,48.3584985,-2.63504,Foyer de vie,clinic,,,,,,
263021470,way,43.5636782,7.0045937,Centre hospitalier de Cannes Simone Veil,hospital,,,,+33 4 93 69 70 00,https://www.ch-cannes.fr/,
264259342,way,47.7657886,6.9846569,Centre médical Le Schimmel,hospital,,,,,,
264758108,way,48.1125246,-1.6516462,Centre Hospitalier Guillaume Régnier,hospital,,no,,+33 2 99 33 39 00,https://www.ch-guillaumeregnier.fr/,Rennes
264964048,way,46.3591628,6.4742375,Equipe Mobile Psycho-sociale du Chablais,hospital,Etablissement Public de Santé Mentale de la Vallée de l'ARVE,,,,,Thonon-les-Bains
265281615,way,48.8191286,2.140617,Clinique de la Porte Verte,hospital,,,,,,
265828901,way,43.2464895,5.4121401,Centre Cardio-Vasculaire de Valmante,hospital,Clinéa,no,,+33 8 26 96 18 19,https://www.clinea.fr/centre-cardio-vasculaire-de-valmante-marseille-13,
266284860,way,43.3112924,5.4113438,Centre Gérontologique Départemental,hospital,Conseil Général Bouches-du-Rhône,,,+33491127400,https://www.cgd13.fr/,
267489020,way,48.6858585,6.183744,Les Maisons Hospitalières,hospital,Association Les Maisons Hospitalières,,,+33 3 83 36 86 00,https://www.les-maisons-hospitalieres.fr/,
268205880,way,46.5149052,-1.7517761,Centre Hospitalier Côte de Lumière,hospital,,yes,,+33 2 51 21 85 85,https://www.ch-cotedelumiere.fr/lrportal/,Olonne-sur-Mer
270846648,way,47.5066597,7.3302192,Luppach,hospital,,,,,,
271053713,way,49.925312,4.073176,Centre Hospitalier de Hirson,hospital,,yes,,+33 3 23 58 82 82,,Hirson
271663841,way,50.6105208,3.034724,Hôpital Claude Huriez,hospital,,,,,,Lille
273181491,way,47.1076077,2.3566167,Clinique Guillaume de Varye,hospital,,,,,,
273270325,way,45.7509048,-0.6429859,Clinique Richelieu,hospital,,no,,,,Saintes
273496581,way,48.1061006,-1.6697821,Pôle Saint-Hélier,hospital,,no,,,,
273790635,way,44.6392199,-0.9658977,Hôpital de jour & CMP Adultes CH Charles Perrens,hospital,,,,+33556827830,,
273878074,way,50.6467023,3.0839193,Hôpital Privé La Louvière,hospital,Générale de Santé,no,,,,
273983663,way,43.4226689,3.5970119,Centre Jean-Pierre Cartereau - Pole de psychiatrie,hospital,,,,,,
275469393,way,43.5497316,6.9883052,Clinique du Méridien,hospital,,,,,,
278218377,way,47.1797978,-1.5789142,Centre Hospitalier Georges Daumézon,hospital,,,,,,
278624455,way,48.2826728,2.9710455,cabinet infirmier,clinic,,,,,,
278910187,way,15.9820885,-61.7141156,Clinique Manioukani,clinic,,,,,,Gourbeyre
280427594,way,3.1683325,-52.3326232,Centre hospitalier Andrée Rosemon,hospital,,,,,,
281168043,way,44.0050085,4.409511,Hôpital du Mas Careiron,hospital,,,,+33 4 66 62 69 00,,Uzès
283334846,way,45.1865963,5.7204081,Hôpital de jour pour enfants,hospital,,,,+33476469593,,
283415603,way,48.0190512,0.1635713,Clinique du Pré,hospital,,,,,https://www.cliniquedupre.com/,
283415613,way,48.0201962,0.1562406,Clinique Rougemont,hospital,Inicea,,,,https://www.inicea.fr/smr/clinique-rougemont-sarthe-72000,
284329974,way,45.2070358,1.6897554,Centre hospitalier Jean-Marie d'Auzier,hospital,,no,,,,
285175342,way,43.4750009,2.6327653,Maison de Santé pluridisciplinaire de la haute vallée du Thoré,clinic,,,,+33 5 31 80 99 20,,Labastide-Rouairoux
285922360,way,48.195153,-0.6640155,Centre de santé,clinic,,,,,,Martigné-sur-Mayenne
286695559,way,49.1018697,-0.5048947,Centre de santé mentale d'Évrecy,hospital,,,,+33 2 31 06 70 10,,
287019343,way,5.5006893,-54.0322008,,hospital,,,,,,
287271423,way,47.9164236,1.8723399,,hospital,,,,,,
287342086,way,16.3313091,-61.4572276,CENTRE DE RADIOLOGIE DE GRANDE-TERRE,clinic,,,,,,
287354058,way,16.3278235,-61.4495891,Infirmerie,clinic,,,,,,
288005712,way,47.6902357,2.6350061,Centre hospitalier Pierre Dezarnaulds,hospital,,yes,,+33 2 38 29 38 29,http://chpdgien.wixsite.com/ch-gien,
288331550,way,46.317461,2.955245,Maison de Santée Elaris,clinic,,,,,,
288661038,way,3.623359,-53.2095996,CDPS Saül,clinic,CHAR,,,,,
289033813,way,49.9043971,2.3183293,CHU Amiens Picardie - Centre Saint-Victor,hospital,,,,,,
289193654,way,48.7293827,7.0515903,Hôpital Saint-Nicolas,hospital,,yes,,+33 3 87 23 24 25,https://www.ch-sarrebourg.fr/,Sarrebourg
290298309,way,42.9775833,1.6723067,Hôpital de jour psy infanto-juvénile La Vergnière l'Herm,hospital,,,,,,
290757873,way,44.4164177,4.0779788,Centre de rééducation respiratoire Folcheran,hospital,,no,,,,
290946376,way,43.4119115,1.733312,,hospital,,,,,,
292040527,way,47.234646,5.9619303,Centre de Soins et de Réadaptation Les Tilleroyes,hospital,CHRU de Besançon,,,,,
292320347,way,46.8907339,-0.9273253,Poste de Secours - Cinéscénie,clinic,,,,,,
293509868,way,46.947945,2.9533635,Maison de Santé,hospital,,,,,,
293867765,way,43.3028442,5.4320914,Clinique Vert-côteau,clinic,,,,+33826207312,http://www.vertcoteau.fr/,
294164154,way,43.1159312,0.4136068,Hôpitaux de Lannemezan,hospital,,yes,,+33 5 62 99 55 55,https://www.ch-lannemezan.fr/,
294978320,way,48.8292407,2.3110487,Hôpital Léopold Bellan,hospital,Fondation Léopold Bellan,no,,+33 1 40 48 68 68,http://www.hopital.bellan.fr/,Paris
294978322,way,48.8294654,2.3107293,Aura,hospital,,no,,,,
295237448,way,45.6889543,5.9168068,Hôpital Reine Hortense,hospital,,,,,,
295295945,way,47.0931141,2.3972738,Hôpital Taillegrain - Centre de gérontologie des Prés Fichaux,hospital,Centre Hospitalier de Bourges,,,,,
295659576,way,48.075248,7.330307,Centre thérapeutique de jour,hospital,Hôpitaux Civils de Colmar,,,,,
296046587,way,46.8821938,5.9087908,Centre de Réadaptation Cardiologique et Pneumologique de Franche-Comté,hospital,,,,,,
296073777,way,45.5797299,5.9337358,Institut départemental Saint-Louis du Mont,clinic,,,,,,
297306211,way,45.1709994,4.8220792,Hôpitaux Drôme-Nord - Site de Saint-Vallier,hospital,Hôpitaux Drôme-Nord,yes,,+33 4 75 23 80 00,https://www.hopitaux-drome-nord.fr/,
297856616,way,47.6037254,1.3433445,Centre Hospitalier Simone Veil de Blois,hospital,,yes,,+33 2 54 55 66 33,https://www.ch-blois.fr/,Blois
298521118,way,47.1071037,6.143156,Centre Hospitalier Saint-Louis,hospital,,,,,,
299978150,way,45.4734293,-0.1393228,Centre hospitalier du Sud-Charente,hospital,,yes,,+33 5 45 78 78 00,https://www.ch-sud-charente.fr/,
300431930,way,48.6514303,1.8251817,Centre hospitalier de Rambouillet,hospital,,yes,,+33 1 34 83 78 78,https://www.ch-rambouillet.fr/,
300573805,way,43.8756843,5.3830262,Centre hospitalier du Pays d'Apt,hospital,,yes,,+33 4 90 04 33 00,http://www.ch-apt.fr/,
301394826,way,48.1777275,1.3833315,USLD Les Blés d'Or,hospital,Centre Hospitalier Bonneval,,,,,
301564841,way,42.6821751,2.9114168,Polyclinique Méditerranée,hospital,Elsan,no,,,https://www.elsan.care/fr/polyclinique-mediterranee,
303063918,way,43.5828474,3.8617411,Polyclinique Saint-Roch,hospital,Oc Santé,yes,,+33 8 26 88 88 82,https://www.oc-sante.fr/etablissements/polyclinique-saint-roch/,Montpellier
303532771,way,43.7245761,7.2821547,Centre hospitalier universitaire de Nice,hospital,,yes,,+33 4 92 03 77 77,https://www.chu-nice.fr/,
304065962,way,50.374841,3.0011231,Clinique de l'Escrebieux,hospital,,,,,,
304139837,way,43.8241293,4.3212313,CHU de Nîmes,hospital,,yes,,+33 4 66 68 68 68,http://www.chu-nimes.fr/,
304571328,way,43.3610068,-1.4028228,La Maison Basque,hospital,SAS La Maison Basque,,,,,
305450030,way,43.7225268,7.2812273,Polyclinique Saint-François,hospital,,yes,,,https://cliniquesaintfrancois-nice.vivalto-sante.com/,
305576481,way,45.7744827,3.0606845,Clinique des 6 Lacs,hospital,,,,,,
305860644,way,48.6471211,6.1496974,CHRU de Nancy Brabois,hospital,,yes,,,https://www.chru-nancy.fr/index.php/brabois,
306957068,way,46.3419595,2.6097723,Centre hospitalier de Montluçon,hospital,,yes,,+33 4 70 02 30 30,https://www.ch-montlucon.fr/,
307727995,way,47.6413705,-2.066123,Centre d'ophtalmologie,clinic,OphtAlliance,,,+33299716080,https://www.ophtalliance.fr/nos-centres/saint-nicolas-de-redon/,Saint-Nicolas-de-Redon
307868478,way,51.007486,2.2902144,Polyclinique Grande-Synthe,hospital,,yes,,+33 3 28 58 60 00,https://www.polyclinique-grande-synthe.com/,
308051411,way,44.7417044,-0.68333,,clinic,,,,,,
308267899,way,-17.5271841,-149.5366373,Dispensaire Tavana Rosa Raoulx,clinic,,,,,,
308448423,way,50.3546814,3.2878563,Centre Hospitalier de Somain,hospital,,,,,,Somain
308467478,way,4.4862982,-52.0371385,Centre Délocalisé de Prévention et de Soins,clinic,,,,,,
309602697,way,46.1242029,1.0622201,Hôpital du Haut Limousin,hospital,,,,,,
310677569,way,48.4263474,-4.4896005,CMSI Brest,clinic,,,,,,
311187908,way,47.872905,1.796491,Belle Allée,clinic,,,,,,Chaingy
311355003,way,16.0101045,-61.5971931,Centre hospitalier de Capesterre-Belle-Eau,hospital,,yes,,,,Capesterre-Belle-Eau
312331559,way,45.4175195,4.6718995,Centre hospitalier de Pélussin,hospital,,,,,,
312449109,way,49.0018264,1.0793748,Hôpital de la Musse,hospital,,,,,https://www.larenaissancesanitaire.fr/,
313157127,way,48.4304119,-4.4754786,Polyclinique Keraudren,hospital,Groupe Elsan,yes,,+33 2 98 34 29 29,http://www.keraudren-grandlarge.com/,
313721543,way,44.5603848,4.5011195,Hôpital Local Claude Déjean de Villeneuve-de-Berg,hospital,,,,+33 4 75 88 80 25,https://www.ch-vdb.fr/,
314104769,way,-8.828181,-140.0819004,,clinic,Pays,,,,,
314130662,way,-8.8722327,-140.0636398,,clinic,Pays,,,,,
314279267,way,43.5982316,1.3384641,Clinique des Pyrénées,clinic,,,,+33561153200,https://www.cliniquedespyrenees.com/,
315039487,way,43.6572562,4.6313076,Centre de Dialyse - Diaverum,hospital,Diaverum,,,+33 4 90 52 15 20,https://www.diaverum.com/fr-FR/Clinic-container/France/Arles/Centre-de-Dialyse-Diaverum-Arles/,
316149783,way,44.2650787,4.6434912,Centre hospitalier Pont-Saint-Esprit,hospital,,,,+33466334000,https://www.hopitalpse.fr/,Pont-Saint-Esprit
316466243,way,50.9247318,1.8057588,Clinique des 2 Caps,clinic,,,,+33321466400,,
316974204,way,47.3341454,0.6875947,Cabinet d'Urologie Le Lucé - Chambray-lès-Tours,clinic,,,,,,
317408579,way,45.9064086,5.1940007,Hôpital C.J. Ruivet,hospital,,no,,,,
317410541,way,45.9408891,4.7714356,Centre hospitalier Montpensier,hospital,,no,,,,
317491268,way,46.2596557,5.6302218,Centre hospitalier du Haut-Bugey,hospital,,yes,,+33 4 74 73 10 01,https://www.ch-hautbugey.fr/,Oyonnax
317496384,way,46.4351073,4.9438203,Centre hospitalier de Pont-de-Vaux,hospital,,no,,,,
317982847,way,45.8357269,3.0941996,Pôle médical de Sémaphore,hospital,,no,,,,Cébazat
319213493,way,46.7980596,4.8538263,Centre Médical Nicolas de Pontoux,hospital,,,,,,
319403899,way,44.3435748,2.0331991,Centre hospitalier de Villefranche-de-Rouergue - Site de la Chartreuse,hospital,,yes,,+33 5 65 65 30 00,https://www.ch-villefranche-rouergue.fr/index.html,
319499197,way,48.5883109,6.0954266,Centre Jacques Parisot,hospital,OHS,,,,,
319520608,way,45.0413631,5.0190419,Hôpitaux Drôme-Nord - Site de Romans,hospital,Hôpitaux Drôme-Nord,yes,,+33 4 75 05 75 05,,
320170931,way,44.7050018,3.3880044,Foyer d'Accueil Médicalisé Sainte-Angèle,clinic,,,,,,
320262469,way,50.4219135,2.8919622,Centre Sainte-Barbe,hospital,Hopale,,,,,
320618907,way,49.7305236,1.4518796,Centre Hospitalier Neufchâtel-en-Bray,hospital,,,,,,
325891086,way,41.399378,9.1634398,Centre hospitalier de Bonifacio,hospital,,,,+33 4 95 73 95 73,https://www.centrehospitalierbonifacio.fr/,
326118528,way,50.4599099,2.7171599,Centre de Psychothérapie Les Marronniers,hospital,ANHAC,,,,,
326245027,way,48.671358,4.195199,Maison médicale,clinic,,,,,,
326252166,way,48.8896681,5.5396879,Hôpital Sainte-Anne,hospital,,,,+33 3 29 91 81 81,http://www.chvsm.org,
326895276,way,50.3792143,2.3226566,Centre Hospitalier du Ternois,hospital,,,,,https://www.centrehospitalierduternois.com/,
327036036,way,47.8608333,-3.5643791,IME,clinic,,,,+33 2 98 96 26 02,,Quimperlé
327588046,way,50.38784,2.3361379,Polyclinique du Ternois,hospital,Groupe AHNAC,,,+33826020263,https://polyclinique-ternois.ahnac.com/,
328339816,way,49.255783,0.980688,Centre de soins,hospital,,,,,,
329513350,way,-17.4930602,-149.8707982,Dispensaire de Papetoai,clinic,,,,,,
329553893,way,49.0404262,2.3091472,Maison Médicale des Elfes,clinic,,,,,,Bouffémont
329557834,way,49.0448321,2.3211878,Immeuble ISBA,clinic,,,,,,Bouffémont
330042795,way,46.8953325,2.7306465,Cabinet d'infirméres,clinic,,,,,,
330550912,way,43.9111001,2.1685576,Clinique Saint-Salvadou,hospital,,,,,,
330550913,way,43.9291887,2.1798249,Clinique Toulouse Lautrec,hospital,,,,+33 8 26 39 99 41,,
330684147,way,43.2825651,5.3799044,Clinique Bouchard,hospital,,,,,,Marseille
330763713,way,44.5645672,3.292737,Hôpital Saint-Jacques,hospital,Hôpital Lozère,,,+33 4 66 49 52 00,http://www.hl-marvejols.fr/,
330846175,way,48.8288844,2.3104769,Clinique Arago,hospital,,no,,,,
332357742,way,43.6984172,5.5014025,Centre médical Provence Luberon,clinic,,,,,,Pertuis
332382649,way,49.8705086,2.2755927,Hôpital Psychiatrique Philippe Pinel,hospital,,yes,,+33 3 22 53 46 46,http://www.ch-pinel.fr/,Amiens
332399193,way,43.6608664,7.1864607,Institut Arnault Tzanck,hospital,Institut Arnault Tzanck,yes,,+33 4 92 27 33 33,https://saintlaurentduvar.tzanck.org/,
333055124,way,43.2735015,5.3865374,Clinique Juge,hospital,,,,+33 8 26 20 78 78,https://www.clinique-juge.com/,
333404204,way,48.4099722,-1.7243576,Centre local hospitalier Saint-Joseph,hospital,,no,,+33 2 99 73 05 34,https://www.associationcliniquesaintjoseph.fr/articles/le-centre-local-hospitalier-saint-joseph,Combourg
334034305,way,48.8761496,2.1873346,Centre Hospitalier Stell,hospital,,no,,,http://www.chd-stell.fr/,
334077656,way,18.060466,-63.0862764,Centre Ophtalmologie,clinic,,,,,,
335040797,way,43.9230841,4.8810716,Centre hospitalier spécialisé Avignon Montfavet,hospital,,,,,,Avignon
335677350,way,48.9886618,1.81283,,hospital,,,,,,Gargenville
335677414,way,48.989091,1.8183168,,hospital,,,,,,gargenville
335701446,way,48.4213801,2.1496533,Centre hospitalier d'Étampes,hospital,Centre hospitalier Sud-Essonne,yes,,+33 1 60 80 76 76,http://www.ch-sudessonne.fr/,
336318742,way,47.2735395,6.104105,Espace médical,clinic,,,,,,
337002580,way,46.1867095,6.2244053,Hôpital privé Pays de Savoie,hospital,Ramsay Santé,yes,,,,Annemasse
337395465,way,46.3091695,3.284661,,clinic,,,,,,
338167307,way,44.3530913,6.3602614,EPS Vallée de la Blanche,hospital,,,,+33 4 92 30 94 94,,Seyne
338172686,way,48.7477961,6.1825158,Centre de Réadaptation de Lay-Saint-Christophe,hospital,,,,,,
338896736,way,45.1338215,2.222729,Maison médicale,clinic,,,,,,
338988542,way,45.6891003,4.45631,Centre médical de l'Argentière,hospital,,,,,,
339580026,way,49.4151796,2.0990715,Clinique du Parc Saint-Lazare,hospital,,,,,,
340236479,way,43.1962563,-0.616898,Centre hospitalier d'Oloron,hospital,,yes,,,,Oloron-Sainte-Marie
340341167,way,43.1877779,-0.6312877,Centre Hospitalier - Site de Saint-Pée,hospital,,no,,,,
342869335,way,46.1534995,4.5892554,Hôpital de Beaujeu,hospital,,yes,,,,
343667557,way,43.219035,2.398756,Clinique Verdeau-Pailles,hospital,Centre hospitalier de Carcassonne,,,+33 4 68 10 87 55,,
343998739,way,46.2496435,3.6277705,Maison de santé pluriprofessionnelle,clinic,,,,,,
344085812,way,48.1940489,6.4314866,Centre hospitalier Émile Durkheim,hospital,CH Emile DURKHEIM,no,,+33 3 29 68 15 15,,
345079199,way,50.7157574,3.1567171,Hôpital de Jour,hospital,,,,,,
345317060,way,49.0755216,2.0746614,Clinique de l'Oseraie,hospital,Clinéa,,,+33 1 34 20 65 90,https://www.clinea.fr/clinique-de-loseraie-osny-95,Osny
347903755,way,45.5966251,5.2474599,Centre de rééducation Saint-Vincent de Paul,clinic,,,,,https://www.crf-bourgoin.com/,
349606175,way,45.7037788,4.7993641,Centre hospitalier Lyon-Sud (Sainte-Eugénie),hospital,Hospices Civils de Lyon,no,,,,
352163958,way,4.5740539,-52.4630407,Centre Délocalisé de Prévention et de Soins,clinic,Centre Hospitalier Andrée Rosemonde (CHAR),,,+594 594 27 07 60,,
352910368,way,44.8173508,-0.6777266,Clinique du Sport,clinic,,,,,,
354391031,way,43.2655239,5.3998405,Centre Phocéa,clinic,,,,,,
355306681,way,47.8358832,1.9209414,Centre Hospitalier Universitaire d'Orléans,hospital,,yes,,+33 2 38 51 44 44,https://www.chu-orleans.fr/,
355420838,way,43.1101106,-0.0507349,Centre de Dialyse,clinic,Polyclinique de l'Ormeau,,,,,
356348326,way,47.8558421,3.9791025,Centre hospitalier du Tonnerrois,hospital,,yes,,+33 3 86 54 33 00,https://www.ght-unyon.fr/,
356778466,way,47.9185911,0.7425607,Centre hospitalier de Saint-Calais,hospital,,yes,,+33 2 43 63 64 65,http://ch-saintcalais.fr/,
357188089,way,50.360358,3.4986985,Clinique Tessier,hospital,,,118,,https://clinique-teissier.ahnac.com/,
357249253,way,47.9154017,2.0296158,,hospital,,,,,,
357283933,way,46.8222397,3.4531827,Centre hospitalier de Decize,hospital,,yes,,+33 3 86 77 78 79,,
358245379,way,47.8398744,-1.6826375,Hôpital Saint-Thomas de Villeneuve,hospital,Groupe HSTV,no,,+33 2 99 43 71 40,https://bain.hstv.fr/,Bain-de-Bretagne
358490524,way,47.7542467,0.8762277,L'Hospitalet,hospital,,,,,,
358557648,way,48.9503195,2.1521624,Polyclinique de Maisons-Laffitte,hospital,Vivalto Santé,yes,,+33 1 30 86 36 36,,
358563296,way,46.1533836,-1.1756477,Centre de réadaptation fonctionnelle Richelieu,hospital,Croix-Rouge française,,,+33 5 46 43 12 05,https://pourvous.croix-rouge.fr/centre-de-readaptation-fonctionnelle-richelieu,
358627517,way,50.5470467,3.0180906,Centre Hospitalier de Seclin,hospital,,yes,,,https://www.ghsc.fr/,
359661568,way,44.2121753,4.0204302,Centre soins et suite de réadaptation SAMDO La Pomarède,hospital,Entreprise Groupe Samdo,no,,,,Les Salles-du-Gardon
359846767,way,44.237512,4.1190605,Centre Médical de Santé,clinic,,,,,,Saint-Florent-sur-Auzonnet
360466721,way,49.5870385,2.8459045,Kinésithératie,clinic,Dr Latarza,,,,,
360724895,way,43.6391371,5.1034347,Centre hospitalier de Salon-de-Provence,hospital,,yes,,+33 4 90 44 91 44,https://www.ch-salon.fr/,
361390062,way,43.8572908,0.6595356,Etablissement Public de Santé de Lomagne,hospital,,,,,,
362249499,way,17.897832,-62.8522188,Confort Medical Saint-Barth,clinic,,,,,,Gustavia
363204424,way,17.8942796,-62.8491949,Cabinet d'ostéopathie,clinic,,,,,,Gustavia
363340317,way,17.9009578,-62.8510172,Centre médico-social Ines Gumbs,clinic,Collectivité de Saint-Barthélemy,,,,,
363583269,way,48.101793,-1.6632281,Clinique Saint-Yves,hospital,,no,,+33 2 99 26 26 00,https://www.clinique-styves.fr/,Rennes
363597176,way,47.8127592,-2.3855678,Clinique des Augustines,hospital,,,,+33297731800,,
363598094,way,47.8074448,-2.3844562,Hopital local de Malestroit,hospital,,,,,,
363734137,way,43.6015409,3.8283978,Centre Languedoc,hospital,,,,,,
363747055,way,43.6191318,3.1618077,Hôpital la Providence,hospital,,,,,,
363988372,way,45.3686765,5.5950989,Site de l'ancien Centre hospitalier de Voiron,hospital,,no,,+33 4 76 67 14 91,https://www.ch-voiron.fr/,
364298573,way,45.7459489,4.2215808,Centre hospitalier du Forez,hospital,,yes,,+33 4 77 27 54 54,https://www.ch-forez.fr/,
366138703,way,47.5291925,1.3074055,Scm Maison Medicale Des Allets,clinic,,,,,,Chailles
366628347,way,-21.5702606,165.4992853,Centre de dialyse,hospital,,,,+687 44 12 66,,
366628651,way,-21.5700321,165.4984535,Centre de Radiologie,hospital,,,,,,
366997149,way,50.1871198,3.2440738,Clinique Saint-Roch,clinic,,,,+33327730000,https://clinique-saint-roch.com/clinique-saint-roch-cambrai/,Cambrai
367246128,way,49.41178,2.1121862,U.G.E.C.A.M. Centre de réadaptation fonctionnelle Saint-Lazare,hospital,,,,,,
367451661,way,18.0659306,-63.0866545,Laboratoire Lepers Saint-Martin Biologie,clinic,,,,,,
367934935,way,46.2333835,3.1470464,Maison de Santé,clinic,,,,,,
368145403,way,16.1409608,-61.7604874,Centre Hospitalier Maurice Selbonne,hospital,,no,,,,
368199771,way,49.0195223,1.145894,Clinique Bergouignan,clinic,,,,+33232314444,http://clinique-evreux-hospitalisation-eure-cardiologie-27.com/,Évreux
368358710,way,5.487789,-54.0203169,Centre hospitalier de l'Ouest Guyanais,hospital,Centre hospitalier de l'Ouest Guyanais,yes,,+594 594 34 88 88,,
369818132,way,48.8185669,2.3650131,Hôpital Henri Ey,hospital,Perray-Vaucluse,,,,,Paris
370093894,way,16.1978174,-61.78442,Centre Hospitalier Louis-Daniel Beauperthuy,hospital,,,,,,Pointe-Noire
370725303,way,43.2251504,0.0775437,Polyclinique de l'Ormeau,hospital,Elsan,yes,,+33 5 62 56 99 14,https://www.elsan.care/fr/polyclinique-ormeau,
372115811,way,48.8816182,2.1292529,Hôpital du Vésinet,hospital,,,,,https://www.hopital-levesinet.fr/,
374349039,way,48.2969881,5.1458314,,clinic,,,,,,
377269109,way,49.092891,4.9079292,Centre Hospitalier d'Argonne,hospital,,yes,,+33 3 26 60 81 41,http://www.ch-saintemenehould.fr/,
377512997,way,43.3177214,5.4586869,Clinique Chantecler,hospital,,,,,https://www.clinique-chantecler.com/fr/,
377830881,way,3.6439462,-54.034869,Dispensaire,clinic,Centre Hospitalier de Cayenne,,,,,
379091947,way,-17.5579674,-149.6061274,Centre médical Fanomai,clinic,,,,,,
379227731,way,49.127709,2.5355907,Maison Médicale du Serval,clinic,,,,,,
379349176,way,46.9954038,-1.8209071,Centre hospitalier Loire Vendée Océan,hospital,Centre hospitalier Loire Vendée Océan,,,+33 2 40 78 44 00,,
379493255,way,-20.9465426,55.3053961,Clinique des Flamboyants,clinic,,,,,,
379535398,way,48.6306357,-3.2955812,Centre hospitalier Bon Sauveur,hospital,,,,,,
379901547,way,-17.5575528,-149.604795,Dispensaire Mama Maria,clinic,,,,,,
382325702,way,43.6241788,3.9084075,Centre Orthopédique Maguelone,hospital,,,,,,
382325707,way,43.6240202,3.9096542,Les Jardins de Sophia,hospital,,,,,,
382327775,way,43.6267625,3.9078434,Clinique du Mas de Rochet,hospital,UGECAM,,,+33 4 67 33 10 33,,
383495108,way,4.9232206,-52.2823712,Carbet Médical,clinic,,,,,,
386871755,way,44.3260365,-0.9571285,Centre de Santé,clinic,,,,,,ychoux
387890924,way,47.6154837,6.8422308,,hospital,,,,,,
388657695,way,47.4221183,-0.5642764,Centre de Santé Mentale Angevin (CESAME),hospital,,,,,https://www.ch-cesame-angers.fr/,
388925129,way,48.2729793,-3.5794846,Centre hospitalier de Carhaix,hospital,,yes,,+33 2 98 99 20 20,https://www.chu-brest.fr/fr/decouvrir-chru/nos-hopitaux-residences/hopital-carhaix,
389190750,way,46.2854645,2.6615646,Centre hospitalier de Néris-Les-Bains,hospital,,no,,,http://www.ch-neris.fr,
389265247,way,43.0760176,5.8820496,Institut Médicalisé de Mar-Vivo,hospital,,,,,,
389618624,way,48.1378869,-1.6604702,Hôpital de la Tauvrais,hospital,,no,,,,
389668839,way,45.7882062,4.7866074,Clinique de la Sauvegarde,hospital,Groupe Capio,yes,,+33 4 72 17 26 26,https://clinique-sauvegarde.capio.fr/,
390471433,way,48.554441,-0.4251632,Centre de Médecine Physique et de Réadaptation de Bagnoles de l’Orne,hospital,Association Pierre NOAL,no,,,https://www.cmpr-bagnoles.com/,Bagnoles-de-l'Orne
390631073,way,49.8237692,0.7060011,Etablissement de soins de suite Les Broussailles,clinic,,,,+33235970850,,
390653829,way,43.6132125,1.399869,Pavillon Louis Lareng,hospital,,,,,,
392299816,way,45.7291019,3.2066992,Clinique Psychiatrique Les Queyriaux,hospital,,no,,,,
392654821,way,49.2145101,4.0064831,Centre Hippocrate,clinic,,,,,,
395543450,way,46.1601029,-1.1438233,Centre hospitalier de La Rochelle,hospital,Groupe hospitalier La Rochelle - Ré - Aunis,yes,,+33 5 46 45 50 50,http://www.ch-larochelle.fr/,
395833776,way,43.9147874,2.1632205,Hôpital de Jour Agricole Bellevue,hospital,Fondation Bon Sauveur d'Alby,,,,,
396533068,way,48.4695029,-2.5204793,Centre hospitalier de Penthièvre CH2P,hospital,,,,,,Lamballe
399483982,way,17.8942809,-62.8508371,Centre hospitalier Irénée de Bruyn,hospital,,,,,,Gustavia
401601310,way,45.6130683,4.0489306,Centre hospitalier du Forez,hospital,,yes,,+33 4 77 96 78 00,https://www.ch-forez.fr/,
402941684,way,43.3880048,0.0531809,Centre hospitalier de Bigorre - Site de Vic,hospital,,,,+33 5 62 54 70 00,http://www.ch-bigorre.fr/,
403879354,way,43.241191,5.4086467,Clinique l'Émeraude,hospital,Clinéa,,,+33 8 26 28 13 13,https://www.clinea.fr/clinique-lemeraude-marseille-13,
404458448,way,49.051616,2.2068585,,clinic,,,,,,
404957707,way,49.4052456,2.7985314,Centre Médico Psycho Pédagogique C.M.P.P,hospital,,,,,,
404957709,way,49.4048034,2.7981869,Centre de Jour Marie Noël pour Enfants,hospital,,,,,,
405159758,way,48.7219669,-3.4644414,Centre hospitalier de Lannion,hospital,,yes,,+33 2 96 05 71 11,https://www.ch-lannion.fr/,
405459051,way,48.7244486,-3.4424882,Polyclinique du Trégor,hospital,,,,,,
407013175,way,44.9463705,-0.246115,Colisée Clinique Avicenne,hospital,Colisée Patrimoine,no,,+33 5 57 50 83 00,https://groupecolisee.com/etablissements/clinique-avicenne/,Libourne
407527249,way,48.1300424,-1.65798,Hôpital de jour pour adultes Guillaume Régnier,hospital,,,,+33 2 99 36 77 10,,
408001866,way,49.1775892,-0.3750701,Etablissement Public de Santé Mentale,hospital,,,,,,Caen
409044149,way,48.7676659,0.6119716,Centre Hospitalier de l'Aigle,hospital,,yes,,+33 2 33 24 95 95,https://www.ch-laigle.fr/,
413128354,way,47.7520357,-3.3856066,Clinique mutualiste de la Porte de l'Orient,hospital,,,,,,
414768006,way,43.1270734,5.8791158,Polyclinique Les Fleurs,hospital,,,,+33 4 83 08 62 57,https://www.elsan.care/fr/polyclinique-les-fleurs,Ollioules
415133327,way,43.1311841,5.8749559,Clinique Malartic,hospital,DocteGestio,yes,,+33 4 94 89 89 89,https://www.cliniquemalartic.fr/,
415246225,way,45.6353274,0.1195882,Centre hospitalier d'Angoulême,hospital,,yes,,+33 5 45 24 40 40,https://www.ch-angouleme.fr/,
415279903,way,45.7466605,-0.6540077,Centre hospitalier de Saintonge,hospital,,yes,,+33 5 46 95 15 15,https://www.ch-saintonge.fr/,
415783978,way,43.1359497,5.8745915,Clinique Saint-Martin,hospital,Ramsay Santé,,,+33 4 98 00 31 00,https://clinique-saint-martin.ramsaygds.fr/,
417615867,way,45.7226013,4.8514217,Centre hospitalier Saint-Jean-de-Dieu,hospital,Fondation ARHM,,,+33 4 37 90 10 10,http://sjd.arhm.fr/,
419660480,way,47.9443476,-1.2437452,Centre Hospitalier La Guerche de Bretagne,hospital,,no,,+33 2 99 96 18 30,https://www.ch-laguerche.fr/,La Guerche-de-Bretagne
421081107,way,47.7255971,-1.7323967,Centre hospitalier de Grand-Fougeray,hospital,,no,,+33 2 99 08 30 30,https://hopital-gfougeray.com/,Grand-Fougeray
422051383,way,44.2668165,0.2440953,Clinique la Paloumère,clinic,,,,,,
422631358,way,43.6443623,3.8381644,Institut régional du Cancer de Montpellier,hospital,,,,,,
423143213,way,49.5682171,0.4684145,Hôpital Fauquet,hospital,Centre hospitalier intercommunal Caux Vallée de Seine,yes,,+33 2 35 39 36 36,http://www.chi-cauxvalleedeseine.fr,Bolbec
423185917,way,47.0624505,-1.2316559,La Chimotaie,hospital,MGEN,,,,https://proximite.mgen.fr/207-etablissement-ssr-de-la-chimotaie,
424800569,way,45.7699343,4.8274678,Clinique Saint-Charles,hospital,,no,,,,
425339449,way,-12.7192529,45.111807,Centre Médical de Référence de Dzoumogné,clinic,,yes,,+262 2 69 63 11 80,,Brandaboua
425548793,way,43.6428653,3.8321622,Centre Mutualiste Neurologique Propara,hospital,,,,,,Montpellier
425850120,way,48.4921293,-2.750424,Centre hospitalier Yves Le Foll,hospital,,yes,,+33 2 96 01 71 23,https://www.ch-stbrieuc.fr/,
426560014,way,48.6985114,6.1716387,Centre Chirurgical Émile Gallé,hospital,,,,+33 3 83 85 75 00,http://www.centre-chirurgical-emile-galle.fr/,
426662317,way,48.5218388,-3.7345058,Centre hospitalier de Guervénan,hospital,,,,+33 2 98 78 78 78,,
426692097,way,45.0529978,3.9030662,Centre hospitalier Sainte-Marie,hospital,,,,,,
426826736,way,45.8408025,4.6166112,Hôpital de l'Arbresle,hospital,,,,,,
426826737,way,46.0115538,4.7078581,Polyclinique du Beaujolais,hospital,Groupe Capio,yes,,+33 8 26 96 90 00,https://polyclinique-beaujolais.capio.fr/,
426843763,way,46.0334072,4.0524627,Clinique du Renaison,hospital,,yes,,+33 8 26 46 45 00,http://www.clinique-renaison.fr/,
427851134,way,46.2007097,-1.366394,Hopital Saint-Honoré,hospital,Groupe hospitalier La Rochelle - Ré - Aunis,no,,+33 5 46 09 20 01,http://www.ch-larochelle.fr/,
428426097,way,50.4006366,1.5588011,Hôpital Maritime de Berck,hospital,Assistance publique - Hôpitaux de Paris,,,,https://maritimeberck.aphp.fr/,
429050004,way,49.079554,1.6258893,Hôpital La Roche-Guyon,hospital,Assistance publique - Hôpitaux de Paris,,,+33130638330,https://larocheguyon.aphp.fr/,
429187086,way,49.1595037,5.4164152,SMR Les Alpages,hospital,CHVSM,,,,,
429284726,way,47.9454121,1.9428731,Centre hospitalier départemental Georges Daumézon,hospital,,,,,http://www.ch-daumezon45.fr/,
429659469,way,45.3411266,2.752816,Centre hospitalier de Condat-en-Feniers,hospital,,,,,,Condat
429881336,way,43.7173571,4.1013084,Clinique Stella,hospital,,,,+33 4 99 63 63 63,https://www.oc-sante.fr/etablissements/clinique-stella,Vérargues
429881338,way,43.5927942,3.0806765,Hôpital Paul Coste-Floret,hospital,,,,,,
429881341,way,43.4604536,3.4190026,Centre hospitalier de Pézenas,hospital,,,,,,
429886860,way,45.051103,3.8786249,Centre hospitalier Émile Roux,hospital,,yes,,+33 4 71 04 32 10,https://www.ch-lepuy.fr/,
430299105,way,43.6521578,3.6950811,Clinique Saint-Antoine,hospital,,,,,,
430299113,way,43.5923956,3.7882467,Centre Psychothérapique Saint-Martin de Vignogoul,hospital,,,,,,
430299124,way,43.5796761,3.8249452,Clinique Le Castelet,hospital,,,,,,
430334011,way,43.6395463,3.8313581,Clinique de rééducation fonctionnelle Fontfroide,hospital,,,,,,
430334021,way,43.6129392,3.8518808,Clinique de Clémentville,hospital,,,,,,
430334027,way,43.6402302,3.859565,Centre Bellevue - centre de soins pour personnes agées,hospital,,,,,,
430334030,way,43.6352517,3.8914878,Clinique du Parc,hospital,Groupe Clinipole,yes,,+33 4 67 33 13 31,https://www.clinique-du-parc.net/,Castelnau-le-Lez
431104115,way,45.7718912,4.8641731,Hôpital des Charpennes,hospital,HCL,no,,+33 825 08 25 69,,
436130182,way,43.1291345,5.920714,Hôpital Saint-Roch,hospital,,,,,,
438126824,way,49.2162152,2.5962568,PO2 - Centre d'opthalmologie,clinic,,,,,,
438856429,way,45.7969296,4.8121205,SSR Val Rosay,hospital,,no,,,,
439029055,way,45.1687151,1.5400537,Clinique Saint-Germain,hospital,,,,,,
439432158,way,45.7589587,4.8042044,Clinique Lyon Champvert,hospital,ORPEA,no,,,,
440125599,way,45.761891,4.81833,Hôpital gériatrique de Fourvière,hospital,,,,,,
440171051,way,47.8272948,-0.700371,Hôpital du Haut-Anjou,hospital,,yes,,+33 2 43 09 33 33,https://www.ch-hautanjou.fr/,
440520830,way,49.0994332,1.4718855,Clinique des Portes de l'Eure,clinic,,,,,,
440978136,way,47.9350691,-2.3942843,Centre hospitalier Alphonse Guérin,hospital,,yes,,+33 2 97 73 26 26,https://www.ch-ploermel.fr/cht/actualites.php,Ploërmel
442344749,way,46.2637571,4.890336,Centre hospitalier Ain Val de Saône,hospital,,no,,,,
442518881,way,46.1727039,4.8049753,Centre hospitalier Ain Val de Saône,hospital,,,,,,
442518888,way,45.9834253,5.6107702,Centre hospitalier d'Hauteville - Unité Albarine,hospital,Centre hospitalier d'Hauteville,,,,,
442518897,way,45.9747937,5.6115481,Centre hospitalier d'Hauteville - Unité Inter,hospital,,no,,,,
442520029,way,46.3220459,6.0582918,Hôpital Local du Pays de Gex,hospital,,,,+33 4 50 40 38 38,,
442521292,way,45.9804169,5.3506204,Hôpital Privé d’Ambérieu,hospital,,yes,,+33 4 74 38 95 95,,
443184579,way,49.6798658,4.9894255,Centre de dialyse,clinic,,,,,,
443742102,way,44.4067351,0.7461486,Pôle de Santé du Villeneuvois,hospital,,yes,,+33 5 53 72 23 23,http://www.ch-villeneuvesurlot.fr/,
443806208,way,49.4086695,2.8143088,Centre Médico Psychologique,clinic,,,,,,
444661937,way,4.938151,-52.3055671,Hôpital Privé Saint-Adrien,hospital,Guyane Santé,,,+594 594 39 02 00,https://www.guyane-sante.com/fr/nos-etablissements/id-2-hopital-prive-saint-adrien,
444661939,way,4.9336252,-52.307224,Hôpital Privé Saint-Gabriel,hospital,Guyane Santé,,,+594 594 28 10 10,https://www.guyane-sante.com/fr/centre-sante-guyanais/presentation,Cayenne
444797245,way,4.9149022,-52.3220024,Centre Medical Saint-Paul,clinic,Guyane Santé,,,,https://www.guyane-sante.com/fr/st-paul/presentation,Cayenne
445307083,way,43.3287322,5.3857494,Maison de santé Sainte-Marthe,hospital,,no,,,,
445319790,way,47.9401413,1.8796473,Maison des Consultations,hospital,,,,,,
445650784,way,48.9445286,2.2375052,Centre hospitalier d'Argenteuil,hospital,,yes,,+33 1 34 23 24 25,https://www.ch-argenteuil.fr/,Argenteuil
445907140,way,45.6004506,4.7650409,Centre hospitalier de Montgelas,hospital,,yes,,+33 4 78 07 30 30,https://www.ch-givors.fr/,
445907141,way,45.6894153,4.8235504,Centre des Maladies du Foie et de l'Appareil Digestif,hospital,,no,,+33472666700,https://www.cmfad-sol.com/,
445907143,way,45.7719637,4.7841622,Clinique Mon Repos,hospital,,,,,,
445907145,way,45.6902,4.7905153,Hôpital Henry Gabrielle,hospital,,no,,,,
445907146,way,45.7323575,4.7930692,Hôpital de Sainte-Foy les Lyon,hospital,,,,,,
445907147,way,45.8805244,4.8716116,Institut médico-éducatif Les Myosotis,clinic,,,,,,
445907148,way,45.8211472,4.8870198,Polyclinique Lyon-Nord Rillieux,hospital,Groupe Vivalto Santé,yes,,+33 8 26 28 29 30,https://www.clinique-lyon-nord.fr/,
446161710,way,46.6683138,-1.4137027,Centre Hospitalier Départemental - La-Roche-sur-Yon,hospital,,,,+33 2 51 44 61 61,https://www.chd-vendee.fr/,
446373375,way,48.6737004,7.0027842,Centre Hospitalier Spécialisé de Lorquin,hospital,,no,,,,
447688255,way,45.4816019,4.3615623,Hôpital Nord,hospital,,yes,,+33 4 77 82 80 00,https://www.chu-st-etienne.fr/,Saint-Priest-en-Jarez
448672515,way,49.1447135,0.2323421,Centre hospitalier Robert Bisson,hospital,,yes,,+33 2 31 61 31 31,https://www.ch-lisieux.fr/,
448718217,way,47.4534695,3.5090299,Centre hospitalier de Clamecy,hospital,,yes,,+33 3 86 27 60 00,https://www.ght-unyon.fr/,
449775082,way,45.1610304,1.4996726,Clinique Saint-Jean Lez Cèdres,hospital,Inicea,,,,https://www.inicea.fr/smr/clinique-saint-jean-les-cedres-correze-19100,
450280007,way,49.4286389,1.0873352,Groupe thérapeutique Marie Duboccage,hospital,Centre hospitalier universitaire de Rouen,no,,,,
453272180,way,47.9668681,7.3027475,,clinic,,,,,,
453725319,way,42.7099922,9.4533732,Clinique du Docteur Ch Zuccarelli,clinic,,,,,,
454954033,way,48.9864865,2.3176712,Hôpital Simone Veil - Site de Montmorency,hospital,Groupement hospitalier Eaubonne-Montmorency,,,,https://www.hopital-simoneveil.fr/,
455513468,way,43.549803,4.1183925,"Hôpital de Réadaptation, de Rééducation et d'Addictologie du CHU de Nîmes",hospital,,,,,,
456212107,way,45.206078,5.7486787,Clinique du Grésivaudan,hospital,Fondation Santé de Etudiants de France (FSEF),,,,,La Tronche
457870641,way,48.5337972,1.9996316,Centre hospitalier de Dourdan,hospital,Centre hospitalier Sud-Essonne,yes,,+33 1 60 81 58 58,http://www.ch-sudessonne.fr/,
457878551,way,48.8397093,2.2957345,Clinique Blomet,hospital,,,,,,
458335029,way,48.971627,4.3701975,Centre hospitalier de Châlons-en-Champagne,hospital,,yes,,+33 3 26 69 60 60,https://www.ch-chalonsenchampagne.fr/,Châlons-en-Champagne
459585160,way,44.5822454,3.2639236,Centre d'Antrenas,clinic,Association Lozérienne de Lutte contre les Fléaux Sociaux,,,,,
460161397,way,48.5508728,-0.4189753,Centre de Soins de Suite Le parc,hospital,,,,,,
461017636,way,47.6171252,1.3416585,Polyclinique de Blois,hospital,,,,,https://www.clinique-blois.com,
461932164,way,48.5460687,0.2550871,Centre Médical du Circuit des Ducs,clinic,,,,,,
462285083,way,48.7877295,2.580151,Centre Hospitalier des Murets,hospital,,,,,,
462635887,way,48.3062991,3.1243763,Clinique Ker Yonnec,hospital,,,,,https://www.keryonnec.com/,
464137011,way,47.2817354,6.1243232,Centre Hospitalier de Novillars,hospital,,,,,,
464962002,way,48.9327118,2.4206309,Clinique du Bourget,clinic,,,,+33826309700,,
465377081,way,47.3327973,-2.4336652,Clinique de la Brière,hospital,,,,,,Guérande
466623616,way,43.3053302,5.4738844,Polyclinique La Phocéanne,hospital,,,,,https://www.clinique-laphoceanne.fr/,
467543043,way,49.1149349,6.2104577,Centre Feminae,clinic,,,,,https://www.cabinet-sage-femme-feminae.fr/,
469517234,way,45.7704844,5.0000983,Clinique La Majolane,hospital,,no,,,,
470415545,way,46.0782032,6.5539105,Clinique Les Deux Lys,clinic,Inicea,,,+33450910123,https://www.inicea.fr/smr/clinique-les-deux-lys-haute-savoie-74300,Thyez
471420910,way,50.2481286,3.9578633,Clinique des Hauts-de-France - emeis,hospital,,,,+33 3 27 62 52 52,https://www.emeis-cliniques.fr/clinique-des-hauts-de-france-louvroil-59,Louvroil
472042256,way,45.8193575,4.8344872,Centre hospitaliser spécialisé Saint-Cyr,hospital,,,,+33472421919,,
473365611,way,44.8390317,-0.6063369,Nouvelle Clinique Bel Air,hospital,,,,+33 826 300 606,http://ncba.gbna-polycliniques.com,Bordeaux
473711352,way,45.7686889,4.7817415,Clinique du Val d'Ouest,hospital,,yes,,+33 472193200,https://www.cliniqueduvaldouest.com,
474054898,way,48.80475,2.4238467,Clinique La Concorde,clinic,Clinea,,,+33 1 45 18 28 28,https://www.orpea.com/clinique-la-concorde-alfortville-94,
475083117,way,49.241,1.6809861,Centre de Convalescence l'Hostrea,hospital,,,,+33 2 32 27 75 75,,
475283028,way,45.952252,6.1917361,Pôle de santé de Villaz,clinic,,,,,,Villaz
475408350,way,43.6789418,1.514677,Clinique de Castelviel,hospital,,,,+33 5 62 22 90 00,https://www.clinea.fr/clinique-psychiatrique-castelviel-castelmaurou-31,
475438318,way,-17.765765,-149.4086334,Dispensaire,clinic,Pays,,,,,
476715270,way,48.0867737,-2.9121843,Centre hospitalier du Centre-Bretagne,hospital,,yes,,+33 2 97 79 00 00,https://www.ch-centre-bretagne.fr/,Noyal-Pontivy
477125371,way,45.7567182,4.8717446,Clinique Émilie de Vialar,hospital,,no,,+33 4 72 13 38 40,,
477965102,way,44.8035602,1.2155256,Centre hospitalier de Domme,hospital,,,,,,
477966280,way,47.2607389,0.9124809,Le Clos d'Alban,hospital,Arc-en-Ciel,no,,+33 2 47 65 72 72,http://www.arcenciel-asso.org/le-clos-dalban/,Cigogné
478455943,way,43.0991135,-0.0558881,Accueil Notre-Dame,hospital,,,,,,
478594626,way,43.2482445,5.4275161,Hôpital privé Clairval,hospital,Ramsay Santé,no,,+33 4 28 630 630,https://hopital-prive-clairval-marseille.ramsaygds.fr/,
478947016,way,47.8480432,-0.9579489,Centre Hospitalier Local du Sud Ouest Mayennais,hospital,,,,,,
479239652,way,43.1592396,2.9673212,Pech d'Alcy USLD de l'Hôpital de Narbonne,hospital,,,,+33468426000,,
479800123,way,49.5190446,0.5434783,Clinique Tous Vents,hospital,Groupe Clinique Développement,,,+33 2 35 39 35 35,https://www.cliniquedeveloppement.fr/lillebonne-tous-vents/,
480534120,way,47.7235931,7.3421648,Centre de dialyse Diaverum,clinic,,,,+33 3 89 45 73 89,,
481987125,way,-20.9762877,55.3008577,Centre Hospitalier Ouest Réunion,hospital,,yes,,+262 2 62 45 30 30,http://www.chr-reunion.fr/,
482263769,way,14.6252069,-60.9037603,Centre hospitalier du François,hospital,,,,+596 596 30 10 99,,
483174697,way,16.0026674,-61.7292873,Centre Hospitalier de Basse-Terre (CHBT),hospital,,yes,,+590 590 80 54 54,https://www.ch-labasseterre.fr/,Basse-Terre
484146743,way,48.3959911,6.9760538,Hôpital Local de Senones,hospital,,no,,,,
484544575,way,14.558952,-60.9417313,Centre Hospitalier de Saint-Esprit,hospital,,,,,,
485108334,way,42.9358765,2.221255,Maison de Santé d'Espéraza,hospital,,no,,,,
485428713,way,48.0841205,-4.3164585,Centre hospitalier Michel Mazéas,hospital,,yes,,+33 2 98 75 10 10,https://ch-douarnenez.bzh/,
490598078,way,43.7412827,7.2778214,Clinique Les Sources,hospital,,,,,,
491654343,way,46.3595791,6.4803916,Hôpitaux du Léman,hospital,Groupement Hospitalier de Territoire Léman-Mont-Blanc,yes,,,,Thonon-les-Bains
491764075,way,48.4600304,1.4552664,Institut de Diabétologie et Nutrition du Centre,clinic,Le Noble Age Groupe,no,,+33236253600,https://idnc.lna-sante.com/,Mainvilliers
491771499,way,48.4555596,1.4510175,Hôpital privé d'Eure-et-Loir,hospital,Groupe Elsan,yes,,+33 2 37 18 41 00,https://www.hpel.care/,Mainvilliers
491840882,way,47.2272407,-1.5614944,Clinique du Parc,hospital,Ramsay Santé,no,,,,
494212213,way,44.3515264,2.5359707,Centre hospitalier Sainte-Marie,hospital,,no,,,,
494717796,way,42.9829534,1.1442789,Centre médico-psychologique Lucien Clarac,hospital,,,,,,
495029193,way,49.0271278,2.2351302,Hôpital Le Parc de Taverny,hospital,,no,,+33 1 30 40 60 00,https://www.hopital-parc-taverny.fr/,Taverny
495249332,way,45.2958806,6.5855755,Medical Clinic,clinic,,,,+33 6 26 79 87 67,,
496661120,way,49.0637296,2.0957275,Centre hospitalier René Dubos,hospital,Hôpital NOVO (Nord-Ouest Val-d’Oise),yes,,+33 1 30 75 40 40,https://hopital-novo.fr/ch-pontoise/,Pontoise
497084297,way,43.927637,4.7840415,Clinéa,clinic,,,,+33826108400,https://www.clinea.fr/centre-de-reeducation-du-lavarin-avignon-84,
497450243,way,43.2895554,5.4035581,Groupe hospitalier de la Timone,hospital,Assistance Publique-Hôpitaux de Marseille,yes,,+33 4 91 38 00 00,http://fr.ap-hm.fr/nos-hopitaux/hopital-de-la-timone,
497728594,way,48.8909513,2.4389533,Institut de réadaptation de Romainville,clinic,,,,+33141835832,https://ir-romainville.lna-sante.com/,
499046978,way,49.1971082,2.5753353,Centre hospitalier de Senlis,hospital,Groupe Hospitalier Public du Sud de l’Oise,yes,,+33 3 44 21 70 00,https://www.ghpso.fr/le-ghpso/site-de-senlis/,
499332011,way,46.649008,4.3326406,Hôpital Jean Bouveri,hospital,,yes,,+33 3 85 67 60 60,https://www.ch-montceau71.fr/,Saint-Vallier
500291850,way,-17.5439924,-149.5755977,Polyclinique Paofai,clinic,,,,,https://polyclinique-paofai.pf/,
501825703,way,43.8402777,5.0371378,Centre hospitalier intercommunal de Cavaillon-Lauris,hospital,,yes,,+33 4 90 78 85 00,http://www.ch-cavaillon.fr,
502973942,way,50.2952743,2.7573587,centre de balnéothérapie,clinic,,,,+33361339010,,
503441958,way,45.1458627,1.1539489,Cabinet médical,clinic,,,,,,
504114638,way,43.4792976,-1.4528454,Clinique Belharra,hospital,Ramsay Santé,yes,,+33 5 36 28 64 64,https://clinique-belharra-bayonne.ramsaysante.fr/,
504114650,way,43.4797083,-1.4847535,Clinique Delay,clinic,,,,+33559584400,http://clinique-delay.fr/,
504114651,way,43.4824696,-1.4805736,Centre hospitalier de la Côte Basque - Site de Saint-Leon,hospital,,yes,,+33 5 59 44 35 35,https://www.ch-cote-basque.fr/,Bayonne
504114653,way,43.5016308,-1.4611788,Clinique Château Caradoc,hospital,Groupe Santé Basque Développement,no,,+33559441744,https://caradoc.fr/,
504802833,way,45.3282384,3.8407967,centre hospitalier de Craponne sur Arzon,hospital,,,,,,
504805079,way,49.7622239,4.6985069,Centre hospitalier Manchester,hospital,,yes,,,,
504807022,way,49.4590088,1.0815548,Centre hospitalier du Belvédère,hospital,,no,,+33 2 35 15 64 64,https://www.ch-belvedere.fr/,Mont-Saint-Aignan
504807569,way,49.9022224,3.6399051,Centre hospitalier de Guise,hospital,,,,,,
504808987,way,46.4322047,4.2806149,Centre hospitalier de Charolles,hospital,,,,,http://www.ch-charolles.fr/,Charolles
505352419,way,48.3066863,4.0531575,L'Hôpital Privé de l'Aube,hospital,,no,,+33 8 20 15 11 11,https://www.hopitalprivedelaube.fr/,Troyes
505593496,way,46.4505788,-1.1722113,Centre Hospitalier Départemental - Site de Luçon,hospital,,yes,,+33 2 51 28 33 33,https://www.chd-vendee.fr/index.php?id_site=1,
506070719,way,44.8507412,0.4967527,Centre hospitalier de Bergerac,hospital,,yes,,+33 5 53 63 88 88,http://www.ch-bergerac.fr/accueil-3.html,
506070720,way,44.851724,0.489996,Clinique Pasteur,hospital,,,,,,Bergerac
506500252,way,43.8099301,4.4086585,,hospital,,,,,,
506825317,way,44.7881596,4.7448669,"Centre de Soins, d'Accompagnement et de Prévention en Addictologie La Cerisaie",clinic,Association hospitalière Sainte-marie,no,,+33 4 75 85 16 31,http://www.ahsm.eu/implantations/centre-de-soins-daccompagnement-et-de-prevention-en-addictologie-la-cerisaie-csapa,
508006978,way,45.5982274,5.2480041,Établissement de santé mentale Portes de l'Isère,hospital,,,,,,
508006981,way,45.5971607,5.2466659,Clinique Saint-Vincent de Paul,clinic,,,,,https://www.clinique-bourgoin.com/,
508006985,way,45.5959425,5.2453832,Centre hospitalier Pierre Oudot,hospital,,yes,,+33 4 69 15 70 00,https://www.ch-bourgoin.fr/,
508035451,way,45.4691451,4.5198946,Hôpital du Gier - Site Pinay,hospital,,no,,+33 4 77 31 19 19,https://hopitaldugier.fr/,Saint-Chamond
508187539,way,44.010177,5.109617,Clinique Saint-Didier,clinic,,,,,,
508664160,way,43.3156301,5.4763088,Clinique Valfleur,hospital,,,,+33 4 91 93 91 95,,
508983930,way,47.2104378,-1.553398,Hôtel Dieu,hospital,Centre Hospitalier Universitaire de Nantes,yes,,+33 2 40 08 33 33,https://www.chu-nantes.fr/,
509469376,way,43.5701671,3.8350431,Clinique Saint-Jean - Sud de France,hospital,,yes,,+33 4 67 01 01 01,https://www.clinique-saint-jean.fr/,Saint-Jean-de-Védas
510577929,way,46.570054,0.338478,Clinique Fief de Grimoire,clinic,,,,+33549422929,,
510578303,way,46.5568804,0.3848482,Centre hospitalier de la Milétrie,hospital,,yes,,+33 5 49 44 44 44,https://www.chu-poitiers.fr/,Poitiers
512153531,way,48.8138158,6.721822,Hôpital Saint-Jacques,hospital,,,,+33 3 87 05 02 00,http://www.hopital-dieuze.fr/,
512784938,way,49.5239807,0.3592479,Maison de Santé Caux Estuaire,clinic,,,,,,
514252624,way,48.5081517,-2.7628408,L'Archipel - Pôle Médical,clinic,,,,,http://www.larchipel-polemedical.com/,
514887878,way,49.2114964,1.1756825,Centre hospitalier intercommunal Elbeuf Louviers Val-de-Reuil,hospital,,yes,,+33 2 32 25 75 00,https://chi-elbeuf-louviers.fr/,Louviers
514960653,way,48.2457175,-4.4865996,Centre hospitalier de Crozon,hospital,,no,167,,,
518136759,way,45.6685034,6.3692722,"Centre hospitalier ""L'Arlandaz"" d'Albertville-Moûtiers",hospital,,yes,,+33 4 79 89 55 55,https://cham-savoie.fr/,
519179838,way,43.7995313,4.6676832,Hôpitaux des Portes de Camargue,hospital,,,,,,
519685699,way,46.6230087,5.2307274,Centre Hospitalier de la Bresse Louhannaise,hospital,,,,,,
519689660,way,45.432957,4.3913404,Hôpital de la Charité,hospital,,no,,,,
519692303,way,45.4108886,4.3909928,Hôpital Bellevue,hospital,,,,,https://www.chu-st-etienne.fr/Le_CHU/Coordonnees/Plan_Bellevue.asp,
519692737,way,45.4777038,4.3674597,Clinique du Parc,hospital,Elsan,yes,,+33 4 77 92 22 22,https://www.elsan.care/fr/clinique-parc-saint-priest,
519698677,way,46.0612223,6.3249362,Etablissement Public de Santé Mentale de la Vallée de l'Arve,hospital,,,,,http://www.ch-epsm74.org/,La Roche sur Foron
519706030,way,46.0441918,4.0778823,Centre médico-psychologique,hospital,,,,,,
519706260,way,46.51455,5.6052959,Centre hospitalier Jura sud,hospital,,,,+33 3 84 35 02 02,https://hopitaux-jura.fr/ch-orgelet-arinthod-st-julien/vous-venez-en-ssr/presentation-du-ssr/,Orgelet
519773508,way,45.0960174,3.4922559,Centre hospitalier Pierre Gallice,hospital,,,,,,
519774678,way,45.9350335,6.6410013,Hôpitaux du Mont-Blanc - Site de Sallanches,hospital,,yes,,+33 4 50 47 30 30,http://www.chi-mont-blanc.fr/,
520148673,way,45.8386439,3.0910477,CHU Louise Michel Hopital Nord,hospital,,yes,,,,Cébazat
520286342,way,47.0053773,-2.2556926,Maison de Santé,clinic,,,,+33251358989,,
520641454,way,46.6166173,3.7662755,Centre de Réadaptation et de Rééducation Fonctionnelles Le Bourbonnais,hospital,,,,+33 3 85 89 64 00,http://www.ugecam-bfc.fr/etablissements/crrf-le-bourbonnais,Bourbon-Lancy
520641455,way,46.6179686,3.7651421,Centre Hospitalier Fondation d'Aligre,hospital,,,306,+33385896060,https://etablissements.fhf.fr/annuaire/hopital-fiche.php?id_struct=1913,Bourbon-Lancy
521181719,way,48.9163282,2.3036699,Hôpital Saint-Jean,clinic,,no,,+33140806666,,
521295016,way,43.3494199,-1.7722294,Centre médical Ihitoki,clinic,,,,,,
521459689,way,45.8314311,2.8510139,Maison de santé,clinic,,,,+33 4 73 78 44 53,https://maison-de-sante-de-pontgibaud.business.site/,Pontgibaud
521916815,way,48.7132248,6.1609604,Centre médico-psychologique - Unité pour soins intensifs psychiatriques - Hôpital de jour Maxéville,hospital,,,,,http://www.cpn-laxou.com/CMP-USIP-HJ-Maxeville.html,
522213194,way,44.0101836,1.3658726,Clinique Croix Saint-Michel du docteur Boyé,hospital,,no,,,,Montauban
523045935,way,43.3497592,-1.4002113,Clinique Marienia,clinic,Inicea,,,+33559936800,https://www.inicea.fr/smr/clinique-marienia-pyrenees-atlantiques-64250,
523088438,way,46.0818392,6.4064127,Centre Martel de Janville,hospital,,no,,,,
524462591,way,18.0645522,-63.073601,Centre hospitalier Louis Constant Fleming,hospital,,yes,,+590 5 90 52 25 25,https://www.chsaintmartin.org/,Saint-Martin
524683626,way,45.5529195,3.7412012,Centre hospitalier d'Ambert,hospital,,yes,,+33 4 73 82 73 82,http://ch-ambert.fr/,
525046093,way,48.0704683,5.7796565,Hôpital local de Lamarche,hospital,,no,,+33 3 29 09 50 28,,
526150877,way,43.5945071,1.2547347,MECS Castelnouvel,hospital,,,,,,
527494747,way,46.7728171,-56.1716794,Hôpital de Saint-Pierre-et-Miquelon,hospital,,yes,,+508 411400,https://www.ch-fdunan.fr/,Saint-Pierre et Miquelon
527953421,way,48.7031343,6.1400482,Centre chirurgical ADR,clinic,,,,,http://centre-adr.fr/,
527953424,way,48.7029979,6.1395689,Centre d'Urologie,clinic,,,,,https://urolor.fr/,
527953551,way,47.4874116,-0.5041018,Soins de Suite et de Réadaptation Les Claveries,hospital,CHU d'Angers,,,,,
528545804,way,45.2709912,1.7706256,Centre hospitalier de Tulle - Cœur de Corrèze,hospital,Centre hospitalier de Tulle - Coeur de Corrèze,yes,,+33 5 55 29 79 00,https://www.ch-tulle.fr/,
528548451,way,45.2839311,1.7669954,Le Chandou,hospital,Centre Hospitalier de Tulle,,,,,
530857162,way,43.1466559,5.8931715,HIA Sainte-Anne - Site L'Oratoire,hospital,,,,,,
532243705,way,43.6293439,3.8182221,Centre Médical Forum Santé La Pinède,clinic,,,,,,
532567406,way,-12.7782297,45.2272822,Centre Hospitalier de Mayotte,hospital,,yes,,+262 2 69 61 80 00,https://www.chmayotte.com/,Mamoudzou
532575270,way,-12.8257732,45.1327021,CMR Kahani,hospital,,,,+262 2 69 62 40 78,,Ouangani
532576421,way,-12.9290679,45.1545848,Centre médical de référence de Mramadoudou,clinic,,yes,,+262 2 69 62 11 83,,Chirongui
533098326,way,-21.0558824,55.7090991,EPSMR Hôpital psychiatrique,hospital,,no,,,,
533206713,way,45.1817868,5.7092541,Groupe hospitalier mutualiste de Grenoble,hospital,,yes,,+33476707000,https://www.ghm-grenoble.fr/,
533384717,way,45.1254517,0.8561005,Maison médicale,clinic,,,,,,
533384718,way,45.1254898,0.8558122,Maison médicale,clinic,,,,,,
533894683,way,47.9388679,1.8821088,,hospital,,,,,,Saran
534023572,way,48.5718086,7.7932268,Maison Médicale des Deux Rives,clinic,,,,+33 3 69 06 07 08,https://www.imagerie-medicale-rhena.fr,Strasbourg
534660176,way,48.7012785,6.1438683,Polyclinique Majorelle,hospital,,,,,http://www.majorelle.groupe-elsan.com/,
536351520,way,48.0743937,1.3573333,Centre hospitalier de Châteaudun,hospital,,yes,,+33 2 37 44 40 40,https://www.ch-chateaudun.fr/,
537261846,way,43.5956135,3.8439542,service MPEA,hospital,,,,,,
538709708,way,43.6605062,1.3117162,Clinique des Cèdres,hospital,Capio,yes,,+33 8 26 96 31 31,https://clinique-cedres.capio.fr/,
539691629,way,43.4953328,2.3706815,Centre hospitalier intercommunal,hospital,,,,,http://chic-cm.fr/,
540234259,way,47.111086,-2.0646772,Hôpital intercommunal du Pays de Retz,hospital,,,,,,
541783936,way,44.9885272,2.4244718,Maison médiale de Jussac,clinic,,,,,,
541900977,way,49.7899815,4.7189717,Centre Hospitalier Bélair,hospital,,no,,,,
542091612,way,46.4284979,0.8669039,Centre hospitalier de Montmorillon,hospital,,yes,,,https://www.chu-poitiers.fr/specialites/pole-montmorillon/,
542994004,way,45.3900199,0.6980262,,clinic,,,,,,
543390482,way,48.703494,6.138134,Ortholor Institut de chirurgie orthopédique et de traumatologie sportive,clinic,,,,,,
544923454,way,-22.3005835,166.4451327,Medisud,clinic,,,,,,
546895752,way,48.9010605,2.2178502,Medipôle,clinic,,,,+33 1 41 91 70 70,https://www.medipole-nanterre.com/,Nanterre
549939126,way,42.6954474,2.8638901,Centre Catalan d'Imagerie,hospital,,,,+33 4 68 55 21 35,http://www.radiologie-perpignan.fr/centre-catalan-dimagerie-radiologie/,
551037518,way,48.8080975,2.1354565,Hôpital Richaud,hospital,,,,,,
552256644,way,-22.2970524,166.4480969,Centre Hospitalier Spécialisé Albert Bousquet - Centre d'accueil et hôpital de jour,hospital,,,,,,
552690912,way,43.0663574,0.1455046,Centre hospitalier de Bagnères-de-Bigorre,hospital,,yes,,+33 5 62 91 41 11,https://www.ch-bagneres.fr/,
552816533,way,43.0831127,0.0784306,Hôpital Le Montaigu,hospital,,no,,,,
553211645,way,47.4835364,-0.555737,Institut de Cancérologie de l'Ouest,hospital,Institut de Cancérologie de l'Ouest,,,,,Angers
553579983,way,48.304969,-0.6048516,Centre Hospitalier du Nord-Mayenne,hospital,,yes,,+33 2 43 08 73 00,https://www.ch-mayenne.fr/,
553615105,way,46.8315167,-0.3867401,Centre hospitalier de Faye L'Abbesse,hospital,Centre hospitalier Nord Deux-Sèvres,yes,,+33 5 49 68 49 68,https://www.chnds.fr/accueil.aspx,
554227082,way,48.82045,2.2029881,Centre Hospitalier des Quatre Villes,hospital,,yes,,+33 1 77707070,https://www.ch4v.fr/,
554754515,way,49.225437,6.0112078,Hôpital de Jœuf,hospital,,no,,,,
557491785,way,47.0850036,2.4331847,Site des Gadeaux,hospital,Centre Hospitalier Jacques Cœur,,,,https://www.ch-bourges.fr/le-ch-jacques-coeur/nos-sites/les-gadeaux/,
557692597,way,43.3778473,5.3594096,,hospital,,,,+33491383000,,
557781586,way,46.3445382,2.6190879,Hôpital privé Saint-François,hospital,Elsan,yes,,+33 8 26 39 99 29,http://www.saint-francois-desertines.groupe-elsan.com/,Désertines
558054995,way,48.8055682,2.6149371,Pôle de Santé La Francilienne,hospital,,,,,,Pontault-Combault
558083447,way,45.3707877,4.8124137,Clinique des Côtes du Rhône,hospital,Noalys,yes,,+33 4 74 29 28 28,https://cliniquedescotesdurhone.fr/,
558119559,way,44.9045982,5.7950697,Centre hospitalier de La Mûre,hospital,,yes,,,,
558245497,way,45.5416239,3.2523589,Centre hospitalier Paul Ardier,hospital,,yes,,+33 4 73 89 72 72,https://www.ch-issoire.com/,
558250333,way,45.5533397,3.7389294,Centre de Soins de Pré Bayle,clinic,,,,,,
558448783,way,48.0575725,-0.787831,Centre Mallet Proux,clinic,,,,,,
559279569,way,48.7567334,2.3025301,Hôpital privé d'Antony,hospital,Ramsay Santé,yes,,+33 1 46 74 37 00,https://hopital-prive-antony.ramsaygds.fr,Antony
559566882,way,45.5438692,5.9709747,Clinique Le Sermay,clinic,,,,+33 4 79 26 91 00,http://www.clinique-le-sermay.fr/,Challes-les-Eaux
559581091,way,45.6163587,6.763883,Multipôle de Santé de Montagne,hospital,,yes,,+33 4 79 41 79 79,,Bourg-Saint-Maurice
559581093,way,45.2782,6.3414014,Centre hospitalier de Saint-Jean-de-Maurienne,hospital,,yes,,+33 4 79 20 60 20,,
559581095,way,45.4836013,6.5348704,Centre hospitalier d'Albertville-Moûtiers,hospital,,yes,,+33 4 79 09 60 60,https://cham-savoie.fr/,
559737228,way,49.7052102,4.9379555,Centre hospitalier de Sedan,hospital,,yes,,+33 3 24 22 80 00,http://www.ch-sedan.fr/,Sedan
559740369,way,49.5118291,4.3622214,Groupe Hospitalier Sud Ardennes,hospital,,yes,,+33 3 24 38 66 66,https://www.ch-ghsa.fr/,Rethel
559810989,way,49.2286099,4.0205977,CHU de Reims,hospital,,yes,,+33 3 26 78 78 78,https://www.chu-reims.fr,
560134531,way,48.1207936,5.1400493,Centre hopitalier de Chaumont,hospital,,yes,,+33 3 25 30 70 30,http://www.ch-chaumont.fr/,Chaumont
560134533,way,48.1194608,5.1410416,Clinique de Chaumont,hospital,Groupe Elsan,,,+33 8 25 16 34 34,http://www.lebois.groupe-elsan.com/,
560202318,way,47.8669388,5.336709,Centre hospitalier de Langres,hospital,,yes,,+33 3 25 87 88 88,http://www.ch-langres.fr/,Langres
560202319,way,47.8658301,5.3368448,Clinique de la Compassion,hospital,Elsan,,,+33 3 25 87 59 52,http://www.compassion.groupe-elsan.com/,
560209272,way,48.7017201,6.1399073,Hôpital Privé Nancy Lorraine,hospital,Elsan,no,,,https://www.elsan.care/fr/hopital-prive-nancy-lorraine,
560390054,way,48.9063659,6.052524,Centre hospitalier de Pont-à-Mousson,hospital,,yes,,+33 3 83 80 20 00,https://www.ch-pontamousson.fr/,
560390062,way,49.5375537,5.7801001,Centre hospitalier Hôtel Dieu,hospital,Groupe SOS,yes,,+33 3 82 44 70 00,https://www.groupe-sos.org/structures/876/Centre_hospitalier_Hotel_Dieu,Mont-Saint-Martin
561114017,way,49.1114399,6.7229032,Hôpital de Saint-Avold,hospital,Groupe SOS,yes,,+33 3 87 91 14 44,https://www.hopitalsaintavold.fr/,Saint-Avold
561607203,way,49.0415645,7.9321852,Centre hospitalier intercommunal de la Lauter,hospital,,yes,,+33 3 88 54 11 11,https://www.ch-wissembourg.fr/,Wissembourg
561868812,way,47.6241656,7.2519693,Centre hospitalier d'Altkirch,hospital,,,,+33 3 89 08 30 30,https://www.ghrmsa.fr/presentation/nos-sites/centre-hospitalier-saint-morand-d-altkirch-428.html,Altkirch
561978998,way,47.9080188,7.2155788,Hôpital Charles Haby,hospital,,yes,,+33 3 89 74 78 00,,Guebwiller
562247226,way,-21.3800469,55.6191963,Hôpital de Saint-Joseph,hospital,,,,,,
562329862,way,48.7732286,-3.0340223,Centre hospitalier Max Querrien,hospital,,yes,,,,Paimpol
562606041,way,46.9580513,1.9956322,Centre Hospitalier La Tour Blanche,hospital,,yes,,+33 2 54 03 54 03,https://www.ch-issoudun.fr/,
562887094,way,47.8634684,-4.2212275,Hôtel-Dieu,hospital,Groupe HSTV,yes,,+33 2 98 82 40 40,https://hdpontlabbe.hstv.fr/,Pont-l'Abbé
562894624,way,48.4478313,-4.2350272,Centre hospitalier Ferdinand Grall,hospital,,yes,,+33 2 98 21 80 00,https://www.hopital-landerneau.fr/,
563040935,way,44.9089673,2.426574,Centre médico-chirurgical,hospital,,,,,,
563140514,way,47.8698751,-3.5561472,Centre hospitalier de Quimperlé,hospital,Groupe Hospitalier Bretagne Sud,yes,,+33 2 98 96 60 00,https://www.chbs.fr/,
563840478,way,49.1048393,-1.1077456,Centre Hospitalier Mémorial,hospital,,yes,,+33 2 33 06 33 33,https://www.ch-stlo.fr/,
563861299,way,49.5021975,-1.4636362,Centre de Soins Non Programmés,clinic,,,,,,
563884695,way,48.6932922,-1.3519387,Centre Hospitalier Avranches - Granville,hospital,Centre Hospitalier Avranches - Granville,yes,,+33 2 33 91 50 00,http://www.ch-avranches-granville.fr/,
563888850,way,48.8279261,-1.5711297,Le Normandy II,hospital,Sogenor SAS,,,+33 2 33 90 33 33,http://www.lenormandy.com/,
563915267,way,48.5254021,-1.3287446,Hôpital Saint-James,hospital,,,,+33 2 33 89 89 00,https://www.hopitaux-montsaintmichel.fr/le-ght/nos-etablissements/ch-de-saint-james/,
563947887,way,48.0637015,-0.7834437,Centre Hospitalier de Laval,hospital,Groupement Hospitalier de Territoire de la Mayenne et du Haut-Anjou,yes,,+33 2 43 66 50 00,https://www.chlaval.fr/,
563964754,way,47.3742632,-1.1720603,Centre Hospitalier Francis Robert,hospital,,yes,,+33 2 40 09 44 00,http://www.ch-ancenis.fr/,
564096738,way,47.7257115,-1.3815616,Centre hospitalier de Châteaubriant,hospital,,yes,,+33 2 40 55 88 00,https://www.ch-cnp.fr/,
564111083,way,47.2672782,-2.2571158,Centre hospitalier Saint-Nazaire,hospital,,yes,,+33 2 72 27 80 00,https://www.hopital-saintnazaire.fr/,Saint-Nazaire
564131781,way,47.4449641,-0.5394554,Clinique de l'Anjou,hospital,,yes,,+33 2 41 44 71 71,https://www.clinique-anjou.fr/,Angers
564157904,way,47.4835518,-0.5570995,CHU d'Angers,hospital,,yes,,+33 2 41 35 36 37,https://www.chu-angers.fr/,
564167051,way,48.3602595,0.3587491,Centre Hospitalier intercommunal Alençon-Mamers,hospital,,yes,,+33 2 43 31 31 31,https://www.ch-alencon.fr/,
564167052,way,48.1893223,0.6626558,Centre hospitalier de La Ferté-Bernard,hospital,,yes,,+33 2 43 71 61 51,https://www.ch-lafertebernard.fr/,
564444058,way,48.6612107,6.1585358,Clinique Saint-André,hospital,,,,,http://www.saint-andre.groupe-elsan.com/,
565103641,way,43.4074988,3.6698949,Centre hospitalier du Bassin de Thau,hospital,Hôpitaux du Bassin de Thau,yes,,+33 4 67 46 57 57,https://ch-bassindethau.fr/,
565281042,way,46.7786172,-56.1737974,Centre de Santé,clinic,,,,,,
566126234,way,46.1405619,1.8874178,Centre Médical Alfred Leune,hospital,MGEN,no,,,https://proximite.mgen.fr/204-etablissement-de-medecine-et-ssr-sainte-feyre,
566380109,way,43.6650006,4.1248473,Pôle Santé Professeur Louis Serre,hospital,,yes,,,,
566987975,way,47.4328286,0.6698341,Centre Médico-Chirurgical de Touraine,clinic,,,,,http://cmct-touraine.com/,
568126205,way,44.7607629,-1.1826053,Centre de convalescence La Pignada,clinic,,,,,,
568711096,way,46.0607211,6.3226161,Centre de consultation,hospital,Etablissement Public de Santé Mentale de la Vallée de l'Arve,,,,,La Roche sur Foron
568765058,way,48.8391235,2.2885179,Maternité catholique Sainte-Félicité,hospital,,,,,,
568894646,way,44.6128861,-1.1138435,Centre Hospitalier d‘Arcachon,hospital,,yes,,+33 5 57 52 90 00,,
571290238,way,43.8218554,4.3231253,Institut de Cancérologie du Gard,hospital,,,,+33 4 66 68 68 68,,
572838918,way,43.260915,5.4133606,Hôpital Henri Gastaut,hospital,,,,,,
574822830,way,48.7932393,7.7691238,Centre de Réadaptation Château Walk,hospital,,,,,,Haguenau
575489561,way,48.4077597,-2.9151269,Centre Hospitalier du Penthièvre & du Poudouvre,hospital,,,,+33 2 96 79 66 66,http://www.ch2p.bzh/,
577324700,way,46.8466799,-1.8729544,Centre Hospitalier Loire-Vendée-Océan - Site de Challans,hospital,Centre Hospitalier Loire-Vendée-Océan,yes,,+33 2 51 49 50 00,http://www.ch-lvo.fr/,
577807990,way,46.9689315,-1.3105253,Centre Hospitalier Départemental - Site de Montaigu,hospital,,yes,,+33 2 51 45 40 00,https://www.chd-vendee.fr/index.php?id_page=235&id_site=1,
577828818,way,48.7490384,-0.5402104,Centre Hospitalier Jacques Monod,hospital,,yes,,+33 2 33 62 62 00,http://www.ch-flers.fr/,
577834262,way,48.7471053,-0.0178868,Centre Hospitalier Fernand Léger,hospital,,yes,,+33 2 33 12 33 12,https://www.ch-argentan.fr/,Argentan
577845854,way,48.523494,0.551823,Centre Hospitalier Marguerite de Lorraine,hospital,,yes,,+33 2 33 83 40 40,http://www.ch-mortagne.fr/,
577853796,way,48.5910406,-0.65886,Centre Hospitalier Intercommunal des Andaines - Site de Domfront,hospital,CHIC des Andaines,no,,+33 2 33 30 57 57,https://chic-andaines.fr/fr/index.php,
577856909,way,49.1852937,-0.3668969,Clinique de la Miséricorde,hospital,Fondation de la Miséricorde,limited,,+33231152520,https://www.fondation-misericorde.fr/les-etablissements/la-clinique-de-la-misericorde/,
578239671,way,49.3826289,0.129171,Centre Hospitalier de la Côte Fleurie,hospital,,yes,,+33 2 31 89 89 89,http://ch-cotefleurie.com/,
578244953,way,49.0182507,-0.6331258,Centre Hospitalier Docteur Louis Lacaine,hospital,Centre Hospitalier Aunay-Bayeux,,,+33 2 31 71 76 76,https://www.ch-ab.fr,
578944479,way,-16.0553927,-145.6199724,,hospital,,,,,,
579735376,way,47.495375,4.3456141,Centre hospitalier Robert Morlevat,hospital,,yes,,,http://www.ch-semur.fr/,
579821481,way,48.8358102,-0.8840819,Centre hospitalier de Vire,hospital,,yes,,+33 2 31 67 47 47,http://www.ch-vire.fr/,
579859762,way,48.7410446,0.9206641,Centre hospitalier de Verneuil d'Avre et d'Iton,hospital,,yes,,+33 2 32 23 60 00,http://www.vbr-sudeure.fr/,Verneuil-sur-Avre
579875401,way,45.6120232,5.154091,Établissement de Santé Mentale Portes de l’Isère,hospital,,,,+33474926590,,
579916181,way,49.3484508,0.5147337,Centre hospitalier de la Risle,hospital,,yes,,+33 2 32 41 64 64,https://ch-pont-audemer.fr/,Pont-Audemer
579939965,way,49.0319928,1.1147324,Centre hospitalier Eure-Seine,hospital,Centre hospitalier Eure-Seine,yes,,+33 2 32 33 80 00,http://www.chi-eureseine.fr,Évreux
580213379,way,46.8358261,-1.8818372,UDM ECHO Challans,clinic,Association ECHO,,,+33 2 51 54 11 58,https://echo-dialyse.fr/,Challans
580643151,way,47.4332673,0.6679201,Clinique NCT+ Saint Gatien Alliance,hospital,Nouvelle Clinique de Tours Plus • Saint-Gatien • Alliance,yes,,+33 2 47 88 37 37,https://nctplus.com/,
581397966,way,48.170692,-2.5976865,Centre hospitalier du Centre Bretagne - Centre de rééducation fonctionnelle,hospital,,,,,,
582384109,way,49.3703028,3.3343424,Centre hospitalier de Soissons,hospital,,yes,,+33 3 23 75 70 70,https://www.ch-soissons.fr,
583759021,way,44.1466,4.0964104,Centre hospitalier Alès-Cévennes,hospital,,yes,,+33 4 66 78 33 33,http://www.ch-ales.fr/Accueil/,
584061444,way,43.1236539,5.9468746,Hôpital Privé Saint-Jean,hospital,,,,+33 4 94 16 30 30,https://www.hpth-saint-jean.fr/,Toulon
584255611,way,50.9407281,1.8917616,Centre hospitalier de Calais,hospital,,yes,,+33 3 21 46 33 33,https://www.ch-calais.fr/,
584899020,way,43.7021359,-1.004161,Clinique Maylis,hospital,Inicea,no,,+33 5 58 56 41 00,https://www.inicea.fr/sante-mentale/clinique-maylis-narrosse-40180,
585271416,way,16.0452362,-61.687236,Clinique les Nouvelles Eaux Vives,hospital,,,,,,
585769191,way,49.44858,2.0700538,Centre hospitalier Simone Veil de Beauvais,hospital,,yes,,+33 3 44 11 21 21,http://ch-beauvais.fr/,
585781269,way,49.8726387,2.2538897,CHU Amiens Sud,hospital,,yes,,+33 3 22 45 60 00,https://www.chu-amiens.fr/,
586117534,way,49.9340528,2.9297875,Centre Hospitalier de Péronne,hospital,,yes,,+33 3 22 83 60 00,https://www.ch-peronne.fr/,
586122010,way,49.6485517,2.5747501,Centre hospitalier de Montdidier,hospital,,yes,,+33 3 22 78 70 00,https://www.chimr.fr/,
586124445,way,50.1525114,2.3521769,Centre Hospitalier de Doullens,hospital,,yes,,+33 3 22 32 33 33,https://www.ch-doullens.fr/,
586129718,way,49.9998001,2.654432,Centre Hospitalier d'Albert,hospital,,,,+33 3 22 74 41 35,https://www.ch-albert.fr/v3/,
586609734,way,45.81655,1.246134,Centre hospitalier Esquirol,hospital,,,,,https://www.ch-esquirol-limoges.fr/,
588448129,way,45.1963867,-0.0854229,Centre hospitalier et E.H.P.A.D. Les Bruyères Boscamnant,hospital,,no,,+33 5 46 86 50 00,https://www.ch-boscamnant.fr/,
588728986,way,45.439374,-0.4347988,Centre hospitalier de Jonzac,hospital,,yes,,+33 5 46 48 75 75,http://www.ch-jonzac.com/,
589353576,way,45.7595984,4.9075322,Médipôle Lyon-Villeurbanne,hospital,,yes,,,,
589891794,way,-21.3780639,55.6118855,Clinique Saint-Joseph,hospital,,,,,,
591024804,way,45.4595589,-0.4383276,Domaine des Fossés,hospital,Centre hospitalier spécialisé de Jonzac,,,+33 5 46 48 75 75,,
591057328,way,43.9301526,2.1651324,Clinique Claude Bernard,hospital,Groupe Elsan,yes,,+33 5 63 77 77 63,http://www.claude-bernard-albi.groupe-elsan.com/,
592125709,way,46.9879422,1.1641627,Centre Hospitalier de Chatillon-sur-Indre,hospital,,no,,,,
592131319,way,48.6201628,2.4569349,Centre Hospitalier Sud Francilien,hospital,,yes,,+33 1 61 69 61 69,https://www.chsf.fr/,
592132678,way,45.1441744,4.1266974,Centre Hospitalier Jacques Barrot,hospital,,,,,,
592136836,way,50.328732,3.3937911,Centre hospitalier de Denain,hospital,,yes,,+33 3 27 24 30 00,https://www.ch-denain.fr/,
594606928,way,5.4786769,-53.2086774,,hospital,,,,,,
594665423,way,3.3829115,-54.0493606,,clinic,,,,,,
594771688,way,46.4855517,2.0048641,Clinique du Manoir du Berry,hospital,,,,+33 2 54 06 20 12,,
595796916,way,48.8407893,-0.896951,Clinique Notre-Dame,hospital,,,,+33 2 31 66 64 00,http://cliniquenotredamevire.fr/accueil/,
596129065,way,48.4438343,2.1552801,Centre hospitalier Barthélemy Durand,hospital,EPS Barthélemy Durand,,,,https://www.eps-barthelemy-durand.fr/,
600141351,way,48.2071632,3.2946652,Clinique Paul Picquet,hospital,,,,,https://www.clinique-paul-picquet.fr,Sens
600467901,way,50.104637,3.5335827,Centre hospitalier Le Cateau,hospital,,yes,,+33 3 27 84 66 66,https://www.ch-lecateau.fr/,
601238012,way,48.2218804,-1.793299,Maison de Santé Claude Rosenzweig,clinic,,,,,https://www.mspgeveze.fr/,
602097768,way,43.9672569,0.9359213,Foyer Occupationnel Barradis,hospital,,,,,,Lavit
604539741,way,48.7034017,6.1406495,Clinique Bellefontaine,clinic,Orpea,,,,https://www.orpea.com/clinique-bellefontaine-nancy-54,
605887268,way,43.5019285,5.4378527,Hôpital privé de Provence,hospital,,yes,,+33 4 42 33 88 00,https://www.hopital-prive-de-provence.com/fr/,
606160448,way,50.337892,3.1035313,Centre Hospitalier de Douai,hospital,,yes,,+33 3 27 99 61 61,https://www.ch-douai.fr/,
606160500,way,50.3367813,3.1035664,Centre Léonard de Vinci,clinic,,,,,,
606819609,way,45.7007432,5.8907865,Clinique Gustav Zander,clinic,Inicea,,,+33 4 79 61 41 33,https://www.inicea.fr/smr/clinique-gustav-zander-savoie-73100,
607159225,way,43.9276478,4.805239,Institut de chirurgie osseuse et de la moelle épinière - Médipôle Montagard,clinic,,,,+33490279287,https://www.chirurgie-orthopedique-medipole.fr/,Avignon
607686126,way,45.7731527,4.8606775,Hôpital de jour PsyPRO,clinic,,,,,https://www.psyprolyon.fr/,
608717253,way,44.4134468,4.140627,Centre hospitalier Léopold Ollier,clinic,,,,,https://www.ch-ca.fr/services-soins/medecine,
612220065,way,46.5794658,3.046597,Centre hospitalier de Bourbon l'Archambault,hospital,,,,,,Bourbon-l'Archambault
613424971,way,48.9784789,3.1446181,Clinique de l'Ange Gardien,clinic,Ramsay Santé,,,,,
613554438,way,47.5190198,5.1048838,Centre hospitalier d'Is-sur-Tille,hospital,,no,,+33 3 80 95 62 62,,Is-sur-Tille
614483623,way,43.9230257,4.8840271,Clinique Les Cyprès,clinic,,,,,,
616342937,way,49.5248052,0.3642131,Hôpital Saint-Romain de Colbosc,hospital,,,,,,
616666876,way,46.1596055,4.1649049,Centre hospitalier de Charlieu,hospital,,,,,,
617510359,way,47.8624944,4.5593192,Centre hospitalier de Châtillon-sur-Seine,hospital,,yes,,+33 3 80 91 21 21,http://www.hopital-chatillonsurseine.fr/,
617667133,way,49.5084833,-1.8140048,Pôle de Santé Ouest Cotentin,clinic,,,,,https://www.psoc.fr,les pieux
617698753,way,47.6238707,4.3399456,Maison de santé Simone Veil,clinic,,,,,,
620903285,way,47.1584303,6.7208411,Pôle médical,clinic,,,,,,Le Russey
621712800,way,50.0098687,4.0594385,Centre hospitalier de Fourmies,hospital,,yes,,+33 3 27 56 47 47,https://www.ch-fourmies.fr/,
621712870,way,50.2802156,3.989216,Centre hospitalier de Maubeuge,hospital,,yes,,,https://www.ch-maubeuge.fr/,
621718755,way,50.4143404,1.6628565,Centre Hospitalier de l'Arrondissement de Montreuil-sur-Mer,hospital,,yes,,+33 3 21 89 46 25,https://www.ch-montreuil.fr/,Rang-du-Fliers
622008439,way,50.7225349,1.6293749,Centre hospitalier de Boulogne-sur-Mer,hospital,,yes,,+33 3 21 99 33 33,https://www.ch-boulogne.fr/,
622014733,way,50.5398015,2.6300543,Clinique Anne d'Artois,hospital,,yes,,+33 826 200 110,https://www.groupehpl.com/anne-artois,
622149073,way,47.033376,4.8322362,Hopital Philippe Lebon,hospital,Hospice de Beaune,yes,,+33 3 80 24 44 44,https://www.hospices-de-beaune.com/index.php?/hospicesdebeaune,
622492786,way,49.1447953,2.290458,Groupe hospitalier Carnelle Porte de l'Oise - Site de Beaumont,hospital,,yes,,+33 1 39 37 15 20,http://www.ghcpo.fr/presentation-du-ghcpo/acces-et-orientation/beaumont-sur-oise/,
622701644,way,42.5483837,8.7653833,Centre hospitalier de Calvi-Balagne,hospital,,yes,,+33 9 74 56 57 38,https://www.centrehospitaliercalvibalagne.fr/,
622909115,way,49.1551082,1.7844665,Groupement Hospitalier Intercommunal du Vexin - Site de Magny,hospital,,yes,,+33 1 34 79 44 44,http://www.ghi-vexin.fr/index.html,
624240717,way,48.557559,2.6430988,Centre hospitalier de Melun,hospital,Groupe hospitalier Sud Ile-de-France,yes,,+33 1 64 71 60 00,https://www.ghsif.fr/,
624240718,way,48.5568697,2.6409151,Clinique Saint-Jean l'Ermitage,hospital,,,,+33 826 30 77 77,https://www.clinique-saint-jean-ermitage.fr/,
624286844,way,47.3966549,4.5386863,Centre hospitalier de la Haute Côte-d'Or,hospital,,,,+33 3 80 33 91 91,https://hopital-amplitude.fr/,
624292583,way,47.4156747,2.927427,Centre Hospitalier de Cosne sur Loire,hospital,,,,,,
624292596,way,47.4041009,2.9270377,Pôle de santé,hospital,,,,,,
624839056,way,48.5447317,3.303365,Centre hospitalier de Provins - Léon Binet,hospital,,yes,,+33 1 64 60 40 00,https://www.ch-provins.fr/,
624845309,way,48.8271142,3.096275,Centre hospitalier de Coulommiers,hospital,Grand Hôpital de l’Est Francilien,yes,,+33 1 64 77 64 77,https://www.ghef.fr/,
625049558,way,42.7274794,2.8468494,Clinique SSR Supervaltech,hospital,,,,,,
625119170,way,44.5612505,6.4932364,Centre hospitalier d'Embrun,hospital,,yes,,+33 4 92 43 73 00,https://www.ch-embrun.fr/,
625473549,way,47.3621832,5.0523191,Hôpital privé Dijon Bourgogne,hospital,Ramsay Santé,yes,,+33 3 74 82 21 21,https://hopital-prive-dijon-bourgogne.ramsaygds.fr/,
626236762,way,47.9993346,-4.0852071,Établissement public de santé mentale Étienne Gourmelen,hospital,,,,+33298986600,,
626740160,way,48.2625247,2.703711,Centre hospitalier de Nemours,hospital,Centre hospitalier du sud Seine-et-Marne,yes,,+33 1 64 45 19 00,https://www.ch-sud-seine-et-marne.fr/,
627257414,way,48.7781858,1.9894983,Hôpital privé de l'Ouest Parisien,hospital,Ramsay Santé,yes,,+33 1 86 86 78 78,https://hopital-prive-de-l-ouest-parisien-trappes.ramsaygds.fr/,
627271332,way,48.9860132,1.9359423,Centre hospitalier intercommunal Meulan-Les Mureaux,hospital,Centre hospitalier intercommunal de Meulan-Les Mureaux,,,+33 1 30 91 85 00,https://www.chimm.fr/,
627279923,way,48.9560252,1.8467663,Centre hospitalier privé du Montgardé,hospital,,yes,,+33 1 30 95 52 00,https://chp-montgarde.fr/,
627454904,way,48.4409568,1.4806824,Hôtel Dieu,hospital,,no,,+33237303030,https://www.ch-chartres.fr/index.php/etablissement,
628267812,way,46.5672191,1.9843646,Maison des Oiseaux,hospital,,,,,,
628854292,way,48.7688406,2.3704676,Hôpital privé de Thiais,hospital,GIE Santé & Retraite,yes,,+33 1 45 60 28 28,https://www.hopital-prive-de-thiais.com/,
628916685,way,48.8782164,2.4310327,Centre médico-chirurgical Floréal,hospital,,yes,,+33 1 48 97 72 00,https://cliniquefloreal.com/,
628921516,way,48.9549584,2.3683739,Clinique de l'Estrée,hospital,Elsan,yes,,+33 1 49 71 71 71,http://www.clinique-estree.fr/,
628926249,way,48.9054858,2.3891656,Hôpital Européen de Paris,hospital,Gruppo Villa Maria,yes,,+33 1 48 39 45 00,https://www.hopitaleuropeendeparis.fr/home,
628927033,way,48.8982664,2.5719561,Groupe hospitalier intercommunal Le Raincy-Montfermeil,hospital,,yes,,+33 1 41 70 80 00,https://www.ch-montfermeil.fr,
630031344,way,44.8535983,-0.6236398,Clinique Les Grands Chênes,hospital,Inicea (Clariane),,,,https://www.inicea.fr/smr/clinique-les-grands-chenes-gironde-33021,Bordeaux
631671877,way,48.7884468,2.255946,Hôpital Antoine Béclère,hospital,Assistance publique - Hôpitaux de Paris,yes,,+33 1 45 37 44 44,https://hopital-antoine-beclere.aphp.fr/,
631834691,way,47.0850215,2.4383381,Centre hospitalier Jacques Cœur,hospital,,yes,,+33 2 48 48 48 48,https://www.ch-bourges.fr/hopital/index.php,
631860699,way,46.725916,2.49601,Centre hospitalier de Saint-Amand-Montrond,hospital,,yes,,+33 2 48 63 25 25,http://www.ch-stamand.fr/index.html,Saint-Amand-Montrond
631868624,way,47.8123052,3.5650967,Polyclinique Sainte-Marguerite,hospital,C2S,,,+33 3 86 94 49 49,http://www.bourgogne-sante-services.com/,
631888965,way,47.4901981,3.9046059,Centre hospitalier d'Avallon,hospital,,yes,,+33 3 86 34 66 00,https://www.ght-unyon.fr/,
631892527,way,47.9795538,3.3959923,Centre hospitalier de Joigny,hospital,Groupement Hospitalier Nord Yonne,yes,,+33 3 86 92 33 33,https://www.ch-joigny.com/,
631991580,way,46.3852468,5.8665512,Centre hospitalier Louis Jaillon,hospital,GHT Hôpitaux du Jura,yes,,+33 3 84 41 33 33,https://hopitaux-jura.fr/ch-st-claude/,Saint-Claude
632535812,way,46.5676194,4.8927487,Centre hospitalier de Tournus - Romenay,hospital,,no,,+33 3 85 27 47 67,,
632691242,way,48.9608535,4.3647973,Hôpital de Jour Lewis Carroll,hospital,,,,,,
633668391,way,48.7024395,6.2302873,Clinique Pasteur,hospital,,,,,,
633889429,way,47.4560641,-0.5114759,Centre ophtamologique Saint-Joseph,clinic,Clinique Saint-Joseph,,,,,
635947087,way,43.5824353,1.509523,Clinique la Croix du sud - Maison des consultations,clinic,Groupe Capio,,,+33806233233,,Quint-Fonsegrives
637995538,way,47.9395759,1.8789262,Pôle Santé Oréliance,hospital,Groupe Saint-Gatien,yes,,+33 2 38 79 60 00,https://oreliance.com/,
638011993,way,47.7939371,1.0629287,Centre hospitalier de Vendôme-Montoire,hospital,,,,+33 2 54 23 33 33,https://www.ch-vendome.fr,
638038904,way,45.8893651,4.4386599,L’Hôpital Nord-Ouest Tarare,hospital,,yes,,,https://hno.fr/hopital-de-tarare,
638354499,way,47.3358614,0.6894122,Pôle Santé Léonard de Vinci,clinic,,yes,,,,
638376452,way,15.8893926,-61.3065321,Centre hospitalier Sainte-Marie,hospital,,yes,,+590 590 97 65 00,,
638491993,way,47.5876376,0.9193976,Centre hospitalier de Château-Renault,hospital,Centre hospitalier intercommunal Amboise - Château-Renault,,,+33 2 47 23 33 33,https://www.ch-amboise-chateaurenault.fr/,
638492005,way,47.4078141,0.9813468,Centre hospitalier d'Amboise,hospital,Centre hospitalier intercommunal Amboise - Château-Renault,yes,,+33 2 47 23 33 33,https://www.ch-amboise-chateaurenault.fr/,
638495440,way,47.1883928,0.2922774,Clinique Jeanne d'Arc,hospital,,,,+33 2 47 93 70 00,https://cjda37.fr/,
638503736,way,47.1300719,1.0027633,Centre hospitalier Paul Martinais,hospital,,yes,,+33 2 47 91 33 33,https://www.ch-loches.fr/,
638519167,way,45.6529456,-1.0245654,Clinique Pasteur,hospital,,yes,,+33 5 46 22 22 22,http://www.clinique-pasteur-royan.fr/,
638522298,way,45.6339888,-1.0607822,Centre hospitalier de Royan,hospital,,yes,,+33 5 46 39 52 52,https://www.ch-royan.fr/,
638609299,way,45.9670999,-0.9633878,Centre hospitalier de Rochefort,hospital,,yes,,+33 5 46 88 50 50,https://ch-rochefort.fr/fr/,
638613490,way,45.9427144,-1.3037878,Centre hospitalier Saint-Pierre d'Oléron,hospital,,limited,,+33 5 46 76 31 00,https://hopitaloleron.net/,
638615106,way,45.8214531,-1.0981627,Centre hospitalier de Marennes,hospital,,,,+33 5 46 85 01 38,https://ch-rochefort.fr/fr/,
638616113,way,45.9469795,-0.5296298,Centre hospitalier de Saint-Jean-d'Angely,hospital,,yes,,+33 5 46 59 50 50,https://www.ch-angely.fr/,
638732489,way,45.6026325,-1.0038088,,hospital,,yes,,+33 5 46 05 07 94,http://www.polycliniquesaintgeorges.com/,
638741096,way,46.3149991,-0.4526615,Polyclinique Inkermann,hospital,Groupe Elsan,yes,,,http://www.inkermann.groupe-elsan.com/,
638823219,way,46.9725263,-0.181652,Centre hospitalier de Thouars,hospital,Centre hospitalier Nord Deux-Sèvres,limited,,+33 5 49 66 50 42,https://www.chnds.fr/accueil.aspx,
638871561,way,46.6525456,-0.2204548,Centre hospitalier de Parthenay,hospital,Centre hospitalier Nord Deux-Sèvres,limited,,+33 5 49 68 49 68,https://www.chnds.fr/accueil.aspx,
639020040,way,48.888968,2.2385679,Centre de Soins,clinic,,,,+33 1 47 75 91 04,,Puteaux
640098660,way,48.2673047,3.8070443,Maison de Santé,clinic,Troyes Champagne Métropole,,,,,Estissac
640376230,way,-20.7807153,165.2268269,Dispensaire de Touho - Centre Médico-Social,clinic,Province Nord,no,,,,Touho
641570225,way,43.6015674,3.8526419,Centre Médical Estanove,clinic,,,,,,
641715011,way,-22.2270447,166.5218288,,hospital,,,,,,
642946073,way,47.4563574,-0.512735,Village Santé,hospital,Groupement de coopération sanitaire Béllinière,,,,,
643262776,way,-22.2096681,166.4526784,,hospital,,,,,,
643448673,way,48.5888823,6.4908177,Centre hospitalier de Lunéville,hospital,,yes,,+33 3 83 76 12 12,http://www.ch-luneville.fr/index.php,
643528072,way,44.7895783,-0.6298122,Clinique Saint-Martin,hospital,,,,+33540130267,,
643528073,way,44.806505,-0.6098936,Clinique mutualiste Arnaud Duben,hospital,Pavillon de la Mutualité,yes,,+33 5 56 46 56 46,https://www.clinique-pessac.fr/,
645744558,way,48.9698614,4.3659213,Hôpital Pierre Briquet,hospital,,,,+33 3 26 70 37 37,https://www.epsm-marne.fr/,Châlons-en-Champagne
645765827,way,49.9898489,4.7101991,Centre hospitalier de Fumay,hospital,,,,+33 3 24 41 10 32,,Fumay
646305959,way,45.1528097,5.3229531,Centre hospitalier de Saint-Marcellin,hospital,,,,,,
646766769,way,47.9462519,5.7350882,Centre Hospitalier de Bourbonne les Bains,hospital,,,,,,
646792094,way,48.6335649,4.9559099,Centre Hospitalier Georges Heuyer,hospital,,,,,,
646841029,way,15.8803125,-61.3127391,Polyclinique Saint-Christophe,hospital,,,,+590 590 97 97 47,https://www.clinique-mariegalante.fr/,
649487203,way,44.6496699,-0.9845175,Espace Santé Biganos,clinic,,,,,,
653462080,way,47.6518623,7.4596976,Centre hospitalier de Sierentz,hospital,GHR Mulhouse Sud Alsace,no,,+33 3 89 26 60 00,https://www.ghrmsa.fr/residents/nos-sites/centre-hospitalier-de-sierentz-619.html,Sierentz
653475064,way,47.8636225,3.5871793,Clinique du Petit Pien,hospital,Clinéa,,,,,
653687767,way,47.0378329,-0.9004257,Polyclinique du Parc,clinic,,limited,,+33 2 41 63 42 00,http://www.polyclinique-du-parc.net/,Cholet
655139103,way,43.6314607,0.5761626,Centre Hospitalier d'Auch,hospital,,yes,,+33 5 62 61 32 32,https://www.ch-auch.fr/,
658702217,way,49.3835722,2.7881402,Centre Psychothérapique Henri Theillou,clinic,,,,+33344916930,http://www.chi-clermont.fr/site_2015/Centre_Henri_Theillou.html,
659122935,way,48.6334201,4.9616283,"Centre De Soins ""La Fabrique Du Pré""",hospital,,,,,,
659182277,way,45.8727908,4.7672311,Pôle Santé de Chassselay,clinic,,,,,https://www.doctolib.fr/cabinet-pluridisciplinaire/chasselay/pole-de-sante-a-chasselay,
659619776,way,46.2886344,4.305594,Hôpital du Pays Dunois,hospital,,yes,102,+33 3 85 28 91 10,,La Clayette
659740129,way,50.1028781,2.856624,Centre Hospitalier de Bapaume,hospital,,,,,https://www.ch-arras.fr/Groupe-Hospitalier-Artois-Ternois/Centre-Hospitalier-de-Bapaume,
659766158,way,45.0626032,4.8659962,La Teppe,hospital,,no,,+33 4 75 07 59 59,https://www.teppe.org/,
660630149,way,45.3877514,4.2902175,Hôpital Le Corbusier,hospital,,,,,,Firminy
660856608,way,43.6012944,7.1187102,Centre hospitalier d'Antibes - Juan-les-Pins,hospital,,yes,,,https://www.ch-antibes.fr/,Antibes
662047371,way,50.4306266,2.9437084,Centre Hospitalier d'Hénin-Beaumont,hospital,,no,,,,
663273760,way,45.3490833,5.5670222,,clinic,,,,+33476370256,,Voiron
663273764,way,45.3489078,5.5666335,,clinic,,,,,,Voiron
664712033,way,47.0115783,0.0766145,Centre hospitalier de Loudun,hospital,Groupe hospitalier Nord-Vienne,yes,,+33 5 49 98 45 42,https://www.ghnv.fr/,
664712034,way,46.8315333,0.5556605,Centre hospitalier de Chatellerault,hospital,Groupe hospitalier Nord-Vienne,yes,,+33 5 49 02 90 90,https://www.ghnv.fr/,
664727228,way,45.8129762,1.28492,Clinique François Chénieux,hospital,Polyclinique de Limoges,yes,,+33 5 55 45 40 40,http://polyclinique-limoges.com/clinique-francois-chenieux/,
665529793,way,48.3758854,6.8811411,Centre Hospitalier Intercommunal des 5 Vallées,hospital,,,,,,
666370358,way,45.6467319,0.3710955,Maison de Santé Chazelles,clinic,,limited,,+33 5 45 23 53 24,,
666372896,way,45.5432189,2.3122153,Centre hospitalier de Haute-Corrèze,hospital,,yes,,+33 5 55 96 40 00,https://www.ch-ussel.fr/,
666500656,way,44.8994878,1.2234105,Centre hospitalier de Sarlat,hospital,,yes,,+33 5 53 31 75 75,http://www.ch-sarlat.fr,
666509471,way,44.7341572,1.3751981,Centre hospitalier de Gourdon,hospital,,yes,,+33 5 65 27 65 27,http://ch-gourdon.fr,
666512172,way,44.6098351,2.0291698,Centre hospitalier de Figeac,hospital,,yes,,+33 5 65 50 65 50,https://www.ch-figeac.fr/,
666519489,way,44.488495,1.3542306,Clinique du Relais,hospital,,,,+33 5 65 30 97 97,http://www.clinique-du-relais.fr/,
666525023,way,44.7253602,3.8405478,Centre hospitalier de Langogne,hospital,,,,+33 4 66 69 78 00,https://ch-langogne.fr/,
666543980,way,44.7532955,-1.1293756,Polyclinique d'Arès,hospital,,yes,,+33 5 56 03 87 00,http://www.clinique-ares.com/,
666758448,way,44.5445657,-0.2453457,Centre hospitalier de Langon,hospital,,yes,,+33 5 56 76 57 57,https://www.ch-sudgironde.fr,
666760350,way,44.8418278,0.2226888,Centre hospitalier de Sainte-Foy-la-Grande,hospital,Centre hospitalier de Libourne,yes,,+33 5 57 41 96 96,https://www.ch-saintefoy.com/,
666777312,way,45.1351106,-0.6595592,Centre hospitalier de Blaye,hospital,,yes,,+33 5 57 33 40 00,https://www.chblaye.fr/index.php,
668135767,way,44.5025872,0.1654172,Centre hospitalier Yves Grassot,hospital,Centre hospitalier intercommunal Marmande-Tonneins,yes,,+33 5 53 20 30 40,https://www.chicmt.fr/,
668150058,way,44.2173003,0.6351733,Centre hospitalier Saint-Esprit,hospital,Etat,yes,,+33 5 53 69 70 71,http://www.ch-agen.fr/,
668319348,way,44.3602642,2.5514943,Centre hospitalier de Rodez,hospital,,yes,,+33 5 65 55 12 12,https://www.ch-rodez.fr/,
668323210,way,47.0602896,3.9350308,Centre hospitalier de Chateau-Chinon,hospital,,no,,+33 3 86 79 60 00,,
668558595,way,43.4853923,-0.7716955,Centre hospitalier d'Orthez,hospital,,yes,,+33 5 59 69 70 70,https://www.ch-orthez.fr/,
669397984,way,43.3243739,-0.3503655,Polyclinique de Navarre,hospital,,,,+33 5 59 14 54 54,http://www.cliniquedenavarre.com/default.aspx,
669406580,way,43.32772,-0.3526263,Clinique Les Jeunes Chênes,clinic,Orpéa,,,+33 5 59 02 19 20,https://www.clinea.fr/clinique-les-jeunes-chenes-pau-64,
669414936,way,43.3041515,-0.3647765,Polyclinique Marzet,hospital,,yes,,+33 5 59 92 72 72,https://polycliniquepaupyrenees.fr/,
669418615,way,43.396933,-1.6394376,Polyclinique Côte Basque Sud,hospital,,yes,,+33 5 59 51 63 63,http://www.polyclinique-cotebasquesud.com/,
669425709,way,43.4855584,-1.5391025,Clinique Aguiléra,hospital,Ramsay Santé,yes,,+33 5 36 28 64 00,https://clinique-aguilera-biarritz.ramsaygds.fr,
670522942,way,43.3928373,-1.6533887,Hôpital de Saint-Jean-de-Luz,hospital,,,,,,
670952157,way,43.5381748,5.405597,Clinique La Jauberte,clinic,,,,,https://www.lajauberte.com/,
671138047,way,47.5759298,7.5248055,Pôle médical Hasso,clinic,,,,,,Hésingue
671367533,way,47.272622,0.8575022,L'Arc en Ciel,hospital,,,,,http://www.arcenciel-asso.org/le-hameau-de-larc-en-ciel/,
671782391,way,44.3229081,5.8116674,Centre hospitalier Buëch-Durance,hospital,,no,,+33 4 92 65 11 68,https://www.chbd-laragne.fr/,Laragne-Montéglin
671784931,way,43.8457818,5.0541373,Clinique Synergia Luberon,clinic,,,,+33490785578,,
672309000,way,48.4441838,5.1374991,Centre Gabriel Pertat,hospital,,,,,,
672453701,way,43.7668575,7.4836911,Centre hospitalier de Menton,hospital,,yes,,+33 4 93 28 77 77,https://www.ch-menton.fr/,
672536636,way,43.2487126,6.5714593,Centre hospitaier de Saint-Tropez,hospital,,yes,,+33 4 98 12 50 00,https://www.ch-saint-tropez.fr/,
672977658,way,50.667542,3.2083394,,clinic,,,,,,
673284203,way,43.4090427,5.2138745,Clinique Générale de Marignane,hospital,Almaviva Santé,yes,,+33 4 42 78 45 00,https://www.clinique-marignane.com/fr/,
673558065,way,48.9837974,1.7170919,Polyclinique mantaise,hospital,,,,,,
673581502,way,43.8788235,7.4515602,Centre hospitalier Saint-Éloi,hospital,,,,,,
673936038,way,49.208816,1.6689863,Maison de santé de l'Epte,hospital,,no,,,,Château-sur-Epte
674085103,way,43.9559664,0.378766,Centre Hospitalier de Condom,hospital,,yes,,+33 5 62 28 20 77,https://ch-condom.fr/,
674241862,way,43.6520594,1.5124396,Clinique Le Marquisat,hospital,Ramsay Santé,,,+33 5 61 37 81 81,https://clinique-union-toulouse.ramsaygds.fr/,
675654713,way,44.6116736,4.3905847,Clinique du Vivarais,hospital,,no,,+33 4 75 35 70 00,http://www.clinique-vivarais.com/,
675693875,way,44.0504798,5.0364721,Clinique Le Mont Ventoux,hospital,Inicea,,,,https://www.inicea.fr/smr/clinique-mont-ventoux-vaucluse-84200,
676807179,way,43.5653578,7.0282796,Hôpital Privé Cannes Oxford,hospital,,,,,https://www.clinique-oxford.com/fr/,Cannes
677030897,way,48.7587155,2.1444544,Centre Pédiatrique des Côtes,hospital,,,,,,
677295783,way,43.5346021,5.4354302,Clinique Axium,hospital,Almaviva Santé,,,+33442957272,https://www.cliniqueaxium.fr/fr/,Aix-en-Provence
677497752,way,48.6831643,-1.8663384,Hôpital des Prés Bosgers,hospital,Groupement Hospitalier de Territoire Rance Emeraude,,,+33 2 99 89 51 51,https://etablissements.fhf.fr/annuaire/hopital-site.php?id_etab=4616,cancale
678199692,way,43.5796616,6.9730838,Clinique La Grangéa,clinic,,,,,,
678743840,way,43.7010897,1.8180775,Centre hospitalier de Lavaur,hospital,,yes,,+33 5 63 58 81 81,https://www.ch-lavaur.fr/,
678743850,way,43.5661592,2.2620825,Hôpital du Pays d’Autan,hospital,,yes,,+33 5 63 71 63 71,https://www.chic-cm.fr/index.php,Castres
678756070,way,42.9285968,1.8608445,Centre hospitalier en Pays d'Olmes,hospital,CHIVA,yes,,+33 5 61 65 78 78,https://www.chiva-ariege.fr/accueil-chiva,
678814219,way,-21.4734033,168.0359561,Dispensaire de La Roche,hospital,,yes,,,,
678948792,way,42.695914,2.8651977,Clinique Saint-Pierre,hospital,Groupe Elsan,yes,,+33 8 26 30 26 26,https://www.elsan.care/fr/clinique-saint-pierre,
679025141,way,42.4905311,2.7539296,Clinique du Vallespir,clinic,Elsan,yes,,+33 4 68 87 12 55,http://www.cliniqueduvallespir.fr/,
679795367,way,47.1062673,0.6117688,Hôpital de Sainte-Maure,hospital,,,,,,
680065795,way,42.4637113,2.6510899,USLD Les Patios d'Argent,hospital,,,,,,
680335202,way,45.3911254,4.3209545,Centre hospitalier Georges Claudinon,hospital,,no,,,,Le Chambon Feugerolles
680575362,way,48.4088637,-4.0838448,Maison de santé des Monts d'Arrée,clinic,,,,+33 2 98 68 82 92,,Sizun
680703531,way,48.2066306,5.9475859,Centre Hospitalier de l'Ouest Vosgien - Site de Vittel,hospital,,yes,,+33 3 29 94 80 00,http://www.ch-ouestvosgien.fr/,
681057608,way,48.8644337,2.5433943,La Roseraie,hospital,GHU Paris,,,,,
681390432,way,46.4642699,4.1092839,Centre hospitalier des Charmes,hospital,,yes,,+33 3 85 81 80 00,https://www.ch-paray.fr/,Paray-le-Monial
682096193,way,47.2435287,5.979842,Clinique Saint-Vincent,clinic,,,,+33 3 81 48 28 28,https://www.elsan.care/fr/clinique-saint-vincent,
682309112,way,48.4552441,7.4886071,Nouvel Hôpital d'Obernai,hospital,Groupe hospitalier Sélestat-Obernai,,,+33 3 88 95 14 00,https://www.ghso.fr/,Obernai
682832613,way,43.5493383,6.4450733,Centre hospitalier de la Dracénie,hospital,,yes,,+33 4 94 60 50 00,https://www.ch-dracenie.fr/,Draguignan
684053207,way,-17.5352392,-149.5463515,IIME Te Ana Hau,clinic,Pays,,,,,
685286765,way,43.3019546,5.5052715,Clinique Saint-Martin,clinic,,,,,,Marseille
685625613,way,43.3051841,5.5080785,CPC La Bastide,hospital,,,,,,
685759065,way,44.8678382,-0.6188681,Hôpital Suburbain du Bouscat,hospital,,,,+33 5 56 42 49 49,,
685911982,way,43.3000082,5.5039928,Clinique La Provençale,hospital,Clinea,,,,,
685911986,way,43.2993186,5.504139,Clinique Saint-Roch Mont Fleuri,hospital,,,,,,
685911997,way,43.3014007,5.5024867,Clinique des Quatre Saisons,hospital,Ramsay Santé,,,,,
686438134,way,43.3457497,3.2274483,Clinique Champeau Méditerranée,hospital,Champeau,,,+33 4 67 09 19 20,https://clinique-champeau.fr,Béziers
686456836,way,43.6079217,3.1507576,Polyclinique des Trois Vallées,hospital,Groupe Cap Santé,yes,,+33 4 67 95 56 56,https://www.p3v.fr,
686690991,way,44.0118021,1.3631044,Clinique Cave,hospital,,no,,,,Montauban
686698759,way,48.548163,-2.7882703,Hôpital Privé des Côtes d'Armor,hospital,,,,,,
686838033,way,47.2250189,5.9616619,Centre hospitalier régional universitaire Jean Minjoz,hospital,,yes,,+33 3 81 66 81 66,https://www.chu-besancon.fr/,
686894130,way,49.3533665,2.4954108,Hôpital Paul Doumer,hospital,Aphp,,,,https://www.aphp.fr/contenu/hopital-paul-doumer-2,
687868554,way,46.1105168,4.7479001,Centre hospitalier de Belleville,hospital,,,,,,
687870363,way,46.0430551,4.4775832,Hôpital Nord-Ouest Grandris Haute Azergues,hospital,,,,+33474030258,http://www.hopitalgrandrisletra.fr,Grandris
687873426,way,45.6790564,5.4626385,Centre hospitalier intercommunal de Morestel,hospital,,,,,,
688036498,way,42.6814618,9.4273076,Centre hospitalier de Bastia,hospital,,yes,,+33 4 95 59 11 11,https://www.ch-bastia.fr/,
688565232,way,-22.2692544,166.4084559,Clinique Kuindo-Magnin,hospital,,,,,,
688651370,way,43.6196592,6.9305256,Centre hospitalier de Grasse - Site Clavary,hospital,Centre hospitalier de Grasse,yes,,+33 4 93 09 55 55,http://www.ch-grasse.fr/,
688908417,way,43.8553797,4.3830903,Clinique Les Sophoras,hospital,,no,,+33 4 66 62 79 00,http://www.clinique-sophoras.com,Nîmes
688942640,way,43.9927871,3.6078718,Maison de santé du Jardin des Orantes,clinic,,,,+33 4 67 85 66 55,,Le Vigan
688997694,way,-21.0570014,55.7105863,Fondation Père Favron,hospital,,,,,,
688999386,way,-21.0574755,55.7114553,AURAR,clinic,,,,,,
690160597,way,48.7023655,6.2174035,Clinique Pasteur,hospital,,,,+33 3 83 18 83 83,http://www.clinique-louispasteur.com/,
690946273,way,14.6183835,-61.0840585,Clinique Sainte-Marie,hospital,Groupe Kapa Santé,,,,,
692859755,way,43.4348018,5.4281415,Centre médical - Les Genêts,clinic,,,,+33491499020,,
694325081,way,46.9038812,6.3705281,Unité de psychiatrie Le Grandvallier,hospital,,,,+33 3 81 38 64 43,,
695867290,way,44.0132291,2.9644823,Centre Médical,clinic,,,,+33 5 65 62 32 09,,
695920384,way,45.8417365,1.4831888,Hôpital,hospital,,,,,,
695958790,way,47.2424256,6.0224605,Centre de Long Séjour Bellevaux,hospital,,,,,https://www.clsbellevaux.com/,Besançon
696685851,way,43.6235384,-1.2629464,,clinic,,,,,,
699071105,way,44.0469431,5.027142,Centre hospitalier de Carpentras,hospital,,yes,,+33 4 32 85 88 88,https://www.ch-carpentras.fr/,
699121417,way,43.4127492,5.0387835,Centre hospitalier de Martigues,hospital,,yes,,+33 4 42 43 22 22,http://www.ch-martigues.fr/,
699215560,way,43.5081365,4.9921704,Clinique de l'Étang de l'Olivier,hospital,Almaviva Santé,yes,,+33 4 42 47 60 00,https://www.clinique-etang-olivier.fr/fr/,
699224267,way,43.403525,6.0665875,Centre hospitalier de Brignoles,hospital,,yes,,+33 4 94 72 66 00,https://www.ch-brignoles.fr/,
699244991,way,43.2499377,6.5717897,Clinique du Golfe Gasso-Saint-Tropez,hospital,,,,,https://www.clinique-golfe-saint-tropez.fr/,Gassin
699268136,way,43.7030936,7.2519661,Clinique du Parc Impérial,clinic,Almaviva Santé,yes,,,,
699273839,way,43.7332043,7.2779113,Polyclinique Saint-George,hospital,Kantys,yes,,+33 4 93 81 71 50,https://www.clinique-saint-george.com/,
699785455,way,43.6965713,7.2265644,Hôpital de l'Archet,hospital,CHU de Nice,,,+33 4 92 03 77 77,https://www.chu-nice.fr/nos-hopitaux/hopital-larchet,
699785921,way,43.6494555,6.9151003,CH de Grasse - Site du Petit Paris,hospital,Centre Hospitalier de Grasse,,,+33493095345,http://www.ch-grasse.fr/,
700191318,way,44.034765,1.3141756,Centre médico-psychologique Capou,hospital,Centre hospitalier de Montauban,,,,,Montauban
700277611,way,44.0424311,5.6310782,Hôpital Dieudonné Collomp,hospital,,no,,+33 4 92 73 21 00,http://www.hopital-banon.fr/,
700485929,way,41.5986994,9.2769934,Clinique de l'Ospedale,hospital,,yes,,+33 4 95 73 80 00,https://www.cliniqueospedale.com/,
700531858,way,14.736642,-60.9649505,Hôpital Louis Domergue,hospital,CHU de Martinique,yes,,+33 5 96 66 46 00,https://www.chu-martinique.fr/,
700537089,way,14.6327594,-61.0385102,CHU de Martinique,hospital,CHU de Martinique,yes,,+596 596 55 20 00,https://www.chu-martinique.fr/,
700539099,way,14.6325592,-60.9890919,Hôpital Mangot Vulcin,hospital,CHU de Martinique,,,+596 596 48 88 00,,
700545566,way,-17.732678,-149.3044335,Hôpital de Taravao,hospital,Pays,yes,,,,
700548344,way,16.240913,-61.5867999,Clinique Les Eaux Claires,hospital,Groupe Kapa Santé,yes,,+590590976262,https://www.clinique-eauxclaires.fr,
700655045,way,43.3135774,5.467893,Clinique de soins de suite La Salette,clinic,,,,,,
700875505,way,46.7221341,-2.3526285,Hôpital local Dumonté,hospital,,,,+33 2 51 26 08 00,,
701450236,way,47.5364048,-0.1052753,Hôpital Intercommunal Baugeois la Vallée,hospital,,,,,https://www.esbv.fr/,
701598549,way,43.4482168,5.4361466,Clinique de la Chênaie,clinic,,,,,,
701626046,way,46.3887609,-0.419743,Maison de santé,clinic,,,,,,Échiré
701710733,way,43.7296958,0.8749704,Centre Hospitalier de Mauvezin,hospital,,no,,+33 5 62 58 32 00,http://hopital-mauvezin.fr/,
702147381,way,48.814525,3.082591,Centre hospitalier de Coulommiers,hospital,Grand Hôpital de l’Est Francilien,no,,+33 1 64 77 64 77,https://www.ghef.fr/,
702183406,way,43.3081758,5.5451606,Clinique Saint-Michel,clinic,,,,,,
702243501,way,46.1340706,6.4114894,Hôpital départemental Dufresne Sommeiller,hospital,,,,+33 4 50 35 30 30,https://hopital-dufresne-sommeiller.fr/,
702648810,way,44.0135675,7.3029715,Centre Jean Chanton,hospital,,,,,,
704027070,way,45.6237836,0.1206754,Centre hospitalier Camille Claudel,hospital,,,,,,
704796058,way,48.5722244,7.7927723,Maison Médicale des Deux Rives,clinic,,,,,,
705215283,way,44.3447307,2.5559421,Unité Médico-Psychologique pour Jeunes Enfants (UMPJE),hospital,CH Rodez,,,,https://www.ch-rodez.fr/usagers/espace-enfant/pedopsychiatrie-367.html,
705655748,way,44.0709344,6.2103384,Centre médical Le Cousson,clinic,,,,,,
706625114,way,43.1227157,5.9536605,Clinique Saint-Michel,clinic,,,,+33826301818,,
708058477,way,47.1454975,-0.5418639,Centre hospitalier intercommunal Lys Hyrôme,hospital,,,,+33 2 41 75 80 36,,
708481868,way,44.0901468,7.5944525,Hôpital de Tende,hospital,,,,+33493035000,,
708599413,way,49.542157,0.953811,Centre hospitalier de l’Austreberthe,hospital,,no,,+33 2 35 92 82 82,http://www.chbarentin.fr,Barentin
708827242,way,49.2340492,2.8882809,Hôpital local de Crépy-en-Valois,hospital,,,,+33 3 44 59 11 19,https://www.hopital-crepyenvalois.fr/maisons-de-retraite/,
709004675,way,43.7175314,7.1211519,Clinique médicale et pédagogique Les cadrans solaires,clinic,,,,+33493245500,,
709175353,way,43.4650859,5.3967899,Clinique La Lauranne,clinic,,,,,,
709175354,way,43.4639748,5.3983199,Clinique Saint-Christophe,hospital,,,,+33 8 26 39 03 26,,
710315294,way,47.6796077,-2.775448,Clinique Océane,hospital,,no,,,,
710759014,way,48.6851137,-1.3530157,Centre hospitalier de l’Estran,hospital,Centre hospitalier de l’Estran,,,+33 2 33 60 72 00,https://www.ch-estran.fr/,
710887191,way,43.9470798,4.8421047,,clinic,,,,,,
711868876,way,47.957959,-2.5479063,Centre hospitalier de Josselin,hospital,,,,+33 2 97 73 13 13,,
713872325,way,-17.5377244,-149.5592637,Centre d'hygiène dentaire,clinic,,,,,,
713872326,way,-17.5373704,-149.5594472,Centre d'hygiène dentaire,clinic,,,,,,
714065820,way,44.3122982,0.0779468,Hôpital de Casteljaloux,hospital,,,,+33 5 53 20 34 50,,
714075774,way,49.1302623,6.138182,Hôpital Félix Maréchal,hospital,Centre hospitalier régional Metz-Thionville,,,+33 3 87 55 78 00,,
714395432,way,48.7952702,2.3483503,Gustave Roussy,hospital,,no,,+33 1 42 11 42 11,https://www.gustaveroussy.fr/,Villejuif
715538904,way,47.1385622,6.4346264,Infirmières,clinic,,,,,,Avoudrey
716474970,way,49.3475394,2.9857674,Clinique Eugénie,hospital,,,,,,
717653590,way,48.7938147,2.1395342,Clinique des Franciscaines,hospital,Ramsay Santé,yes,,+33 1 30 97 33 33,https://hopital-prive-de-versailles.ramsaygds.fr/,
718032771,way,50.3587184,3.0583999,Clinique Saint-Amé,hospital,Ramsay Santé,yes,,+33 3 74 82 17 17,https://clinique-saint-ame-douai.ramsaygds.fr/,
719931610,way,50.4783377,2.5511718,Clinique de Bruay-la-Buissière,hospital,Hôpitaux Privés du Littoral,yes,,,,
720290621,way,45.542619,2.3086008,Maison de santé Usseloise,clinic,,,,,,
720868156,way,43.8357168,4.3418125,Institut Médico-Educatif,hospital,Croix Rouge,,,,https://pourvous.croix-rouge.fr/service-de-psychiatrie-infanto-juvenile-montaury,
721781694,way,-22.2657019,166.4464211,,hospital,,,,,,
722926903,way,50.7319847,3.1148038,,clinic,,,,,,
723603994,way,45.2388334,5.6630301,Centre de Santé Dentaire Vertuo,clinic,Vertuo Santé (Dentalley),,,+33 4 58 00 84 24,,Saint-Égrève
724343674,way,49.3057852,3.6778799,Centre hospitalier de Fismes,hospital,,,,+33 3 26 48 95 95,,Fismes
724348451,way,48.9526254,4.3285813,Centre Rééducation Moteur Cérébral,hospital,,no,,,,Fagnières
724442326,way,48.7602292,5.5883034,Centre hospitalier de Commercy,hospital,,limited,,+33 3 29 91 63 00,https://hopital-commercy.fr/,Commercy
724531699,way,47.2889682,6.130629,,clinic,,,,,,
724744734,way,49.2306807,4.0172684,American Memorial Hospital,hospital,CHU de Reims,,,,,
727216766,way,47.2525673,-1.476175,,clinic,,,,,,
727510577,way,43.3131437,5.4691852,Clinique psychiatrique des Trois-Lucs,clinic,,,,,,
728305881,way,45.752331,3.0739544,Clinique de la Châtaigneraie,hospital,,,,,,
729963193,way,49.601483,-1.604685,Fondation Bon Sauveur,hospital,Fondation Bon Sauveur,,,+33 2 33 88 70 46,https://www.fbs50.fr/psychiatrie-adulte/,Cherbourg-en-Cotentin
730016781,way,46.3136962,3.2854016,Maison de santé pluriprofessionnelle,clinic,,,,,,
730203310,way,48.7226588,3.7292442,Centre Hospitalier de Sézanne,hospital,Groupement Hospitalier Aube-Marne,,,+33 3 26 81 79 79,https://www.gham.fr/,Sézanne
730928508,way,-17.5385859,-149.5529534,Hôpital de Jour SSRP ORA ORA,hospital,,no,,+689 40 50 48 56,,Pirae
730928847,way,-17.5410526,-149.5504528,Fare Croix Rouge,clinic,,,,,,
731794127,way,47.3331801,2.8387361,Hôpital local de Sancerre,hospital,,,,+33 2 48 78 52 00,,
731913098,way,48.5724804,-2.8142884,Pôle médical du littoral,clinic,,,,,,
732973916,way,49.6363671,-1.655894,Polyclinique du Cotentin,hospital,,,,,,
733439085,way,-17.5524608,-149.5999365,Dispensaire de Faaa,clinic,,,,,,
734682593,way,-17.534086,-149.5579637,Foyer de personnes âgées,clinic,,,,,,
734683487,way,-17.5379256,-149.5590809,Centre d'hygiène dentaire,clinic,,,,,,
734755992,way,48.0905762,7.3364053,Centre de Réadaptation Colmar,hospital,Groupe UGECAM,,,,,Colmar
735095118,way,48.1949388,-4.0906867,Clinique Kerfriden,clinic,,,,,,
735270083,way,46.6459354,-0.7403017,Hôpital des Collines Vendéennes,hospital,,,,,,
736381888,way,-23.3483019,-149.4872415,,hospital,,,,,,
736952022,way,48.4870752,7.21596,Centre de Réadaptation fonctionnelle de Schirmeck,hospital,,,,,,Schirmeck
737593286,way,50.4046022,3.2902754,Clinique Saint-Roch,clinic,,,,+33327995757,http://www.geriatrie-marchiennes.fr/,
737651555,way,48.6470159,-3.7093314,Centre hospitalier de Lanmeur,hospital,,,,+33 2 98 78 84 84,,Lanmeur
737703472,way,47.2082886,-0.7251882,Hôpital Local,hospital,,,,,,Chemillé
737814340,way,48.0579236,-0.7879942,Polyclinique du Maine,hospital,,,,,,
737878761,way,47.1920715,5.3852909,Hopital d'Auxonne,hospital,,,,,,
738046238,way,49.3490102,0.8146365,Hôpital Pierre Hurabielle,hospital,,,,,,
738632300,way,43.3620255,-1.3945257,Toki Eder,hospital,,,,,,
739093185,way,-22.6459812,-152.7920745,,clinic,,,,,,
739702592,way,-17.5359441,-149.5469474,Centre de la mère et de l'enfant,clinic,Pays,,,,,
739704034,way,-17.5287809,-149.5469022,Hôpital du Taaone,hospital,Centre hospitalier de la Polynésie française,yes,,,https://www.chpf.pf/,
739707629,way,49.867858,2.2758419,clinique du Campus,hospital,,,,,,
740566959,way,-17.6241054,-149.6108444,Dispensaire Punavai Plaine,clinic,,,,,,
740578957,way,-17.5086494,-149.4804857,,clinic,Pays,,,,,
740582454,way,-15.3627373,-146.6205559,Infirmerie,clinic,,,,,,
742353191,way,48.0076482,-2.0889627,Maison de santé,clinic,,,,,,
742353193,way,48.0079299,-2.0895675,Centre Médical,clinic,,,,,https://www.doctolib.fr/cabinet-medical/plelan-le-grand/cabinet-de-generalistes-de-plelan-le-grand-plelan-le-grand,
743069365,way,47.1876235,0.2938709,Centre hospitalier du Chinonais,hospital,,yes,,+33 2 47 93 75 15,https://www.ch-chinon.fr/,
744214484,way,46.0976833,4.3177621,Centre hospitalier du Beaujolais Vert,hospital,,,,,,
745000054,way,49.2524316,2.4844678,Maison de Santé Pluriprofessionnelle Marie Curie,clinic,Mairie de Creil,,,+33 3 65 65 72 53,https://www.creil.fr/maison-sante-pluriprofessionnelle,Creil
745150376,way,45.7678171,4.9803727,,hospital,,,,,,
746142737,way,48.016801,-4.0734838,Pôle santé de Kerlic,hospital,,,,,,
746388600,way,45.9541791,1.7500589,Centre hospitalier Bernard des Plas,hospital,,,,+335 55 54 50 00,https://www.hopital-bourganeuf.fr/,
746586940,way,50.4195624,2.8920584,Cabinet Paramédical,clinic,,,,+33826207800,,
746623094,way,43.6111332,1.5277011,Clinique d’Aufréry,hospital,,,,,https://www.clinique-aufrery.com/,
747062582,way,44.0354352,1.111602,Centre hospitalier intercommunal Castelsarrasin-Moissac,hospital,,no,,,,
748890833,way,-14.7060729,-145.2497427,Infirmerie,clinic,,,,,,
748890867,way,-14.7059677,-145.2498751,infirmerie,clinic,,,,,,
749181513,way,48.634676,4.9566355,Hôpital André Breton - CH Haute Marne,hospital,,,,,,
749701034,way,45.2449953,0.3400174,Hôpital de Ribérac,hospital,,,,,https://www.chicrdd.fr/,
752331094,way,46.1806749,6.2509124,CMP Enfants Vetraz Monthoux,hospital,Etablissement Public de Santé Mentale de la Vallée de l'Arve,,,,https://www.ch-epsm74.org/psyinfanto.html#V%C3%A9traz,Vétraz-Monthoux
753716377,way,43.3137824,3.1462044,Clinique Jean Causse,hospital,,,,+33 4 67 35 63 21,,
754466865,way,-17.6897347,-149.5848758,,clinic,,,,,,
754468004,way,-17.7195345,-149.5803264,IIME Tearama,clinic,Pays,,,,,
754469401,way,-17.7193034,-149.5803296,IIME Tearama,clinic,Pays,,,,,
754499041,way,-17.5126938,-149.4245454,Dispensaire de Papenoo,clinic,Pays,,,,,
754500152,way,-17.6010766,-149.3043216,Dispensaire de Hitiaa,clinic,,,,,,
754502208,way,-17.5441043,-149.3418889,Dispensaire de Tiarei,clinic,Pays,,,,,
754517270,way,-17.7599376,-149.3167021,,hospital,,,,,,
754791236,way,-17.7326131,-149.3041031,Fare Matahiapo,clinic,Pays,,,,,
754791827,way,-17.7321503,-149.3035314,Fare Matahiapo,clinic,Pays,,,,,
754792401,way,-17.7323152,-149.3039556,Fare Matahiapo,clinic,Pays,,,,,
754793783,way,-17.7322662,-149.3033275,Fare Matahiapo,clinic,Pays,,,,,
754794612,way,-17.7326706,-149.3036925,IIME Tamaru Arii,clinic,Pays,,,,,
754794937,way,-17.732496,-149.3039378,Fare Matahiapo,clinic,Pays,,,,,
754937886,way,49.065499,2.6769992,,clinic,,,,,,
755684919,way,47.8678919,-3.5548445,,clinic,,,,,,
756376609,way,49.1437574,2.31065,Groupe hospitalier Carnelle Porte de l'Oise - Site Les Oliviers,hospital,,,,,,
757682230,way,45.0676105,4.3048529,Clinique Le Haut Lignon,clinic,Inicea,,,,,Le Chambon-sur-Lignon
758250023,way,50.9425382,1.8955279,Clinique du Virval,hospital,,,,,,
758898029,way,49.0472676,2.2966208,Clinique FSEF Bouffémont,hospital,,,,+33 1 39 35 35 35,https://www.fsef.net/index.php/etablissements/clinique-fsef-bouffemont/presentation-clinique-fsef-bouffemont,Bouffémont
758962481,way,4.9153147,-52.322794,Hopital Privé Saint-Paul,hospital,Guyane Santé,,,+594 594 39 03 00,http://www.hopital-prive-saint-paul.com/,Cayenne
759473078,way,49.0335691,2.34401,Clinique de Domont,hospital,Capio,,,,,Domont
759919744,way,47.7943363,-1.0655629,Hôpital local sud-ouest mayennais - Site de Renazé,hospital,Hôpital local sud-ouest mayennais,,,+33 2 43 09 27 00,,
761347027,way,50.9413952,1.8961653,Clinique des Oyats,hospital,,,,,,
762612238,way,49.0816113,2.0355133,Pôle médical et dentaire de la Croisette,clinic,,,,,,
764543005,way,43.6751549,4.1314487,Centre hospitalier universitaire Montpellier - Service mobile d'urgence et de réanimation - Antenne centre hospitalier Lunel,hospital,,,,+33467877100,,Lunel
764543006,way,43.6748013,4.1282748,Centre de Long Séjour Brunel,hospital,,,,,,Lunel
766178173,way,48.8153724,2.4880882,Clinique de Champigny,clinic,,,,+33826301001,,
766413544,way,44.8532097,0.5022544,Pôle d'Hospitalisation Psychiatrique,hospital,,,,,,
767313235,way,43.3523864,5.3840853,Clinique Saint-Barnabé,clinic,,,,,,
767384762,way,48.836282,2.4148249,Jeanne d’Arc Hôpital Privé Parisien | Inicea,clinic,,,,+33 149572600,https://www.inicea.fr/sante-mentale/jeanne-darc-hopital-prive-parisien-val-de-marne-94160,
767499865,way,48.8113659,2.5168359,Hôpital privé Paul d'Égine,hospital,Ramsay Santé,yes,,+33 1 86 86 66 00,https://hopital-prive-paul-d-egine-champigny-sur-marne.ramsaygds.fr/,
767540206,way,48.1235738,-1.6376924,Centre médical et pédagogique de Rennes Beaulieu,hospital,,,,+33 2 99 25 19 19,https://www.fsef.net/index.php/etablissements/centre-rennes-beaulieu/presentation-centre-rennes-beaulieu,
768606444,way,47.2520261,3.6807274,Maison de Santé du Pays Corbigeois,clinic,,,,,,
769773554,way,-49.3499173,70.2184482,Samuker,hospital,,,,,,Port-aux-Français
770010548,way,43.7062279,-1.0510499,Hôpital Thermal,hospital,Centre Hospitalier de Dax-Côte d'Argent,no,,+33 5 58 91 48 11,,
771471837,way,48.8425446,-1.2221378,Hôpital Les Poêles,hospital,,,,,,
771471838,way,45.527964,0.6660818,Hôpital de Nontron,hospital,,,,,,
771471839,way,46.7371056,5.9105485,Centre hospitalier de Champagnole,hospital,GHT Hôpitaux du Jura,yes,,+33 3 84 53 02 02,https://hopitaux-jura.fr/ch-champagnole/,Champagnole
771599635,way,47.8306791,6.0920733,Centre Hospitalier Spécialisé de Saint-Rémy & Nord Franche-Comté,hospital,AHBFC,,,,,
771599658,way,47.8383441,6.0916025,Unité de Soins Longue Durée La Chênaie,hospital,,,,,,
771599659,way,47.8376902,6.0890591,Annexe du breuil,clinic,,,,,,
772855781,way,44.5687169,6.0703875,Polyclinique des Alpes du Sud,hospital,,,,+33 4 92 40 15 15,http://www.clinalpsud.fr/fr/,
772895260,way,45.0080619,4.3997602,Hôpital de Moze Saint-Agrève,hospital,association du Moze,no,,,,
772933586,way,42.8814321,2.1846892,Centre Hospitalier de Quillan,hospital,Centre Hospitalier de Limoux-Quillan,yes,,+33468208500,https://www.hopital-limoux-quillan.fr/,Quillan
772934661,way,43.2151068,2.5136765,Clinique de Miremont,hospital,,,,,,Badens
773115778,way,43.572528,5.3627477,Clinique Provence Azur,hospital,,,,+33 4 42 28 28 28,,
773573368,way,49.1460134,0.2581465,Polyclinique,hospital,,,,,,
773581006,way,49.1925251,-0.3261789,SSR Betharram,hospital,Fondation de la Miséricorde,,,+33 2 31 46 85 85,,Hérouville-Saint-Clair
773791157,way,49.2059176,-0.3551903,Centre Hospitalier Universitaire Côte de Nacre,hospital,,yes,,+33 2 31 06 31 06,https://www.chu-caen.fr/,
773815608,way,45.6365159,0.2030457,Centre Clinical,hospital,,,,,,
775721717,way,48.5507344,-1.5173097,Centre hospitalier de l'Estran,hospital,,,,,,
776264965,way,50.7242529,1.6433428,Clinique de la Côte d'Opale,hospital,,,,,,
776479289,way,46.8305888,0.5573503,Centre hospitalier Henri laborit,hospital,,,,,,
776487215,way,49.3001637,0.658379,,clinic,,,,,,
777159181,way,46.553135,0.3931416,Centre hospitalier Henri Laborit,hospital,Centre hospitalier Henri Laborit,yes,,,https://ch-laborit.fr/,
777763834,way,-15.9811818,-140.1666835,,clinic,,,,,,
777971719,way,47.876801,6.7687985,Hôpital du Thillot,hospital,Centre hospitalier de la Haute Vallée de la Moselle,,,+33 3 29 25 00 79,,
777989714,way,48.2953125,-0.9218162,Hôpital local d'Ernée,hospital,Centre hospitalier du Nord-Mayenne,,,,https://www.ch-mayenne.fr/,
777989718,way,44.9888951,4.5797024,Hôpital Elisée Charra Lamastre,hospital,,,,+33 4 75 06 15 15,http://www.hopital-lamastre.fr/,
777989719,way,44.3255212,3.597535,Centre hospitalier de Florac,hospital,Hôpital Lozère,,,+33 4 66 49 63 00,http://www.ch-florac.org/,
778011273,way,43.4121349,1.7335594,Clinique Monié,clinic,,,,+33 5 62 71 77 77,,
779603456,way,48.4758135,-2.73241,Clinique de la Cerisaie,hospital,,,,+33 2 96 71 31 00,http://www.cliniquelacerisaie.com/,
782257311,way,46.7926127,1.7053706,Centre de soins de suite et de réadaptation,hospital,Centre hospitalier Châteauroux - Le Blanc,,,,https://www.ch-chateauroux-leblanc.fr/offresoinsch/27/le-centre-de-soins-de-suite-et-de-readaptation-c-s-s-r-,
782668290,way,43.3666125,3.248721,Clinique Pech du Soleil,hospital,,,,,,Boujan-sur-Libron
782668311,way,43.3659486,3.2473491,Clinique Le Val d'Orb,hospital,,,,+33467496749,,Boujan-sur-Libron
782764453,way,46.0279874,0.1957332,Centre hospitalier de Ruffec,hospital,,yes,,+33 5 45 29 50 00,,
782764454,way,43.7603144,0.2968836,Centre Hospitalier de Vic-Fezensac,hospital,,,,+33 5 62 64 49 00,,
782811606,way,49.2182842,4.0019162,Polyclinique de Reims Bezannes,hospital,Courlancy Santé,yes,,+33 3 52 15 16 17,https://www.courlancy-sante.com/reims-bezannes,
782818079,way,49.0527574,3.4122575,Centre hospitalier de Château-Thierry,hospital,,yes,,+33 3 23 69 66 00,http://www.ch-chateau-thierry.fr,
783103753,way,48.8428379,2.2048698,Clinique du Val d'Or,hospital,Vivalto Santé,no,,+33 1 47 11 77 11,https://cliniquevaldor.vivalto-sante.com/,Saint-Cloud
783827208,way,44.8257198,-0.5300068,Polyclinique de Bordeaux Tondu,hospital,NOUVELLE CLINIQUE BORDEAUX TONDU (NCBT) SAS,,,+33 5 56 00 26 26,https://bordeauxtondu.fr,Floirac
784206168,way,45.3408611,5.0607602,Centre hospitalier de Luzy-Dufeillant,hospital,,,,,,
784208873,way,45.3469163,5.6579134,Centre de pneumologie Henri Bazire,hospital,,,,+33 4 76 56 32 32,,
784330006,way,49.0195346,1.1139402,Nouvel Hôpital de Navarre,hospital,,,,,https://www.chs-navarre.fr,Évreux
784427080,way,43.2482193,6.5379274,Clinique Le Golfe,clinic,Inicea,,,,https://www.inicea.fr/sante-mentale/clinique-le-golfe-var-83310,
784546637,way,47.5913283,2.0288005,Institut Médical de Sologne,hospital,,,,,,
785320238,way,49.2412116,4.0117223,Institut Michel Fandre,hospital,,,,,,
785344971,way,47.2018802,-0.982121,Hôpital Saint-Martin,hospital,,,,,,
785803452,way,47.7993682,-3.3035324,Eudo de Kerlivio - Centre de Réadaptation et de Gériatrie,hospital,,,,,,
785845687,way,48.9916053,2.4496969,Centre Hospitalier de Gonesse,hospital,,yes,,+33 1 34 53 21 21,https://www.hopital-de-gonesse.fr/,Gonesse
785854658,way,49.2507583,6.0455737,Hôpital Saint-Maurice,hospital,,,,,,
785861444,way,49.0832214,6.2405267,Hôpital de Mercy - CHR Metz-Thionville,hospital,Centre hospitalier régional de Metz-Thionville,yes,,+33 3 87 55 31 31,https://www.chr-metz-thionville.fr/le-chr-nos-etablissements/hopital-de-mercy,
786003548,way,50.0284712,4.0147184,Polyclinique de la Thiérache,hospital,,,,,,
786128428,way,51.0041148,2.3850793,Clinique de Flandre,hospital,,,,+33328281010,,
786204695,way,50.5496482,3.0161277,Clinique Psychiatrique du Secteur de Seclin,hospital,,,,,https://www.ghtpsy-npdc.fr/structure/epsm-lm/clinique-de-seclin,
786569114,way,16.2931225,-61.2905545,cabinet médical,hospital,médecin généraliste,yes,,,,St-Francois
787456749,way,47.8678644,7.3500419,Hôpital intercommunal Ensisheim Neuf-Brisach,hospital,,,,,,
787481692,way,48.6004476,7.7500196,Centre Médico-Chirurgical et Obstétrical,hospital,,,,+33388628300,,Schiltigheim
787516672,way,48.043586,7.1317441,Hôpital local de Munster,hospital,,,,,,Munster
787519495,way,48.5764092,7.7510095,Centre Paul Strauss,hospital,,,,,https://www.centre-paul-strauss.fr/,Strasbourg
787791853,way,47.9970669,2.7726893,Centre hospitalier de l'agglomération montargoise,hospital,,yes,,+33 2 38 95 91 11,https://www.ch-montargis.fr/accueil/,
788251486,way,49.2058734,-1.5059333,Centre Médical du Circuit de Lessay,clinic,,,,,,
788424135,way,48.5162246,3.716725,,hospital,,,,,,
788492908,way,49.3496786,6.1986219,Clinique Sainte-Elizabeth,hospital,,,,,https://www.ste-elisabeth.fr/,Yutz
788542535,way,48.3009569,-0.6244498,Pôle santé de Mayenne,clinic,,,,,,
788653034,way,48.68651,6.196233,Institut Régional de Médecine Physique et de Réadaptation,hospital,Ugecam Nord-Est,no,,+33 3 83 52 97 00,,
788761448,way,48.2064146,6.7235094,Centre Hospitalier de l’Avison,hospital,,,,,,
788765169,way,47.8878836,6.8584607,Hôpital local de Bussang,hospital,,,,,,Bussang
788770193,way,48.0726757,6.8775381,Centre Hospitalier de Gérardmer,hospital,,,,,,Gérardmer
788779736,way,49.0459087,7.4220063,Hôpital Saint-Joseph,hospital,,yes,,+33387987600,,Bitche
788789253,way,48.7855839,5.1658829,Centre Hospitalier de Bar-le-Duc,hospital,,,,,,
788792011,way,48.1690863,6.4520994,Maison de Santé St Jean,hospital,Centre Hospitalier Emile Durkheim,no,,,,Épinal
788807360,way,48.2851464,4.0577309,,hospital,,,,,,Saint-André-les-Vergers
788811573,way,48.7649646,6.1193856,Centre Hospitalier de Pompey-Lay-Saint-Christophe,hospital,,,,,,
788815305,way,49.1838638,6.4995298,"Centre hospitalier de Boulay ""Le Secq de Crépy""",hospital,,,,+33387794000,https://etablissements.fhf.fr/annuaire/structure/structure6103,Boulay-Moselle
788818006,way,48.8254194,6.5071182,Hôpital de Château Salins,hospital,Hospitalor,no,,,https://www.groupe-sos.org/structures/1105/EHPAD_de_Chateau_Salins,Château-Salins
788825225,way,49.0979487,6.7055077,Centre hospitalier Lemire,hospital,,,,,https://www.unisante.fr/centre-hospitalier-lemire-de-st-avold.html,Saint-Avold
788830763,way,48.1995804,6.4632251,Clinique La Ligne Bleue,hospital,,,,+33 3 29 68 60 60,https://louispasteursante.com/la-ligne-bleue,Épinal
788832647,way,49.1823108,6.9129061,Centre Hospitalier Marie-Madeleine,hospital,,,,+33387888000,,Forbach
788852400,way,48.1012869,7.2322774,Centre médical MGEN,hospital,,,,,,Trois-Epis
788856370,way,47.9159277,7.1952314,Clinique Solisana,hospital,Inicea,,,,https://www.inicea.fr/sante-mentale/clinique-solisana-haut-rhin-68500,Haut-Rhin
788862225,way,48.8187638,7.7925561,Clinique Sainte-Odile,hospital,,,,,,Haguenau
788885571,way,48.5881667,7.7647546,Clinique de l'Orangerie,hospital,,,,,,Strasbourg
788909370,way,48.9068484,7.7472082,Centre de rééducation et de réadaptation d’Alsace du Nord (CERRAN),hospital,,,,,,Morsbronn-les-Bains
789160401,way,48.6333486,6.3007737,Centre Hospitalier de Saint-Nicolas-de-Port,hospital,,,,,http://www.ghemm.fr/ghemm/#SNDP,
789833047,way,49.3790229,1.1038042,Hôpital de jour pour enfants Bleu soleil,hospital,,,,,,
790732860,way,43.9228234,4.7999747,Institut Sainte Catherine,hospital,,,,+33 4 90 27 61 61,https://www.institut-sainte-catherine.org/,
790737331,way,46.5635171,0.368942,Clinique Saint-Charles,hospital,,,,,,
790744978,way,49.4644646,1.1157289,Clinique de Soins de Suite de Bois-Guillaume,hospital,Clinéa,,,+33826282811,https://www.clinea.fr/clinique-de-soins-de-suite-bois-guillaume-76,
790804759,way,48.3563051,2.1276314,Clinique La Marette,hospital,Inicea,,,,https://www.inicea.fr/smr/clinique-la-marette-essonne-91690,
791112597,way,46.1361574,-1.1040388,Centre médico-psychologique Le Belem,clinic,,,,,,Aytré
791635589,way,48.3150849,6.3925826,Centre Hospitalier Local Les 3 Rivières,hospital,,,,+33 3 29 67 90 38,http://www.chl-les3rivieres.fr/,
791749911,way,48.5256407,2.5735861,Clinique des Trois Soleils,clinic,,,,,,
792268327,way,43.2445792,6.531941,Hôpital de Jour de Psychatrie Infanto-Juvénile,hospital,,,,,,
792637437,way,45.0517604,5.0590115,Émile Zola,hospital,,,,,,
793200242,way,47.6096034,6.1572436,Centre de Rééducation Fonctionnelle de Navenne,clinic,,,,+33 3 84 96 25 00,https://www.emeis-cliniques.fr/centre-de-reeducation-fonctionnelle-de-navenne-vesoul-70,
793224232,way,48.6629093,2.3083621,Maison d'accueil spécialisée Les Jours Heureux,hospital,Association Les Jours Heureux,,,,https://www.lesjoursheureux.asso.fr/etablissement/maison-daccueil-specialisee-epinay-orge/,Épinay-sur-Orge
793224234,way,48.655663,2.3129533,Centre hospitalier Barthélémy Durand,hospital,Centre hospitalier Barthélémy Durand,,,,,Sainte-Geneviève-des-Bois
794444425,way,43.8755551,1.0106052,Clinique de réadaptation « Midi-Gascogne »,hospital,,no,,,,Beaumont-de-Lomagne
795696918,way,48.7131454,2.4594357,Clinique de l'Isle,hospital,,,,,https://www.clinea.fr/clinique-de-lisle-le-moulin-crosne-91/https://www.clinea.fr/clinique-de-lisle-le-moulin-crosne-91/,
796999266,way,49.2171936,2.5978011,PO2 Centre de la Rétine,clinic,,,,,,
796999267,way,49.2169675,2.5978314,POS - Pôle de santé,clinic,,,,,,Chamant
797010745,way,43.6009809,3.9132311,Clinique Plein Soleil,hospital,Oc santé,,,,,
798356344,way,48.5702246,3.9676002,Maison médicale,clinic,,,,,,
798513817,way,46.5922274,1.5252217,Maison de Santé Simone Veil,clinic,,,,,,
798633176,way,47.5204083,-2.2923902,Centre hospitalier de Basse Vilaine,hospital,,,,,,
798808168,way,45.5805407,4.6412974,Centre médical Germaine Revel,clinic,,,,+33478815757,https://www.cmgr.fr/,Saint-Maurice-sur-Dargoire
798818024,way,48.5890194,6.5033245,Clinique Jeanne d'arc,hospital,Louis Pasteur Santé,,,+33 3 83 76 36 36,http://www.cja-luneville.fr/,
798891403,way,48.1376398,-1.951999,Centre hospitalier de Montfort,hospital,,no,,,,Montfort-sur-Meu
799097267,way,43.190223,2.7534325,Clinique Les Oliviers,hospital,,,,,,
799330626,way,49.2949187,2.6075557,Hopital Georges Decroze,hospital,,no,,,,
799595333,way,45.3634675,5.5880836,Clinique de Chartreuse,hospital,,,,+33476672222,https://www.cliniquedechartreuse.com/,Voiron
801867805,way,48.4987912,4.9515994,Hôpital Saint-Charles,hospital,,,,,,
801873006,way,44.9344215,4.882426,Clinique Pasteur,hospital,,yes,,+33 8 26 30 07 26,https://hopital-prive-drome-ardeche-valence-guilherand-granges.ramsaygds.fr/,
801876315,way,48.4762623,4.7746968,Centre hospitalier de Montier-en-Der,hospital,,no,,+33 3 25 04 22 20,,
801911332,way,44.9358029,4.862789,Centre médico-psychologique adultes de l'hôpital de jour,hospital,,,,+33475818120,,
802086310,way,43.6382886,5.0897517,Clinique Vignoli,hospital,,,,+33490172500,https://www.clinique-vignoli.fr/,Salon-de-Provence
802380128,way,45.3927298,2.4974973,Hôpital de Bort-les-Orgues,hospital,,,,,,
803058417,way,44.4976944,0.9645472,Hôpital de Fumel,hospital,,,,,,
803078816,way,48.5940119,-3.8320302,Clinique de la Baie,clinic,,,,+33298623600,,
803099266,way,47.4067946,0.688062,Clinique Velpeau,clinic,,,,,,
803328015,way,47.1841032,3.0161166,Centre Hospitaler Henri Dunant,hospital,,,,,,
803459880,way,47.3274769,0.6162858,Centre de Réadaptation Cardiovasculaire Bois-Gibert,clinic,,,,,,
803862991,way,49.0280456,2.2257006,Clinique Champ Notre-Dame,clinic,,,,+33130406900,,
804137109,way,48.2312012,4.7141218,Centre Hospitalier Saint-Nicolas,hospital,,yes,,+33325270997,https://www.ch-barsuraube.fr/,Bar-sur-Aube
804257252,way,47.2606751,1.3481399,Centre Hospitalier de Saint-Aignan,hospital,,,,,,
805223037,way,41.6063257,8.9357163,Centre Hospitalier de Sartène,hospital,,,,,https://ch-sartene.fr/,
805586400,way,46.951331,4.2931641,Centre hospitalier d'Autun - Site Parpas,hospital,,yes,,+33 3 85 86 84 84,https://ch-autun.fr/,
806316729,way,48.6929693,2.6056453,Centre Hospitalier de Brie-Comte-Robert,hospital,,,,,,
807713857,way,49.3071427,-1.2447843,Centre Hospitalier de Carentan,hospital,,,,,,
808689519,way,48.9872327,-1.0332367,Cabinet Infirmières,clinic,,,,,,
809406245,way,48.9918885,2.1708539,Château d'Herblay,hospital,,,,+33134505050,,
809495554,way,49.328489,2.4619059,Maison de santé pluriprofessionnelle,clinic,,,,,,
810513961,way,48.4562507,-1.4785192,Centre hospitalier d'Antrain,hospital,,,,,,
812868253,way,47.6679361,3.7427202,Maison de Santé Entre Cure et Yonne,clinic,,,,,,
813560486,way,50.1147512,3.9223042,Centre Hospitalier du Pays d'Avesnes,hospital,,,,,https://www.ch-avesnes.fr/,
813616032,way,50.2576932,3.9109289,Centre Hospitalier d'Hautmont,hospital,,,,,,
814241420,way,50.6104573,3.0079103,Hôpital de Loos,hospital,,,,+33362210400,,
814528864,way,50.682234,3.1974791,Hôpital de la Fraternité,hospital,,,,,,
815667756,way,49.8154332,4.7473678,Centre Hospitalier de Nouzonville,hospital,,,,,,
817157341,way,49.2582856,2.3333143,Clinique SSR Le Tillet,hospital,,,,,https://btprms.probtp.com/accueil/clinique-ssr/le-tillet.html,
817263354,way,49.4776169,1.7225601,Hôpital de Gournay-en-Bray,hospital,,,,,,
820418417,way,48.7559261,2.3024242,Olympe Santé,clinic,,,,+33 1 76 21 71 41,https://www.olympe-sante.com,Antony
821085390,way,46.4349876,0.1263445,USLD de Lusignan,hospital,,,,+33549893800,https://www.chu-poitiers.fr/les-plans-des-sites-de-lusignan/,
822878592,way,49.2462166,1.3954842,Hôpital Saint-Jacques,hospital,,,,,,
825475866,way,43.103115,1.6221742,Maison de Santé Pluridisciplinaire du Mas,clinic,,,,,,Pamiers
825797454,way,16.2557962,-61.5226201,Centre Hospitalier Gérontologique Jacques Salin,hospital,,,,,,Les Abymes
826085281,way,47.2434818,0.6931717,Maison Médicale,clinic,,,,,,
826211116,way,14.669832,-61.0375875,Centre hospitalier de Saint-Joseph,hospital,,,,,,
826930642,way,49.2034953,-0.3544709,Centre régional anti-cancer François Baclesse,hospital,,,,,,
826930643,way,49.2065068,-0.3603146,,hospital,,,,,,
828405355,way,43.5805687,7.0589525,Centre hospitalier de Vallauris,hospital,,,,,https://www.ch-antibes.fr/fr/centre-vallauris/2/61,
830031381,way,43.5543452,6.5090025,Clinique Les Espérels,clinic,,,,+33498103800,https://www.clinique-les-esperels.fr,Figanières
830053454,way,4.9145868,-52.3203633,Guyane Service Medical,clinic,,,,,,
835078571,way,47.1888125,-0.2876593,,clinic,,,,,,Doué-en-Anjou
835535397,way,42.4438062,2.0240572,Pôle Sanitaire Cerdan,hospital,,,,,,
836791097,way,49.2095653,2.5885846,ophtalmologie,clinic,,,,+33 3 44 53 03 62,https://www.ophtalmologue-senlis.fr/,Senlis
837360705,way,48.8718753,7.4859908,Hôpital Le Neuenberg,hospital,Fondation de la Maison Diaconat de Mulhouse,,,,,Ingwiller
839376099,way,43.2250356,-0.5691606,,clinic,,,,,,
840288623,way,-20.6893906,164.9449905,Dispensaire de Hienghène - Centre Médico-Social,hospital,,,,,,
840973414,way,43.2534375,5.4193853,Massalia Les Pins,clinic,,,,+33491825656,,
842244202,way,48.5239814,-2.784872,Centre Jacques Cartier,clinic,EPSMS Ar Goued,,,,,
842452117,way,48.465265,-4.2711123,Institut de réadaptation du Cap Horn,clinic,LNA Santé,,,,https://centre-readaptation-caphorn.lna-sante.com/,
842464785,way,45.6069756,4.0475043,Clinique Nouvelle du Forez,hospital,,,,,https://www.elsan.care/fr/clinique-forez,
844434281,way,48.640848,2.4207218,ASTE Evry,clinic,ASTE,,,+331 69 91 04 11,https://www.santetravailessonne.fr/centre/evry/,Évry
845674844,way,49.1217668,6.7225185,Clinique Saint-Nabor,hospital,,,,+33 3 87 29 41 49,https://www.clinique-st-nabor.fr/,
851594139,way,49.0207334,2.2907071,Institut Thérapeutique Educatif et Pédagogique La Mayotte,hospital,,,,,https://mutuellelamayotte.fr/les-etablissements/l-itep-rene-laborie.html#,Montlignon
852593478,way,-21.0984798,164.8880486,,hospital,,,,,,
856661411,way,47.6839335,-2.6117389,Pôle santé,clinic,,,,,,
859854010,way,48.0467864,-1.3365274,Maison médicale,clinic,,,,,,
864925484,way,47.1931,-0.2721383,Centre Hospitalier Doué-en-Anjou,hospital,,,,+33241834610,,
865279501,way,47.4921079,6.6649741,,clinic,,,,,,
865863944,way,44.3828453,4.9914236,Centre hospitalier de Valréas,hospital,,yes,,+33 4 90 28 51 51,,
867628369,way,44.0158926,4.4099956,,clinic,,,,,,
867628384,way,44.0159462,4.4098399,Cabinet médical,clinic,,,,,https://cabinetmedical.fr/wp/,
867730754,way,45.5683227,6.1540147,Centre hospitalier de Saint-Pierre d'Albigny,hospital,,,,+33479285034,,
867814321,way,44.5400888,-0.2666903,Médipôle,clinic,,,,,,
868082615,way,45.8198566,4.65882,Maison médicale,clinic,,,,,,
870890792,way,48.5503263,-1.5078361,Centre d'alcoologie de la Baie,clinic,,,,,,
871473892,way,44.2740316,5.2729144,Maison de Santé Pluriprofessionnelle,clinic,,,,,https://www.mspbuis.fr/,Buis-les-Baronnies
872377068,way,48.8926406,2.272238,American Hospital of Paris,hospital,,yes,,+33 1 46 41 25 25,https://www.american-hospital.org/,
872942229,way,-16.7281119,-151.4446744,Hôpital d'Uturoa,hospital,,,,,,
872942231,way,-16.7285522,-151.444222,Dispensaire de Uturoa,clinic,Pays,,,,,
877615030,way,48.5001338,-2.7527037,Centre Benoit Menni - Fondation St Jean de Dieu,hospital,Fondation Saint Jean de Dieu,,,,https://www.chdinanstbrieuc.fsjd.fr/pages/pole-de-saint-brieuc,Saint-Brieuc
879022129,way,48.0471582,-1.3350874,,clinic,,,,,,
880275769,way,50.6491575,3.0857549,Clinique Ambroise Paré,hospital,Groupe HPM,,,+33826204700,http://www.groupehpm.com/clinique-ambroisepare-lille/,
880598694,way,47.7262896,-1.732169,,clinic,,,,,,
881518735,way,43.3259295,-0.3466079,PASS,hospital,Centre Hospitalier de Pau,,,+335 59 72 69 40,https://www.ch-pau.fr/espace-patient/pole-pass-permanence-daccas-aux-soins-1/,PAU
883047982,way,-22.478076,-151.3500858,,clinic,Pays,,,,,
883999212,way,-18.4704444,-136.4660104,,clinic,,,,,,
885301079,way,43.1284991,5.8821569,Pôle médical des Portes de Toulon,clinic,,,,,,Ollioules
887484920,way,48.700027,2.3765671,Hôpital Privé d'Athis-Mons,hospital,,,,+33 1 69544545,,
888875308,way,49.2748519,-0.7012851,Centre Hospitalier Aunay-Bayeux,hospital,,yes,,+33231515151,,Bayeux
891066599,way,45.8148047,1.2819141,,hospital,,,,,,
892416720,way,48.058861,-0.7807718,Service Psychiatrique Adulte Lavallois,hospital,,no,,,,
894301293,way,-22.2720486,166.4392754,MEDCITY,clinic,,,,,,
894497226,way,48.2593724,2.8060005,COS CRPF,hospital,Fondation Alexandre Glasberg,no,,,,
895838638,way,49.9377435,2.921991,,hospital,,,,+33322843686,,
895894561,way,42.6597895,9.4429824,Polyclinique de Furiani,clinic,,,,+33 4 95 54 51 00,https://www.polyclinique-defuriani.fr/,
895938046,way,47.0032018,3.400608,Cabinet Médical,clinic,,,,,,
897331382,way,-22.130046,166.3704949,Dispensaire de Païta,clinic,,,,,,
897730611,way,44.4058759,4.395812,Centre hospitalier Sully Eldin de Vallon-Pont-d'Arc,hospital,,,,+33 4 75 88 42 50,https://www.ch-vallon.fr/,
897730620,way,45.0551101,4.8539266,Hôpital de Tournon,hospital,,no,,+33 4 75 07 75 07,https://www.hopital-de-tournon.fr/,
897730622,way,45.3194499,4.7635727,Hôpital local Serrières,hospital,,,,+33 4 75 69 42 00,,
897730680,way,44.8563499,4.8047508,Centre Ssr le Château,hospital,,no,,,,
897730684,way,45.380981,4.747193,Hôpital Local de Saint-Pierre-de-Bœuf,hospital,,,,+33474879000,,
897730693,way,44.3098552,4.6944707,Foyer d'Accueil Médicalisé Kerchène,hospital,,no,,,,
897730694,way,44.7737767,3.8804802,Foyer Saint-Nicolas,hospital,,no,,,,
897730702,way,44.3643385,4.3984194,Centre de post-cure la Croix Bleue,hospital,,,,,,
897730714,way,44.4786655,4.2392765,Centre hospitalier des Cévennes ardéchoises,hospital,,no,,,https://www.ch-ca.fr/,
897730715,way,44.7303373,4.5838114,Centre Hospitalier Privas Ardèche,hospital,,yes,,+33 4 75 20 20 00,https://www.ch-privas.fr/,
898438008,way,43.2984399,3.4831609,Hôpital Saint-Loup,hospital,Hôpitaux du Bassin de Thau,,,+33 4 67 46 57 57,https://ch-bassindethau.fr/,Agde
900378667,way,47.07284,5.4651762,Pôle Infanto Juvénile Nord,hospital,CHS du Jura,,,,,
900899697,way,43.6325913,5.0992748,Centre médical du Pays Salonais,clinic,Bruny,,,,,
901072753,way,43.5828581,1.5096495,Clinique de la Croix du Sud,hospital,Ramsay Santé,yes,,+33 8 06 23 32 33,,
901737651,way,50.5135374,1.6488197,,hospital,,,,,,
901892662,way,50.677855,3.1729195,,hospital,Centre Hospitalier de Roubaix,,,,,
904420248,way,45.7715005,4.8592411,Clinique du Parc,hospital,,,,,,
911379452,way,47.1718213,0.2544626,,clinic,,,,,,
916754563,way,48.8259624,1.963876,Medical Sky 78,clinic,,,,,,
920011684,way,43.1285814,5.9896675,,clinic,,,,,,La Valette-du-Var
923439933,way,46.6396565,1.0687716,Maison de Santé,clinic,,,,,,
929879444,way,45.8417003,1.4832687,Centre Hospitalier Intercommunal Monts et Barrages,hospital,,no,,+33 5 55 56 43 00,,Saint-Léonard de Noblat
930236725,way,50.626756,3.2343516,,clinic,,,,,,
930996396,way,49.3012761,-0.075364,Centre Médical Temporaire,clinic,,,,,,
931994192,way,47.740859,7.3320039,Clinique du Diaconat - Fonderie,clinic,,,,,,
931998893,way,47.7493376,7.3312007,Clinique du Diaconat - Roosevelt,clinic,,,,,,Mulhouse
932471451,way,44.8356179,-0.6045381,Centre Imagerie Fonctionelle,clinic,,,,+33 5 56 56 05 25,https://www.cif-bordeaux.fr/,
932471453,way,44.8359863,-0.6054351,Clinique Saint-Augustin,hospital,,,,,,
933033825,way,46.399233,6.5977476,Établissement de soins de suite et de réadaptation d'Évian MGEN,clinic,MGEN,no,,,,Évian-les-Bains
933879961,way,14.7027765,-61.1794189,Centre Hospitalier du Carbet,hospital,,,,,,
936626440,way,50.5061066,1.621917,Clinique Des Acacias,hospital,,,,+33321942666,,Cucq
937401602,way,50.6776548,3.1722914,Centre Guy Talpaert,hospital,,,,,,
937742982,way,49.2147443,4.0331837,Clinique Terre de France,hospital,,,,,,Cormontreuil
937749991,way,48.9982033,3.2638078,Hôpital de Villiers-Saint-Denis,hospital,,,,+33323707522,,
938450637,way,45.748468,5.6794049,Centre hospitalier Bugey Sud,hospital,,,,,,
942387230,way,46.1468907,6.0795451,Centre hospitalier Annecy Genevois,hospital,Centre hospitalier Annecy Genevois,yes,,,,Saint-Julien-en-Genevois
942844317,way,43.3945369,6.0414867,,clinic,,,,,,
944028577,way,49.1140288,6.210973,,hospital,,,,,,
944752309,way,50.7000706,3.2225166,Centre hospitalier de Wattrelos,hospital,,yes,,,,Wattrelos
947924992,way,48.810488,2.3468006,Centre Hospitalier Public Fondation Vallée,hospital,,yes,,+33 1 41 24 81 00,https://www.ch-fondationvallee.fr/,Gentilly
948174621,way,43.5008791,3.3206377,,clinic,,,,,,Roujan
948963746,way,44.8681923,-0.6070981,CISA Pôle médical,clinic,,,,,,
949523211,way,48.625712,-1.9833041,Clinique de la Côte d’Émeraude,hospital,,no,,+33 2 23 52 20 20,https://clinique-cote-emeraude.vivalto-sante.com/,Saint-Malo
949659394,way,48.3416775,-0.2830364,Centre hospitalier Jules Doitteau,hospital,,no,,,,
951749202,way,50.3599004,3.2774778,Institut ophtalmique,hospital,Institut ophtalmique,no,,,,Somain
952029181,way,44.1858943,0.621186,,clinic,,,,,,
954441237,way,47.6600073,0.7536002,Foyer d'Accueil Médicalisé la Vallée Germain,hospital,,,,,,
954579534,way,49.6848932,4.7665212,Institut Médico-Educatif de Boutancourt,hospital,,,,,https://ensemble-boutancourt.fr/,
954917381,way,43.187558,2.9066225,Hôpital Privé du Grand Narbonne,hospital,,,,+33 4 34 27 48 00,https://www.elsan.care/fr/hopital-prive-grand-narbonne,
955618310,way,48.8287642,2.1967557,Centre du Parc de Saint-Cloud,hospital,,,,+33 1 47 09 56 65,https://centre-du-parc-de-st-cloud.org/,
957128165,way,14.6219561,-61.1053029,Clinique de l'Anse Collat,hospital,,,,,,
958222504,way,47.4463687,-0.5389115,,hospital,,,,,,
958830449,way,49.8576477,3.2643566,Centre de psychothérapie - CH de Saint-Quentin,hospital,Centre hospitalier de Saint-Quentin,,,,,Saint-Quentin
959163113,way,46.4286081,0.8668676,Centre Médico-chirurgical,clinic,,,,,,
959811323,way,-8.819851,-140.1311122,,clinic,Pays,,,,,
959821496,way,44.8536905,-0.6558281,Pôle santé Robinson,clinic,,,,,,
964058398,way,47.5616344,-1.6258038,Centre Hospitalier Nozay,hospital,,,,+33 2 40 79 47 55,,
964100508,way,47.3482507,1.1800345,Centre Hospitalier de Montrichard,hospital,,,,,,
965153475,way,49.1272111,2.2361596,Clinique Conti,hospital,,,,,,
965662250,way,50.3725001,3.5519481,Centre de rééducation fonctionnelle La Rougeville,hospital,Elsan,,,+33826209400,,
966118458,way,43.9216912,4.8044281,Centre d’action médico-sociale Précoce,hospital,,,,,,
966122043,way,43.9218671,4.801558,Clinique Rhône Durance,clinic,ELSAN,,,,https://www.elsan.care/fr/clinique-rhone-durance,
966727417,way,50.3327474,3.4014425,Clinique Saint-Roch,hospital,SAS Clinique Saint-Roch,no,,,,Denain
967213639,way,48.546307,-2.7257326,Altygo Soins de Suite,hospital,,,,,,
969939062,way,-22.2663429,166.3962565,Centre Hospitalier Spécialisé Albert Bousquet,hospital,,,,,,
969939077,way,-22.2647569,166.3975774,Maison Gabriel Poëdi,hospital,,,,,,
972872864,way,49.2025601,-0.3676624,Institut Camille Blaisot,clinic,,,,,,
973293650,way,44.8061042,-0.6102905,IRM 3T,hospital,,no,,,,
976377338,way,43.1301878,5.98342,Centre médical et de réadaptation des Monts Toulonnais,clinic,Clinea,,,,,
980372999,way,-12.7811453,45.2556973,Hôpital de Dzaoudzi,hospital,,,,,,
980940269,way,48.8237953,2.2769804,L'Hôpital Suisse de Paris,hospital,,,,,,
983605780,way,47.9266197,6.661195,Maison de Santé de la Charme,hospital,,yes,,+33 3 29 24 35 69,https://ruptsante.fr/,Rupt-sur-Moselle
983731253,way,49.0051581,1.6934197,Centre médico-social du Lac,clinic,Fineve,,,,https://www.centremedicosocialdulac.fr/,
984777141,way,42.3018545,9.1543195,Centre Hospitalier Intercommunal Corte Tattone,hospital,,,,+33 4 95 45 05 00,https://www.chi-corte-tattone.fr/,
986724774,way,48.7983625,2.503839,Centre de Santé Jean Moulin,hospital,,,,+33141814553,,
988094317,way,47.6246814,6.1611439,Santélys Bourgogne - Franche-Comté,clinic,,,,+33384966058,,
988543339,way,49.7351796,4.8260124,Résidence de personnes âgées,hospital,,,,,,
993769600,way,48.6045632,7.7149985,Hôpital Psychiatrique EPSAN,hospital,,,,,,Strasbourg
995894906,way,47.3620354,5.0508667,Maison Médicale Valmy,hospital,,,,,,
997797060,way,49.0560919,2.0335848,Centre de santé du Petit Albi,clinic,,,,,https://www.doctolib.fr/centre-de-sante/osny/centre-de-sante-d-osny-osny,Osny
998371785,way,43.9649261,1.4282897,Groupe médical,clinic,,,,,,Saint-Nauphary
1000834990,way,48.9103245,2.4353767,Centre Polyvalent de Santé Aimé Césaire,clinic,,,,,,
1001569060,way,47.528361,-2.7402222,Maison d'Accueil Spécialisée de Kerblay,hospital,Etablissement Public de Santé Mentale du Morbihan,,,,https://www.epsm-morbihan.fr/,
1001764030,way,42.4893772,3.1270305,Centre Hélio-Marin,clinic,,,,,,
1002962929,way,48.6524205,2.2923453,Clinique de Villiers - Repotel,hospital,,,,,,
1005002899,way,49.1795777,2.4555145,Hopital Privé de Chantilly - Clinique des Jockeys,hospital,,,,,,Chantilly
1006413692,way,44.143189,4.6968446,"Bâtiment ""Médical"" CEA Marcoule",clinic,,,,,,
1008102547,way,43.52409,3.9233854,Institut Saint-Pierre,hospital,,,,,,
1009789143,way,43.6953442,1.4773785,Clinique psychatrique Marigny,hospital,,,,,https://www.clinea.fr/clinique-psychiatrique-marigny-saint-loup-cammas-31,Saint-Loup-Cammas
1009876169,way,43.5609489,4.0910004,Clinique mutualiste Jean Léon,hospital,,,,+33467290800,,La Grande-Motte
1011840261,way,45.8241649,0.817711,Maison de Santé,clinic,,,,,,Rochechouart
1012076688,way,-13.2792399,-176.1722484,Lopitali o Sia,hospital,,yes,,,,
1015371926,way,44.0957105,3.0707521,Centre hospitalier de Millau Site de Saint-Côme,hospital,,,,,,
1017567711,way,43.7298201,7.4106557,,hospital,,,,,,
1017792167,way,50.6510858,2.9730844,Hôpital Saint-Philibert,hospital,,yes,,+33 3 20 22 50 50,https://www.saintphilibert-lomme.fr/,
1017910551,way,48.8853834,2.2399087,Centre Médical Françoise Dolto,clinic,Ville de Puteaux,,,,https://www.cmdolto.puteaux.fr/,Puteaux
1018326876,way,47.2269338,2.1136579,Clinique de la Gaillardière,hospital,,,,,,
1018577767,way,50.5635846,2.4659636,Centre médical,clinic,,,,,,
1019449940,way,43.4336593,-1.5978006,Les Embruns,clinic,,,,,,
1019958420,way,47.4967075,6.8201312,Clinique du Pays de Montbéliard,hospital,Noalys,,,,https://noalys.com/les-etablissements/,
1020712344,way,43.7211293,7.2640785,Clinique Saint-Dominique,clinic,,,,+33492075757,https://saintdo.com/,
1021755168,way,44.3926135,0.3034425,Centre hospitalier de Tonneins,hospital,,,,,,
1023384670,way,43.8676853,-0.1088876,Maison Médicale du Plateau,clinic,,,,,,
1030148455,way,44.0181874,5.1593273,Maison de santé Les Pruniers,clinic,,,,,,
1030802921,way,42.9195567,1.8352267,Hôpital de Lavelanet - Site du Pays d'Olmes,hospital,,,,,https://www.chiva-ariege.fr/accueil-chiva/1-mieux-nous-connaitre/le-projet-de-lavelanet.html,
1031372810,way,-20.9531532,55.6535166,Maison des Soins de l'Est,clinic,,,,,,saint-André
1032708629,way,49.6372882,-1.6131422,Hôpital Pasteur,hospital,Centre Hospitalier Public du Cotentin,yes,,+33 2 33 20 70 70,https://www.ch-cotentin.fr/,
1035060939,way,49.2583085,2.4981447,Centre gastro-entérologie Amboise,clinic,,,,+33 3 44 55 00 88,,Creil
1036557444,way,48.5832707,2.2376943,Pôle de Gérontologie - Centre hospitalier d'Arpajon,hospital,Centre hospitalier d'Arpajon,,,,,Égly
1036697028,way,-17.9624822,-142.223258,poste de santé,clinic,,,,+689 40 96 92 02,,
1038703899,way,48.8573823,2.7692317,Medic Global,clinic,,,,,,
1039282147,way,46.9783702,0.6975252,Maison de santé pluridisciplinaire René Godin,clinic,,,,,,
1039672391,way,42.7034979,3.0145281,MEDiCANET,clinic,Commune de Canet-en-Roussillon,,,,,
1044294778,way,47.1551431,2.2123827,Maison de Santé Multidisciplinaire,clinic,,,,+33 2 48 57 33 33,https://www.mspmehun.fr/,Mehun-sur-Yèvre
1044796799,way,48.4100502,-1.7249758,Centre hospitalier saint Joseph,hospital,,,,,,
1046494874,way,50.0967974,3.5389707,Clinique Marie Savoie,hospital,CLINEA,,,+33 327071300,https://www.clinea.fr/clinique-psychiatrique-marie-savoie-le-cateau-cambresis-59,Le Cateau-Cambrésis
1047874804,way,48.6439639,-4.3634671,Maison médicale,clinic,,,,,,Kerlouan
1049718041,way,48.8501794,2.3463508,Centre médical Saint-Michel,clinic,COSEM,,,,https://centre-medical-stmichel.com/,
1051816225,way,50.6416378,2.3990633,Centre Hospitalier d'Aire sur la Lys,hospital,,,,+33321390065,https://ch-airesurlalys.fr/,
1053940680,way,-12.7956612,45.2773514,Centre hospitalier de Mayotte - Site Martial Henry,hospital,,,,,,Pamandzi
1055042070,way,47.6315497,6.8479987,,hospital,,,,,,
1057537783,way,49.5877916,2.8385127,,clinic,,,,,,
1057597527,way,42.8595502,3.0387508,Maison de santé pluriprofessionnelle,hospital,,,,+33 4 48 51 00 85,https://leucatemsp.site-sante.fr/,
1057868490,way,43.4415014,5.4693181,La Maison Villa Izoï,clinic,,,,+33442657360,,
1057868491,way,43.4420724,5.4709555,Hopital Usld la Maison,clinic,,,,+33442657360,,
1058126207,way,48.9655882,2.87381,Centre de rééducation et réadaptation Le Brasset,clinic,,,,+33160098710,,
1058537552,way,48.8327345,2.1262371,Cap vers,hospital,,,,,,
1059298974,way,46.3209858,2.8230922,IDE Montvicq,clinic,,,,+33470285668,,
1060648304,way,48.8629325,2.5751602,Maison de Santé,clinic,,,,,,
1070675608,way,45.6630105,4.9477309,La Tarentelle,hospital,Arpège,,,+33478200431,,
1070974357,way,43.9362862,4.8070331,Clinique Montagard,hospital,,,,+33 4 90 14 21 09,https://www.elsan.care/fr/centre-chirurgical-montagard,
1072068006,way,46.1581918,6.269445,Maison de santé d'Arthaz,clinic,,,,,,
1072603651,way,43.4898117,2.7534539,Centre Hospitalier de Saint-Pons-de-Thomières,hospital,,,,+33467974100,,
1073104085,way,48.0178867,0.1779159,Centre de Cancérologie de la Sarthe,clinic,,,,,,Le Mans
1073653190,way,45.5378784,3.2548287,,clinic,,,,,,
1073698747,way,44.7899245,-0.6017853,AURAD Aquitaine Gradignan 2,clinic,,,,+33557350241,,
1075425737,way,44.7532257,-1.1314811,,hospital,,landing_site,,,,
1075585786,way,45.5207266,4.8732514,Polyclinique le Cristal,clinic,,,,,,
1075904589,way,41.9353487,8.7140365,Centre Hospitalier Spécialisé de Castelluccio,hospital,,,,,https://www.ch-castelluccio.fr/,
1077273922,way,41.9235893,8.735026,Clinisud,hospital,,,,,,
1077441242,way,44.9137279,4.9053475,Centre hospitalier de Valence,hospital,,yes,,+33 4 75 75 75 75,https://www.ch-valence.fr/,
1079343612,way,48.892955,2.7964755,,clinic,,,,,,
1079753779,way,46.200818,5.2339241,,hospital,,,,,,
1080129693,way,47.5803701,1.3237693,Hopital de Jour Adulte,hospital,,,,,,
1081119711,way,48.4006869,-4.4584207,Centre Winnicott,hospital,CHRU Brest,,,+33 2 98 41 54 55,,
1081216733,way,43.6608214,1.3635056,Clinique de Blagnac,clinic,Inicea,,,+33 5 61 37 34 00,https://www.inicea.fr/smr/clinique-blagnac-haute-garonne-31700,
1084407634,way,43.7083255,3.8322189,Clinique Saint-Clément,hospital,,,,,,
1084407636,way,43.706967,3.8319268,Clinique du Pic Saint-Loup,hospital,,,,,,
1086234992,way,49.630721,2.296815,Maison de Santé Pluriprofessionnelle,clinic,,,,+33344806900,https://mspbreteuil60.fr,Breteuil
1086609273,way,43.2761752,1.489884,Clinique de Verdaich,clinic,,,,,https://www.clinique-verdaich.com/,
1086920044,way,48.9506667,2.3183649,Maison de Santé d'Épinay-sur-Seine,hospital,,,,,,
1087907597,way,46.087274,5.4058673,Maison de santé,clinic,,,,,,
1088391824,way,46.1294778,6.2703217,,clinic,,,,,,
1088739474,way,48.630145,-3.9888619,Cabinet Infirmier,clinic,"Péron Hélène, Bouttier Annick, Séité Anne",,,,,
1089695084,way,46.6961685,-1.9227093,Centre Hospitalier Loire Vendée,hospital,,,,+33251608300,,
1089697007,way,46.6579495,-1.4145404,Clinique Saint-Charles,clinic,,yes,,+33251444444,https://www.clinique-saint-charles.fr/,
1089853662,way,43.5564734,1.4312061,Clinique Estela,hospital,Inicea,,,+33 5 82 08 17 00,https://www.inicea.fr/smr/clinique-estela-haute-garonne-31100,
1093556529,way,45.9731218,5.5963076,Clinique du Souffle Le Pontet,clinic,Inicea,,,,https://www.inicea.fr/smr/clinique-du-souffle-le-pontet-ain-01110,
1097116105,way,43.6101052,1.3359368,Centre Médical,clinic,,,,,,Colomiers
1097464494,way,47.9491027,0.2080584,Centre Médical Piste,clinic,ACO,,,,,
1101045824,way,14.5379357,-61.0350005,Centre hospitalier des Trois-Îlets,hospital,,,,+596 5 96 66 30 00,,
1103664581,way,45.3953617,4.2933885,Centre médico-psychologique,clinic,CHU de Saint-Étienne,,,,,Firminy
1104954057,way,44.715421,-1.2496783,CLUB DE SAUVETAGE CÔTIER DE L'HORIZON - LEGE-CAP FERRET,hospital,,,,,,
1105250403,way,48.0577681,0.162073,Complexe hospitalier de l'arche,hospital,,,,,,Saint-Saturnin
1106769795,way,48.9035938,2.5710939,Centre de Moyen et Long Séjour les Ormes,hospital,,,,+33145097000,,
1106795192,way,49.1982139,-0.3810256,Hôpital privé Saint-Martin,hospital,,,,,,
1109659890,way,49.208353,-0.3613434,,hospital,,,,,,
1109947963,way,50.6464596,3.0634055,Hôpital gériatrique Les Bateliers,hospital,CHRU de Lille,no,,,,Lille
1110365439,way,45.3031583,-0.9380409,Clinique mutualiste du Médoc,hospital,,yes,,+33 5 56 73 10 00,https://www.pavillon-mutualite.com/27-services-et-soins/3-clinique-de-lesparre-medoc.html,
1112448803,way,47.474142,-0.5682935,Maison médicale Saint-Jacques,clinic,,,,,,
1112500363,way,43.7189794,1.4844009,Clinique de Montberon,hospital,,,,,https://www.cliniquemontberon.fr/,
1115222614,way,48.8773346,2.4122771,Centre de rééducation cardio-nutritionnelle Paris Est,clinic,Clinea,,,,,
1118396700,way,43.830169,5.7809506,Centre de Santé de Manosque,hospital,,,,,,
1118445927,way,43.8764611,5.8391138,Centre Medical Bellevue,clinic,,,,,,
1122434147,way,47.3602696,0.7207241,,clinic,,,,,,
1122682892,way,50.7243422,3.1478211,Polyclinique du Val de Lys,hospital,,,,+33320234700,https://clinique-du-val-de-lys-tourcoing.ramsaysante.fr/,
1124686903,way,46.8284477,2.9188379,Maison de Santé de Sancoins,clinic,,,,+33248740000,,Sancoins
1126773486,way,47.9686426,-0.2307881,,clinic,,,,,,
1131119269,way,48.8330677,2.4725985,Hôpital Privé Armand Brillard,hospital,Ramsay Santé,yes,,+33 1 86 86 12 12,https://hopital-prive-armand-brillard-nogent-sur-marne.ramsaygds.fr/,
1132065504,way,50.2517676,3.6273549,Centre Hospitalier Le Quesnoy,hospital,,,,,https://www.ch-lequesnoy.fr/,
1134370944,way,43.3510203,3.2307341,Clinique La Pergola,hospital,,,,,,Béziers
1134793063,way,43.757665,-0.0310318,Centre Hospitalier de Nogaro,hospital,,,,,,
1136553446,way,48.7027122,2.5190627,Clinique Les Vallées,hospital,Sas Clinea,,,,https://www.clinea.fr/clinique-les-vallees-brunoy-91,
1137166094,way,49.8956651,1.0789483,Clinique Mégival,clinic,,,,+33276203040,,
1137560922,way,49.0821421,1.7586832,SSR d'Aincourt,hospital,Groupement Hospitalier Intercommunal du Vexin,,,,,
1138702306,way,46.3572154,6.4528757,Centre médical du Chablais,clinic,,,,,,Thonon-les-Bains
1149631879,way,43.9562681,4.7940426,Clinique Belle Rive,hospital,,,,+33 4 90 15 68 68,https://www.clinique-bellerive.fr,Villeneuve-lès-Avignon
1150661157,way,47.9633966,-1.4980344,,hospital,,,,,,
1150674653,way,43.1592562,2.9677473,SSR Les Quatres Fontaines,clinic,Korian,,,,,
1153836061,way,49.050451,2.3388614,Etablissement Public de Santé Roger Prévot,hospital,,,,+33139356300,https://www.eps-rogerprevot.fr/,Moisselles
1154027587,way,47.6576427,6.7326934,Centre kinésithérapeute,hospital,,,,,,Échavanne
1156823777,way,43.1840605,0.2388588,"Pôle santé de l'Arros (Pole sante, maison de sante, Centre de sante)",clinic,,,,,,Tournay
1159416532,way,43.3165576,3.2783539,Unité de dialyse Aider Santé,hospital,,,,,,
1159540955,way,48.0689147,-3.1991818,Hôpital Alfred Brard,hospital,,,,,,
1159722504,way,46.7641431,4.8321531,Centre Winnicott,hospital,Centre hospitalier de Sevrey,,,,,
1159780872,way,46.2146759,1.7589545,Hôpital de la Valette,hospital,,,,,,
1159782146,way,49.8849535,2.301888,Centre de Soins de Suite Henriville,hospital,,,,,,
1160123009,way,45.1807088,0.7172447,ORTHOPOLE Francheville,clinic,,,,,,
1160708794,way,47.3458302,5.0347973,Centre de Convalescence Gériatrique,clinic,,,,+33380585757,,
1161689779,way,48.9169435,2.3349451,Clinique du Landy,hospital,,,,+33 8 25 74 34 84,http://www.generale-de-sante.fr/clinique-du-landy-saint-ouen,
1161695495,way,43.1697151,-1.2325795,Établissement public de santé de Garazi - Site Luro,hospital,,,,,,
1162127391,way,-8.8335174,-140.0840674,Infirmerie de HATIHEU,clinic,,,,,,
1162755779,way,48.9926272,2.2876006,Clinique Mirabeau,hospital,,,,,https://www.clinea.fr/clinique-mirabeau-eaubonne-95,Eaubonne
1162795291,way,43.4224551,5.2387898,Village Santé,clinic,,,,,,
1163402997,way,46.5699512,3.3232205,,hospital,Centre hospitalier de Moulins-Yzeure,,,,,
1169189764,way,47.9950298,0.2156127,Centre Hélène Chaigneau,hospital,,,,,https://www.epsm-sarthe.fr/souffrance-psychologique-troubles-mentaux/adultes/secteur-7-de-psychiatrie-generale/cmpcattphj/,
1172705597,way,43.6043251,1.2663953,,clinic,,,,,,
1174428352,way,48.1151519,-1.6442317,Centre hospitalier spécialisé,hospital,,no,,,,
1175191244,way,48.01753,-4.0748286,Maison médicales - Consultations,clinic,,,,,,
1175570283,way,49.1617981,-0.3421047,,clinic,,,,,,
1181385628,way,47.7398565,3.2990009,,hospital,,,,,,
1182295720,way,42.5131142,2.8326848,Centre de soins médicaux et de réadaptation - Le Vallespir,hospital,UGECAM,,,+33 4 68 83 70 70,https://www.groupe-ugecam.fr/csmr-le-vallespir,
1182827627,way,49.253366,1.4141759,Nouvel Hôpital Saint-Jacques des Andelys,hospital,,,,,https://www.hopital-lesandelys.fr/,
1186491199,way,42.4845339,2.6620595,Clinique Al Sola,clinic,,,,+33468396600,,
1187334166,way,48.3902005,4.5209062,Établissement Public de Santé Mentale (EPSM) de l'Aube,hospital,,,,+33 3 25 92 36 36,https://www.epsm-aube.fr/,Brienne-le-Château
1188375287,way,48.393313,4.5252067,,hospital,Ehpad Cardinal de Loménie,,,,,
1188666441,way,48.8434221,2.0669755,Pôle médical du Cèdre,clinic,,,,,,
1191196786,way,43.1239506,5.9763551,Hôpital Sainte-Musse,hospital,,,,,,
1192625564,way,48.7020647,6.2235083,Centre Médico Psychologique des Prés,hospital,Centre Psychothérapique de Nancy,,,+33383908790,https://epsytera.fr/cpn/cmp-des-pres-adultes-centre-medico-psychologique/,
1193036538,way,46.1511163,-1.1431982,Association Pour Adultes et Jeunes Handicapés,hospital,,no,,+33546452919,https://www.apajh17.fr,
1203941561,way,49.0539076,6.1884954,,clinic,,,,,,
1204108459,way,16.3776051,-61.4566791,,clinic,,,,,,
1211127930,way,43.5855722,1.482436,Centre Kersanté Toulouse La Terrasse,clinic,,,,,,Toulouse
1211598999,way,48.6647915,5.8701324,Clinique des Boucles de la Moselle,clinic,emeis,,,,https://www.emeis-cliniques.fr/clinique-des-boucles-de-la-moselle-54,
1211811926,way,43.5936777,3.080651,Thermes de Lamalou-Les-Bains,clinic,Chaîne thermale du soleil,,,,https://www.chainethermale.fr/lamalou-les-bains/thermes-et-installations,
1211892906,way,43.5963492,3.080116,Centre de Rééducation Fonctionnelle La Petite Paix,clinic,,,,,,
1212218502,way,45.91302,6.7072901,Clinique Parassy,hospital,Clinea,no,,+33 4 50 58 88 90,https://www.clinea.fr/clinique-parassy-passy-74,
1212561402,way,43.3775346,6.2969614,,hospital,,,,,,
1212774465,way,46.1588653,1.871286,Centre Soins Psychothérapie Enfants,hospital,,,,,,
1214542427,way,45.8645962,5.936786,Centre hospitalier Gabriel Deplante,hospital,,yes,,+33 4 50 01 80 00,https://www.ch-rumilly.fr/,
1216794795,way,45.9397235,2.171847,Clinique de la Croix Blanche,hospital,,yes,,+33 5 55 83 60 00,,
1218234681,way,45.9299058,1.0324528,,clinic,,,,,,
1218234682,way,45.930035,1.032291,,clinic,,,,,,
1218552497,way,47.2630445,-2.2703986,Centre hospitalier Saint-Nazaire - Site d'Heinlex,hospital,,,,,,
1221028616,way,44.8489918,-0.2274661,,clinic,,,,,,
1221028617,way,44.8488493,-0.2272377,,clinic,,,,,,
1222949645,way,48.7019712,6.1393633,Institut Européen de la Main,clinic,,,,,http://www.sosmain.eu,
1228027548,way,50.5922735,2.7427954,Maison du Médical du pays bas,hospital,,,,,,rihebourg
1228313260,way,48.9509263,2.1595519,"Etablissement de médecine, SMR et Institut de néphrologie MGEN Maisons-Laffitte",hospital,MGEN,no,,,,Maisons-Laffitte
1229070323,way,47.1708907,3.0338484,Centre Hospitalier Spécialisé La Grange Joada,hospital,,,,,,
1229444821,way,47.1731533,3.0196851,Centre Hopitalier Spécialisé Pierre Lôo,hospital,,,,,,
1231638984,way,-21.2655807,55.3673143,CEMES : Centre d'Échographie Médicale de l'Étang Salé,clinic,Philippe Chancé,,,+262 262 42 36 50,https://cemes.re,L'Étang-Salé
1233296523,way,47.1001834,3.0785813,Clinique Château du Tremblay,hospital,Ramsay Générale de Santé,,,,,
1235188435,way,47.8768685,1.9533943,,hospital,,,,,,
1239745603,way,50.1812603,3.2337723,Clinique du Cambrésis,clinic,Elsan,no,,+33 3 59 75 27 53,https://www.elsan.care/fr/clinique-cambresis,
1242229950,way,49.1829894,-0.3864175,Pôle Santé de la Haie Vigné,clinic,Union Régionale des Professionnels de Santé de Normandie,,,,,
1244197168,way,42.7292271,2.8682497,Centre de Gérontologie du Roussillon,hospital,,,,+33 4 68 08 08 10,https://www.ch-perpignan.fr/patients/personnes-agees/centre-gerontologique-du-roussillon-cgr-884.html,
1254711093,way,45.8144892,1.2823803,Pôle Ophtalmologique Chénieux,hospital,,,,,https://chenieux-ophtalmologie.com/,
1255161045,way,-21.2765426,55.5216679,,hospital,,,,,,
1257797020,way,45.7414244,3.1400695,Institut médical Pérignat,clinic,URG+,,,+33 4 28 72 03 50,,Pérignat-lès-Sarliève
1258765094,way,50.3977697,2.9139643,Clinique de la Chênaie,hospital,FHP,,,,,
1259762075,way,49.282438,-0.7040407,Le Manoir d'Aprigny,clinic,,,,+33 2 31 51 20 00,,
1262233469,way,49.2692346,1.8895021,Centre hospitalier Bertinot Juel,hospital,,,,+33344495454,,Chaumont-en-Vexin
1265775481,way,43.317932,5.4241408,cabinet médical,hospital,Rémi Trauchessec,,,,,Marseille
1272855370,way,48.4297941,7.6837752,Centre Hospitalier Spécialisé d'Erstein,hospital,,,,,,Erstein
1272855379,way,48.4297941,7.6837752,Centre Hospitalier Spécialisé d'Erstein,hospital,,,,,,Erstein
1273356900,way,45.8380408,3.4951287,Cabinet de kinésithérapie et d'ostéopathie,clinic,,,,,,
1274458705,way,42.4552709,2.6342165,,clinic,,,,,,
1275199971,way,43.3397545,-0.385894,Pôle de santé L'Ossau,clinic,,,,,,Lons
1275442931,way,46.2063542,1.9993705,Centre de Santé Médecins Solidaires,clinic,Association Médecins Solidaires,,,+33 5 44 30 73 70,https://medecins-solidaires.fr/notre-1er-centre/,Ajain
1275450084,way,45.9775143,2.2993046,Centre de Santé Médecins Solidaires,clinic,Association Médecins Solidaires,,,+33 5 55 67 65 27,https://medecins-solidaires.fr/notre-1er-centre/,
1275754991,way,50.6524795,3.1557957,Clinique privée de Villeneuve d'Asq,clinic,,,,+33 3 20 05 70 00,http://www.clinique-vill-ascq.com/,
1275754995,way,50.6528822,3.1525663,Hôpital Privé de Villeneuve d'Ascq,hospital,Ramsay Santé,yes,,+33 3 20 99 41 41,https://hopital-prive-villeneuve-d-ascq.ramsaygds.fr/,
1276069239,way,49.5825794,2.9979879,Hôpital de jour Françoise Dolto,hospital,Centre hospitalier isarien - EPSM de l'Oise,,,+33344090209,,
1277851488,way,41.9449056,8.7697717,Centre hospitalier d'Ajaccio,hospital,,yes,,+33 4 95 29 90 90,https://www.ch-ajaccio.fr/,Ajaccio
1279329630,way,43.5835621,3.9248285,Pôle autonomie santé,clinic,,,,,,
1280656392,way,48.0940073,-1.3713334,Pôle Santé,clinic,,,,,,
1281150823,way,48.6201272,-1.9772562,Centre de Santé Mentale Yves Pelicier,hospital,,,,,,
1282152080,way,48.0881677,-1.6504176,,clinic,,,,,,
1283523118,way,-12.8557633,45.1031474,,hospital,,,,,,
1283601804,way,43.1245421,6.1394675,,hospital,MGEN,no,,,,
1288392940,way,45.519469,4.8620057,Clinique Trenel,hospital,,,,,,
1289418939,way,49.2423318,-0.8716936,Pôle de Santé,clinic,,,,,https://isigny-omaha-intercom.fr/vie-quotidienne/poles-de-sante-le-molay-littry,
1290082134,way,48.1795419,6.453595,Centre Hospitalier Émile Durkheim,hospital,,yes,,+33 3 29 68 70 00,,Épinal
1290205659,way,43.4818839,-0.7648671,,hospital,Centre Hospitalier des Pyrénées,,,,https://www.ch-pyrenees.fr/secteurs/c-m-p-e-a-h-j-orthez/,
1291813385,way,48.7171726,2.1915062,Hôpital Paris Saclay,hospital,Groupe Hospitalier Nord Essonne,,,+33169159191,https://www.gh-nord-essonne.fr/site-hospitalier/hopital-paris-saclay/,
1292914048,way,45.6466394,4.2352951,Clinique Le Clos Montaigne,hospital,Inicea,no,,+33477360100,https://www.inicea.fr/sante-mentale/clinique-le-clos-montaigne-loire-42210,Montrond-les-Bains
1293464054,way,50.1631884,3.2232067,Clinique de l’Epinoy,clinic,emeis,no,,,https://cliniquedelepinoy.fr/,Cambrai
1295673253,way,48.6574989,6.11341,Maison de santé pluriprofessionnelle,clinic,,,,,,
1297006401,way,48.4434154,0.057772,Innov' Santé,clinic,,,,,,
1300179440,way,44.457303,1.4373735,Clinique du Quercy,hospital,,,,,,
1302933227,way,43.1152173,3.106739,Cabinet médical de Gruissan,clinic,,,,,,
1303022037,way,45.7524927,4.8018886,Clinique Villa des Roses,hospital,Inicea,,,,https://www.inicea.fr/sante-mentale/clinique-villa-des-roses-lyon-69005,
1304215961,way,45.1517134,1.5537748,Hôpital spécialisé Val Horizon,hospital,,,,,,
1304780195,way,47.7266018,-1.3841351,UDM ECHO Châteaubriant,clinic,Association ECHO,,,,,
1304800615,way,45.7617463,0.1378587,Maison médicale de Vars,clinic,,,,,,Vars
1304801295,way,45.7621702,0.1377635,Cabinet dentaire de Vars,clinic,,,,,,Vars
1304802782,way,45.7620908,0.1373764,,clinic,,,,,,Vars
1305908867,way,48.9171911,2.4018162,Institut Médico-Pédagogique et Professionnel Romain Rolland,hospital,,,,,,Aubervilliers
1305957339,way,43.2278584,0.1064008,Clinique République,hospital,,,,,,
1306476273,way,44.8454363,-0.5521292,Clinique Ophtalmologique ORL Thiers,hospital,,,,,https://cliniquethiers.fr/,Bordeaux
1307739845,way,45.7682931,0.961926,,clinic,,,,,,
1307934747,way,44.8470847,-0.5299419,Clinique Les Hauts de Cenon,hospital,Inicea (Clariane),,,,https://www.inicea.fr/smr/clinique-les-hauts-de-cenon-gironde-33150,Cenon
1307981870,way,48.5609561,-4.3394968,Grain de Sable,hospital,Centre hospitalier des pays de Morlaix,,,,,
1308594192,way,46.7926044,-2.031628,Centre de Rééduction de la Croix Rouge,clinic,Croix rouge française,,,+33251599100,,Saint-Jean-de-Monts
1309942324,way,49.3664133,6.1608899,Centre de Soins Grand Est,hospital,Emeis,,,,,
1311584446,way,44.8062207,-0.5746244,Clinique Les Flots,hospital,Inicea (Clariane),no,,,https://www.inicea.fr/smr/clinique-flots-gironde-33400,Talence
1312015605,way,46.0049905,0.6701137,,hospital,,,,,,
1312216906,way,46.5643924,0.3669809,Polyclinique de Poitiers,hospital,Elsan,yes,,+33 5 49 61 70 00,http://www.polycliniquepoitiers.fr/fr/,
1312637325,way,43.6412222,0.5285707,Clinique Maladies Mentales d'Embats,clinic,,,,,https://www.cliniquedembats.fr/,
1313260742,way,44.7287948,1.9248988,Centre de Santé Grand-Figeac - Lacapelle-Marival,clinic,,,,,,
1313491973,way,46.2188635,1.174193,Hôpital de Magnac Laval,hospital,,no,,,https://www.hihl.fr/hopital-de-magnac-laval,
1314644678,way,48.958268,2.8694714,Pôle de Santé de Meaux,hospital,LNA Santé,,,,,
1315399339,way,48.8875553,2.3932473,Hôpital Jean Jaurès,hospital,Groupe SOS,no,,+33144845444,https://www.hopitaljeanjaures.fr/,
1315735002,way,43.6270985,0.5843132,Centre Hospitalier d'Auch - La Ribère,hospital,,no,,,https://www.ch-auch.fr/letablissement/,
1315929154,way,47.4556385,-0.5143236,Institut du cœur,clinic,Clinique Saint-Joseph,,,,,
1316153506,way,43.6421345,5.1018418,Clinique des Deux Lions | Inicea,clinic,,,,+33 4 13 93 18 00,https://www.inicea.fr/smr/clinique-des-deux-lions-salon-de-provence-13300,
1317269223,way,-20.9532789,55.6550562,Groupe Hospitalier Est Réunion,hospital,,,,,,
1317418820,way,49.1820195,-0.4080415,Clinique Brocéliande,hospital,Inicea,,,+33 2 31 75 83 00,https://www.inicea.fr/smr/clinique-broceliande-calvados-14000,
1318776869,way,46.7733844,0.8039628,Centre de Soins de Suite et de Réadaptation La Colline Ensoleillée,hospital,UGECAM,,,,,
1320047651,way,48.4917464,6.5152305,Maison de santé de Gerbéviller,clinic,,,,,,
1320396517,way,50.4954049,2.9627842,Pôle santé Carvin,clinic,,,,,,Carvin
1320424732,way,47.2204143,-1.6333349,La Tourmaline UGECAM,hospital,,,,,,
1327496626,way,44.8159031,-0.5729794,,hospital,,,,,,
1327652574,way,48.409143,-1.3613117,,hospital,,,,,,
1327876634,way,43.5593276,-1.3522405,Pôle de Solidarité et de Santé du Seignanx,clinic,,,,,,
1328309442,way,47.4969045,6.8190533,Maison de santé CitéVie,clinic,,,,,,Montbéliard
1328309443,way,47.4973042,6.8193326,Centre de soins non programmés,clinic,,,,,,Montbéliard
1330306465,way,43.5933028,1.4137779,Centre Médico-Psychologique des Arènes,clinic,Centre Hospitalier Gérard Marchant,,,+33 5 62 74 23 70,,Toulouse
1332069557,way,46.1122735,5.8052179,Pôle santé Terre Valserhône,clinic,,,,,,
1333539957,way,48.4391397,-3.8881974,L'Atelier En Santé,clinic,L'Atelier En Santé,,,+33 2 57 65 07 00,https://latelierensante.fr/,Plounéour-Ménez
1338327376,way,48.5391628,2.6714911,Centre Hospitalier Marc Jacquet,hospital,,,,,,
1339336498,way,48.5702632,3.9674881,Maison médicale,clinic,,,,,,
1341568142,way,43.9202692,4.7991111,,hospital,,,,,,
1342707729,way,48.0170364,-4.073251,Clinique mutualiste de Bretagne Occidentale,hospital,Hospi-Ouest,,,,,
1342717863,way,49.326394,6.0686262,Centre hospitalier d'Hayange,hospital,,,,+33 3 82 57 73 73,https://www.chr-metz-thionville.fr/le-chr-nos-etablissements/hopital-de-hayange,
1347047604,way,48.2537933,6.4211229,Maison de santé,hospital,,,,,,Thaon-les-Vosges
1347591490,way,50.1798223,3.2575066,LADAPT Nord Cambrai - Centre de soins pédiatrique,clinic,,,,+33327722500,,
1349983451,way,44.7467583,5.3837545,Maison de santé pluridisciplinaire de Die,clinic,,,,,,
1351541404,way,46.469233,-0.8167244,,hospital,,,,,,
1353969742,way,46.2429998,0.985979,ITEP Suzanne Léger,hospital,,no,,+33 5 55 47 61 00,,Oradour-Saint-Genest
1354143389,way,48.9631475,2.3634327,Clinique SMR de Pierrefitte-sur-Seine,hospital,Clinalliance,no,,,https://www.clinalliance.fr/cliniques-ssr/nos-etablissements/pierrefitte/,
1355272082,way,50.6820065,3.1993627,Hôpital Lucien Bonnafé,hospital,,,,+33328325010,,
1356357076,way,47.5830194,7.5509353,,clinic,,,,,,
1356726288,way,45.6339944,6.3013334,Les Ancolies,hospital,,,,,,
1361150044,way,43.4408801,5.4231315,Centre Medical,clinic,,,,,,
1361758431,way,45.6549469,2.4655218,Centre Hospitalier l'Atrium,hospital,,,,,,
1362566137,way,47.7258419,7.2282497,Maison de Santé du Grand Chêne,clinic,,,,,https://www.maisondesante-heimsbrunn.fr/,
1362566145,way,45.5346575,3.2516966,Clinique Les Sorbiers,hospital,,,,,,
1363345832,way,44.1051522,1.0883228,Centre Hospitalier Intercommunal Castelsarrasin-Moissac,hospital,,yes,,+33 5 63 04 67 00,https://www.ch-cm.fr/,Moissac
1364505785,way,41.9914148,9.4013783,Centre d'Imagerie De La Plaine Orientale,hospital,,,,+33 4 95 56 53 50,https://cim-albizzias.com/contact/,Prunelli-di-Fiumorbu
1364958441,way,-16.8600912,-151.4800652,Dispensaire de Vaiaau,clinic,Pays,,,,,
1365099026,way,44.8585189,1.8781068,Maison de santé Pluridisciplinaire,clinic,,,,,,
1367999640,way,41.9423361,8.7445957,HOPITAL PRIVE SUD CORSE,clinic,clinisud,,,,,
1368815035,way,43.5513225,-1.4211463,Clinique Saint-Martin-de-Seignanx,hospital,,no,,,https://www.inicea.fr/smr/clinique-saint-martin-de-seignanx-landes-40390,
1371850786,way,49.2859466,-0.7064985,,hospital,,no,,,,
1374258418,way,48.638329,2.4252256,Clinique de l'Essonne,hospital,,,,+33 1 60 87 87 10,,
1376523131,way,46.1898863,-1.0987818,Centre de réadaptation cardio-vasculaire Cardiocéan,hospital,,,,,,Puilboreau
1377596991,way,47.6148023,3.4994202,Maison médical,clinic,,,,,,
1379140924,way,46.068398,6.5814623,CMPA / CATTPA de Cluse,hospital,Etablissement Public de Santé Mentale de la Vallée de l'Arve,,,,,
1379166071,way,46.061225,6.5820906,PEJ Point Ecoute Jeune,hospital,"Etablissement Public de Santé Mentale,de la Vallée de l'Arve",,,+33 4 50 96 49 82,,Cluses
1379237071,way,45.9351059,6.6426211,Antenne de périnatalité,hospital,Etablissement Public de Santé Mentale de la Vallée de l'Arve,,,,,Sallanches
1379237394,way,45.9351544,6.6427413,Psychiatrie de liaison des hopitaux du Pays du Mont-Blanc,hospital,Etablissement Public de Santé Mentale de la Vallée de l'Arve,,,+33 4 50 93 10 41,,Sallanches
1379240994,way,45.9374028,6.6297405,Point Ecoute Jeunes Sallanches,hospital,Etablissement Public de Santé Mentale de la Vallée de l'Arve,,,+33 4 50 58 04 86,,Sallanches
1380249086,way,46.0630566,6.3226407,Hôpital Andrevetan,hospital,,,,+33 4 50 87 40 00,https://ch-andrevetan.fr/,La Roche sur Foron
1380329224,way,45.9477534,6.1483739,Clinique Inicea - Le Mont Veyrier,clinic,Inicea,,,+33 4 50 19 18 22,https://www.inicea.fr/smr/clinique-le-mont-veyrier-haute-savoie-74370,Argonay
1380364438,way,50.6541474,2.9922806,Clinique de la Mitterie,clinic,,no,,+33826300700,https://www.clinique-mitterie.com/,
1383800062,way,43.6244714,0.8803543,Centre Hospitalier de Gimont,hospital,,no,,,,
1387467822,way,43.3936049,6.3374508,,hospital,,,,,,
1388700399,way,47.6910027,0.4199027,Centre Hospitalier de Château du Loir,hospital,,yes,,+33 2 43 44 77 77,http://ch-chateauduloir.fr/accueil.php,
1388700400,way,47.6907316,0.4199112,Centre Hospitalier de Château du Loir,hospital,,yes,,+33 2 43 44 77 77,http://ch-chateauduloir.fr/accueil.php,
1388810829,way,48.5731889,-2.4381813,Relais Santé,clinic,,,,,,
1390425735,way,-20.9475849,55.3042427,Clinique des Tamarins,hospital,,,,,,
1394183322,way,45.5230272,0.6586792,Maison de Santé de Nontron,clinic,,,,,,Saint-Martial-de-Valette
1394507050,way,50.5712678,1.6186728,Institut Départemental Albert Calmette - IDAC,hospital,,,,,https://www.epsm-camiers.com/,
1394959836,way,45.1832532,0.7638934,Pôle Santé,clinic,,,,,,
1395183265,way,49.4933204,5.8693114,,clinic,,,,,,Hussigny Godbrange
1409213177,way,-12.8385028,45.118691,Ancien Dispensaire de Chiconi,hospital,,,,,,
1411152924,way,44.2858358,4.9455237,Pôle Santé des Oliviers,clinic,,,,,,
1411796850,way,50.4324007,3.5831118,Etablissement de santé Les Jardins du temple,clinic,,,,+33327090101,,
1414716663,way,47.4865381,-0.5573845,Centre de réadaptation spécialisée Les Capucins,hospital,Association Les Capucins,no,,,,Angers
1415403713,way,46.3602197,6.4806751,Centre Medico Psychologique Infanto-juvénile,hospital,Etablissement Public de Santé Mentale de la Vallée de l'Arve,,,+33 4 50 83 22 00,,Thonon-les-Bains
1415841150,way,45.9406706,6.6343173,,hospital,,,,,,
1417566264,way,42.4159709,1.9758539,Clinique Soleil Cerdan,hospital,EMEIS,,,,,Osséja
1417689468,way,42.4194626,1.9807126,Clinique du Soffle La Solane,hospital,Inicea,,,,,Osséja
1417736475,way,42.4171003,1.9748558,Clinique Sensevia,hospital,EMEIS,,,,,Osséja
1418266343,way,48.196734,3.2942808,Clinique du Sénonais | Inicea,clinic,,,,,https://www.inicea.fr/smr/clinique-du-senonais-sens-89100,Sens
1419163391,way,48.1965095,3.2971204,Unité de dialyse de Sens,hospital,Santélys Bourgogne - Franche-Comté,,,+33386131845,,Sens
1421538170,way,46.0996653,-1.0952496,Clinique d'Angoulins,hospital,INICEA,,,,,Angoulins
1423335457,way,47.4804738,-0.5553774,IRM 1.5,hospital,,,,,,
1424621407,way,48.7707686,2.3569362,Hôpital de Jour de Chevilly-Larue,hospital,,,,+33 1 46 86 85 76,,
1425259200,way,50.1569014,3.2228205,Unité de dialyse Santélys,clinic,Santélys,,,+33 3 27 78 87 04,,
1425644508,way,45.8944688,0.91396,,hospital,,,,,,
1426104417,way,50.1679203,3.2392245,Clinique Sainte-Marie,clinic,GHICL,no,,+33 3 27 73 57 35,https://www.saintemarie-cambrai.fr/,
1428226744,way,43.1799426,5.6846907,Poste secours Lecques,hospital,,,,,,
1428663180,way,44.7767403,-0.121933,Maison de Santé de Rauzan,hospital,,no,,+33 5 33 03 00 33,,
1429204632,way,45.1719837,1.5369662,Site de Psychiatrie Henri Laborit,hospital,,,,,,
1432625878,way,47.9639528,-3.1722955,Maison de santé,clinic,,,,,,
1434835167,way,45.1887493,0.728332,Clinique du Parc,hospital,,,,,,
1441818274,way,45.1710551,0.5735572,Centre de Soins SMR La Lande,hospital,Gbna Santé,,,+33553025555,https://lalandereeducation.fr/,Annesse-et-Beaulieu
1442428051,way,47.8458346,-3.0034428,Maison de soins,hospital,,,,,,
1442731828,way,48.8474832,2.3295988,Institut Arthur Vernes,clinic,,,,+33 144395300,https://www.institut-vernes.fr/,
1446280229,way,49.0027954,2.2929281,Hôpital d'Enfants de Margency,hospital,Croix-Rouge française,no,,+33 1 34 27 42 00,https://www.hem-crf.fr/,
1447518553,way,50.3733098,2.0321913,Clinique des 7 Vallées,hospital,,,,+33321068116,https://www.cliniquedes7vallees.fr,
1449661008,way,4.9283925,-52.3045602,Pôle Médico Sportif José Dorcy,clinic,Collectivité Territoriale de Guyane,,,+594 594 20 40 43,,Cayenne
1453321086,way,45.3705872,4.8118414,,hospital,,,,,,
1457157027,way,50.57318,2.8549401,,clinic,,,,,,
1458166857,way,45.9490663,6.1501027,Clinique d'Argonay,clinic,Ramsay,,,+33 4 28 63 74 00,https://clinique-d-argonay.ramsaysante.fr/,Argonay
1461914603,way,48.305764,6.1327983,Hôpital Val du Madon,hospital,,,,,,
1465227618,way,-22.4852948,-151.3260505,Poste de secours,clinic,Etat,,,,,
1465289766,way,45.6522139,2.4684854,UTMA,hospital,,,,,,
1465711066,way,47.3428709,5.0590575,,hospital,,no,,,,
1467039192,way,46.3388098,2.6460847,UHSPA,hospital,,,,,,
1469807177,way,47.1140695,-0.9882389,,hospital,,,,,,
1470837618,way,44.8971623,4.6455377,Maison de Santé du pays de Vernoux,clinic,,,,,,Vernoux-en-Vivarais
1473909659,way,44.1364685,0.337072,Centre Hospitalier de Nérac,hospital,,yes,,,https://www.ch-agen-nerac.fr/,
1475248835,way,43.0874399,6.1168434,Hôpital Léon Bérard,hospital,,no,,+33 4 94 38 05 05,https://www.leonberard.com/,
1477478260,way,46.3507573,2.5826654,Centre de Soins de Longue Durée,hospital,Centre Hospitalier Montluçon,,,,,
1479660395,way,46.3046558,3.2816745,Soins de Suite et de Réhabilitation Polyvalent,clinic,Hôpital Coeur du Bourbonnais,,,,,
1480162131,way,46.2017171,3.077186,Maison de Santé,clinic,,,,+33470906100,,
1484100407,way,44.4536864,4.3444522,Maison de sante des 3 rivers,clinic,,,,,,
1488981698,way,48.9548018,2.268263,Clinique d'Orgemont,hospital,,,,,,
1492257084,way,50.4181858,3.1066498,Rowasanté,clinic,,,,,,
1492417428,way,43.1267625,5.8541167,Espace Gamma 2,clinic,,,,,,
1492922095,way,-16.7287448,-151.4440729,Centre d'hygiène dentaire,clinic,Pays,,,,,
1494536867,way,-20.9949958,55.6740877,Clinique les Flamboyants,hospital,,,,,,
1498049203,way,47.1771714,-1.5601812,Unités de soins Joséphine Baker,hospital,Centre Hospitalier Georges Daumézon,no,,+33 2 40 75 95 38,http://ch-gdaumezon.fr/,REZÉ
1498218156,way,44.362159,0.3839971,Maison de Santé,clinic,,,,,,
214949,relation,50.6344931,3.0311902,Hôpital privé Le Bois,clinic,Ramsay Santé,,,+33 3 59 75 75 75,https://hopital-prive-le-bois-lille.ramsaygds.fr/,Lille
274383,relation,48.6673739,2.373376,Clinique Le Moulin de Viry,hospital,,,,,,
313667,relation,45.140911,5.8338843,Hôpital d'Uriage,hospital,,no,,,,
930040,relation,50.6101239,3.0307813,Hôpital Pierre Swynghedauw,hospital,,,,,,
946707,relation,48.8390191,2.3578592,Clinique du Sport,hospital,Ramsay Santé,,,+33 1 86 86 75 05,https://clinique-du-sport-paris.ramsaygds.fr,Paris
1000799,relation,45.4263099,4.4182534,Centre médical des Sept Collines,clinic,AIMV,,,,,
1002797,relation,48.8570336,2.3861222,Clinique Mont-Louis,clinic,,,,,http://www.clinique-mont-louis.fr/,
1013951,relation,48.9296877,2.3552913,Clinique Porte de Paris,hospital,,,,,,
1031209,relation,45.7109515,4.754026,Clinique de la Chavannerie,hospital,Clinéa,,,+33 4 78 16 00 30,https://clinea.fr/clinique-la-chavannerie-chaponost-69,
1147103,relation,48.9021326,2.3113874,Hôpital Goüin,hospital,,no,,,,
1149599,relation,43.6072709,1.403204,Hôpital de psychiatrie,hospital,CHU Toulouse,yes,,,,
1158549,relation,45.18134,0.717538,Clinique Francheville,hospital,,yes,,,,
1189093,relation,48.8524985,2.1986481,Clinique de Rochebrune,hospital,,,,,,
1189708,relation,48.8277716,2.3758543,Clinique Psychiatrique Georges Heuyer,clinic,,,,,,
1223157,relation,48.891611,2.2793856,Institut hospitalier franco-britannique - Site Kléber,hospital,,yes,,+33 1 47 59 59 59,https://www.hopitalfrancobritannique.org/,
1227586,relation,42.7204317,2.8857952,Clinique psychiatrique du Roussillon,hospital,,,,,,
1227710,relation,50.6057446,3.0329015,Hôpital Jeanne de Flandre,hospital,,,,,,
1244023,relation,43.9206397,5.0485186,Centre hospitalier de l'Isle-sur-la-Sorgue,hospital,,,,,,
1250218,relation,50.60751,3.0328913,Hôpital Salengro,hospital,,,,+33320445962,,Lille
1312488,relation,48.8304486,2.5505012,Centre de Rééducation Fonctionnelle,clinic,,no,,+33 1 49 41 35 35,https://www.crf-villiers.org/,
1335207,relation,44.5426055,6.049779,,clinic,,,,,,
1374742,relation,14.6109977,-61.0785543,Clinique Saint-Paul,hospital,,,,,,
1390016,relation,48.7234272,-4.0060797,Centre de Perharidy,hospital,,,,,,
1543568,relation,50.6061136,3.0365206,Hôpital Albert Calmette,hospital,,,,,,
1552433,relation,44.9110459,4.8903224,CMPR Les Beaumes,hospital,,,,+33475816464,,
1702731,relation,16.2145968,-61.5011054,Clinique de Choisy,clinic,,,,,,
1706867,relation,48.8509553,2.4539463,Externat Médico Pédagogique UDSM,clinic,,,,,,
1737517,relation,48.9364611,2.4569718,Hôpital privé de la Seine Saint-Denis,hospital,Ramsay Santé,yes,,+33 1 86 86 34 44,https://hopital-prive-de-la-seine-saint-denis-le-blanc-mesnil.ramsaygds.fr,
1773821,relation,48.7963917,2.452986,Hôpital Henri Mondor,hospital,Assistance publique - Hôpitaux de Paris,yes,,+33 1 49 81 21 11,https://chu-mondor.aphp.fr/,
1774806,relation,50.4161175,1.564099,Institut Calot,hospital,,,,,,
1842891,relation,49.1130535,6.109876,L'Alumnat,clinic,,,,,,
1889322,relation,43.7245884,7.2805724,Centre Antoine Lacassagne,hospital,,no,,+33 4 92 03 10 00,https://www.centreantoinelacassagne.org/,
1968256,relation,47.6543425,-2.7525595,Centre Paul Helleu,clinic,,,,,,
1970159,relation,45.8941639,0.9144478,Pôle Gériatrique Chantemerle,hospital,,,,+33 5 55 43 50 00,,
1973229,relation,48.6504667,1.8724144,Centre de Rééducation et de Réadaptation Sud-Yvelines,clinic,,,,+33134945200,,
2045253,relation,48.058285,0.1623592,Hôpital de l'arche,hospital,,,,,,
2089484,relation,49.1875155,-0.3669305,Maison des Adolescents du Calvados,hospital,,,,+33231152520,,
2089486,relation,49.2037255,-0.3541715,Centre François Baclesse,hospital,,,,,,
2237008,relation,43.8286119,5.8058273,Centre hospitalier Louis Raffalli,hospital,,yes,,+33 4 92 73 42 00,https://www.ch-manosque.fr//,Manosque
2240128,relation,49.350936,1.085029,Hôpital de Oissel,hospital,CHU Rouen Normandie,,,+332 32 88 65 19,,Oissel
2272932,relation,43.6322525,3.8497324,Hôpital Arnaud de Villeneuve,hospital,CHU de Montpellier,yes,,+33 4 67 33 67 33,https://www.chu-montpellier.fr/fr/a-propos-du-chu/decouvrir-le-chu/etablissements/arnaud-de-villeneuve/,
2315933,relation,45.930269,6.1156785,Unités d’hospitalisation complète et accueil familial thérapeutique,hospital,,,,,"https://www.ch-annecy.fr/accueil-et-repertoire-des-activites/nos-specialites-medicales/psychiatrie-adulte,157.html?",
2386292,relation,43.7317024,7.282343,Centre hospitalier Sainte-Marie,hospital,,,,,,
2403781,relation,45.8136934,1.2398372,Hôpital de la Mère et de l’Enfant,hospital,type 3,yes,,+33 5 55 05 66 66,https://www.chu-limoges.fr/hopital-de-la-mere-et-de-l-enfant.html,
2518786,relation,44.468286,2.9789365,Hôpital de St Geniez d'Olt,hospital,public,,,,,
2568417,relation,48.3908005,-4.4393953,Ty-Yann centre de soins et de réadaptation,hospital,,,,+33 2 98 02 85 00,,
2593638,relation,43.6580086,3.8450059,Clinique de la Lironde,hospital,,,,,,
2669321,relation,4.9245317,-52.320847,Centre Hospitalier Universitaire de Guyane - site de Cayenne,hospital,,yes,,,,Cayenne
2725021,relation,43.102378,0.955272,La Fontaine Salée,hospital,,,,,,
2725425,relation,43.3100687,5.3723015,Hôpital européen,hospital,,yes,,+33 4 13 42 70 00,https://hopital-europeen.fr/,Marseille
2835370,relation,49.4397836,1.1061441,Centre Henri Becquerel,hospital,,,,,,Rouen
2879474,relation,48.1301895,-1.6275077,Hôpital Privé Sévigné,hospital,Groupe Vivalto Santé,yes,,+33 8 25 74 35 50,https://www.hopitalprivesevigne.com/,Cesson-Sévigné
2904193,relation,43.5566623,1.4264766,Institut Universitaire du Cancer de Toulouse - Oncopole,hospital,,,,,,
2975145,relation,45.9322381,6.1175499,Centre hospitalier Annecy-Genevois,hospital,,yes,,+33 4 50 63 63 63,https://www.ch-annecygenevois.fr/fr,
3110986,relation,43.6292441,3.437303,Hôpital local de Clermont-l'Hérault,hospital,,,,,,
3368910,relation,48.1859275,-0.1234956,Hôpital local,hospital,,,,,,
3415047,relation,45.7381961,4.9026676,Unité pour malades difficiles,hospital,,,,,,
3477060,relation,-21.0579497,55.7098371,,hospital,,,,,,Saint-Benoit
3477063,relation,-21.0572433,55.7092021,Clinique de la Paix,hospital,Groupe de santé Clinifutur,,,+262 262 50 34 89,https://www.clinifutur.net/departments/clinique-de-la-paix/,
3608636,relation,50.611219,3.0301083,Hôpital Michel Fontan 2,hospital,,,,,,
4013062,relation,45.7496618,4.8358907,Centre hospitalier Saint-Joseph Saint-Luc,hospital,,yes,,+33 4 78 61 81 81,http://www.ch-stjoseph-stluc-lyon.fr/,
4079424,relation,48.6660194,6.1732715,Centre hospitalier régional et universitaire de Nancy,hospital,,,,,https://www.chu-nancy.fr/,
4130150,relation,47.3946711,0.5535611,Centre Hospitalier Jean Pagès,hospital,,no,,,,Luynes
4263585,relation,48.8799255,2.324889,Clinique Turin,clinic,,,,+33140088800,,
4266227,relation,48.8448955,2.2181841,Hôpital René Huguenin - Institut Curie,hospital,,,,,,
4542564,relation,45.7787311,3.0758812,Centre hospitalier Sainte-Marie,hospital,,,,,,
4646962,relation,43.5324262,6.4741631,Centre de Rééducation Fonctionnelle du Bessillon,clinic,Clinea,,,+33 4 94 39 01 90,https://www.clinea.fr/centre-de-reeducation-fonctionnelle-du-bessillon-draguignan-83,Draguignan
5011611,relation,48.8055763,2.3953875,Hôpital Charles Foix,hospital,Assistance publique - Hôpitaux de Paris,,,+33149594000,https://charlesfoix.aphp.fr/,
5012472,relation,45.2008223,5.7446528,CHU Nord de Grenoble,hospital,,yes,,,https://www.chu-grenoble.fr/,
5233185,relation,48.950559,4.368662,Polyclinique,clinic,,,,,,
5305911,relation,48.9805796,2.3774377,Hôpital privé Nord-Parisien,hospital,,yes,,,,Sarcelles
5389260,relation,45.4756052,4.5156458,Hôpital du Gier,hospital,Hôpital du Gier,yes,,+33 4 77 31 19 19,https://hopitaldugier.fr/,Saint-Chamond
5473583,relation,45.6857382,5.9217844,Clinique Herbert,hospital,,no,,,,
6058653,relation,44.1101792,0.8874279,CH des Deux Rives,hospital,,,,,,
6070983,relation,48.0636457,7.3647463,Hôpital Albert Schweitzer,hospital,,,,,,
6197192,relation,43.0354589,6.1358916,Hôpital Renée Sabran,hospital,,no,,,,
6516719,relation,45.7410735,4.8774881,Centre de lutte contre le cancer Léon Bérard,hospital,,no,,+33 4 78 78 28 28,https://www.centreleonberard.fr/,
6553470,relation,48.7234051,2.6155069,Hôpital Forcilles,hospital,,,,,https://hopital-forcilles.cognacq-jay.fr/,Férolles-Attilly
6786712,relation,48.8460268,2.2308987,Centre de jour Léonard de Vinci,hospital,Groupe hospitalier Paul Guiraud,,,+33 146035635,,
6958443,relation,48.8459793,2.2319173,Centre de Prévention Médico-sociale,hospital,,,,,,
7365063,relation,47.185727,-1.5244535,ESEAN,hospital,APF France Handicap,no,,+33 240343884,https://www.esean.fr/,
7421794,relation,46.5521923,0.3956426,EMPE,hospital,Centre Hospitalier Henri Laborit,no,,,https://www.ch-laborit.fr,
7510833,relation,43.6097072,1.4031716,Hôpital des Enfants,hospital,,yes,,+33 5 61 77 22 33,https://www.chu-toulouse.fr/-hopital-des-enfants-,
7824077,relation,50.6084477,3.0343215,Institut Coeur Poumon,hospital,,,,,,
7893686,relation,46.7438727,4.8335304,Centre Hospitalier Spécialisé de Sevrey,hospital,,,,,,
7996723,relation,48.562573,3.3165595,Clinique Saint-Brice,clinic,ELSAN,,,,,
8004698,relation,45.812338,1.2355105,Hôpital Dupuytren 1,hospital,,yes,,,,
8040959,relation,45.866351,-0.310777,,clinic,,,,,,
8153006,relation,43.2595199,5.4125194,Institut Universitaire de Réadaptation Valmante Sud,clinic,Union pour la Gestion des Etablissements des Caisses d’Assurance Maladie Provence Alpes Côte d’Azur et Corse (UGECAM),,,+33826464666,http://www.ugecam-pacac.fr/,
8271449,relation,49.8708302,2.295548,Clinique de l'Europe,hospital,,yes,,+33322354848,,
8651967,relation,48.9864865,2.3176712,Hôpital Simone Veil,hospital,,,,+33 1 34 06 60 00,https://www.hopital-simoneveil.fr/,
8753391,relation,48.7944436,2.3813949,Hôpital privé de Vitry - Site Noriets,hospital,Groupe Elsan,,,+33 1 45 59 55 00,https://www.hopitalprivedevitry.fr/,
8787433,relation,48.844067,2.2179214,Centre hospitalier des Quatre Villes,hospital,,,,,,
9260076,relation,46.0049891,0.6699491,Centre hospitalier de Confolens,hospital,,yes,,+33 5 45 84 40 00,http://www.ch-confolens.fr/,
9372307,relation,48.2889925,6.9644777,Centre Hospitalier de Saint-Dié-des-Vosges,hospital,,yes,,+33 3 29 52 83 00,http://www.chi-hmv.fr,Saint-Dié-des-Vosges
9886101,relation,46.3173673,-0.4617038,Centre hospitalier de Niort,hospital,,yes,,+33 5 49 32 79 79,https://www.ch-niort.fr/,
10156521,relation,-17.5412422,-149.5663953,Clinique Cardella,hospital,,,,,,
10224986,relation,48.1446104,-1.6873431,Centre hospitalier privé Saint-Grégoire,hospital,Groupe Vivalto Santé,yes,,+33 2 99 23 33 33,https://www.chpsaintgregoire.com/,Saint-Grégoire
10227376,relation,-17.5352392,-149.5463515,IIME Te Ana Hau,clinic,Pays,,,,,
10242033,relation,-17.531081,-149.5455713,Hopital psychiatrique de Taaone,hospital,Pays,no,,,,
10428977,relation,-17.7331565,-149.3055997,Maison de l'Enfance,clinic,Pays,,,,,
10888460,relation,47.2779903,0.8010302,Clinique de Vontes,hospital,Inicea,,,,https://www.inicea.fr/sante-mentale/clinique-de-vontes-esvres-sur-indre-37320,Esvres
10982037,relation,49.4287818,1.0967196,Clinique Mathilde,hospital,,no,,+33 2 32 81 10 10,https://www.clinique-mathilde.fr/,
11071560,relation,43.1808467,3.0001448,Centre hospitalier de Narbonne,hospital,,yes,,+33 4 68 42 60 00,https://www.ch-narbonne.fr/,
11087049,relation,45.0080619,4.3997602,Hôpital de Moze Saint-Agrève,hospital,association du Moze,no,,,,Saint Agrève
11093787,relation,47.4461168,5.5859069,Centre hospitalier de Gray,hospital,Centre hospitalier du Val de Saône,yes,,+33 3 84 64 61 61,https://www.centre-hospitalier-gray.fr/,
11576798,relation,48.6225395,2.1245461,Maison de la Santé - Marie Curie,clinic,,,,,,
11842655,relation,43.6578173,6.9297981,Clinique du Palais,hospital,,,,,,
11883162,relation,48.9144324,2.2211881,Réanimation,hospital,,,,,,
12182929,relation,47.0700519,5.4589285,Centre Hospitalier Spécialisé du Jura,hospital,,,,,,
12212012,relation,-22.1289249,166.3691541,Centre médico social de Paita - UPASS,clinic,Province Sud,,,+687 20 47 87,,
12215730,relation,44.569916,4.7842314,Centre hospitalier Portes de Provence à Montélimar,hospital,,yes,,+33 4 75 53 40 00,https://www.gh-portesdeprovence.fr/,
12344945,relation,49.3988113,1.0937865,Centre hospitalier du Rouvray,hospital,Centre hospitalier universitaire de Rouen,,,+33 2 32 95 12 34,https://www.ch-lerouvray.fr,Sotteville-lès-Rouen
12586681,relation,49.519493,0.5436207,Centre hospitalier intercommunal Caux-Vallée de Seine,hospital,,yes,,+33 2 35 39 36 36,http://chi-cauxvalleedeseine.fr,
12618013,relation,43.5953144,3.080183,Clinique du Docteur Ster,clinic,,,,+33467235050,,
12647444,relation,49.2524745,5.9316315,Centre Hospitalier de Briey,hospital,,,,,,
12702157,relation,48.8337622,-1.5513011,Pôle santé,clinic,,,,,,
12702379,relation,48.5908619,-0.6425773,Pôle Santé Libéral Ambulatoire,clinic,,,,,,
12849900,relation,49.0183215,2.2123977,Pôle médical Madeleine-Brès,clinic,,,,,,
13061883,relation,49.5463622,3.4096148,Établissement public de santé mentale de l'Aisne,hospital,,,,,,
13178629,relation,45.8137899,1.2365235,Hôpital Dupuytren 2,hospital,,,,+33 5 55 05 55 55,,
13278791,relation,44.2395721,0.6617719,Centre hospitalier de la Candélie,hospital,,,,,,
13317341,relation,43.5785224,7.0351282,,hospital,,,,,,
13364897,relation,45.374831,5.5753616,Hôpital de Voiron,hospital,CHU Grenoble Alpes,,,+33 4 76 76 75 75,https://www.ch-voiron.fr/,
13372236,relation,45.4596787,4.7602649,Centre hospitalier de Condrieu,hospital,,,,,,
13461337,relation,49.8671046,0.7059815,Centre hospitalier du Grand Large,hospital,,,,,,
13461904,relation,49.9069815,1.0748145,Centre hospitalier de Dieppe le Château Michel,hospital,,no,,,http://www.ch-dieppe.fr,Dieppe
13573743,relation,49.6188132,0.7455457,Pôle santé,hospital,,,,+33 2 35 95 95 00,https://www.clinique-hemera.com/,Yvetot
13573744,relation,49.6194138,0.7439884,Hôpital Asselin-Hédelin,hospital,,no,,+33 2 35 95 73 00,https://hopital-yvetot.com/,Yvetot
13573746,relation,49.6206749,0.7426205,Clinique psychiatrique,hospital,,,,,,Yvetot
13640212,relation,49.5243866,0.9499845,Unité de Soin de Longue Durée Les Campeaux,hospital,Centre Hospitalier de l'Austreberthe,,,,,
13814878,relation,43.6095964,3.8491184,Institut Mutualiste Montpelliérain,hospital,Languedoc Mutualité,yes,,+33 4 67 75 99 99,https://www.languedoc-mutualite.fr/cliniques/beau-soleil/,
13967055,relation,43.5764172,1.4839079,Clinique Saint-Exupéry,hospital,,,,,,
14277996,relation,49.4123314,1.0842387,Centre hospitalier du Bois-Petit,hospital,,,,,,
14361320,relation,49.4400647,1.1090285,Hôpital Charles Nicolle,hospital,Centre hospitalier universitaire de Rouen,yes,,+33 2 32 88 89 90,https://www.chu-rouen.fr/,
14361347,relation,49.4413823,1.1140475,Clinique Saint-Hilaire,hospital,,,,+33 2 35 08 66 00,https://www.clinique-sainthilaire.fr/,
14432253,relation,49.1652486,1.3406725,Maison de santé Jean-Luc Recher,clinic,,,,+33232775050,,
14446951,relation,49.7443449,0.3867595,Hôpital clinique du Pays des Hautes Falaises,hospital,Clinique de l'Abbaye - Centre hospitalier intercommunal du Pays des Hautes Falaises,yes,,+33 2 35 10 90 00,https://www.ch-fecamp.fr/,
14522261,relation,43.2637244,5.4133413,Hôpital Salvator,hospital,,,,,,
14541201,relation,49.3055824,1.0424537,Centre hospitalier d'Elbeuf,hospital,Centre hospitalier intercommunal Elbeuf-Louviers-Val de Reuil,yes,,+33 2 32 96 35 35,https://www.chi-elbeuf-louviers.fr/,Saint-Aubin-lès-Elbeuf
14578252,relation,47.2485417,-1.5193989,Clinique Jules Verne,hospital,,,,,,
14635526,relation,-17.5495223,-149.7902491,Hôpital de Afareaitu,hospital,Pays,,,,,
14699631,relation,44.9326883,-0.6351105,Hôpital de jour de Caychac,hospital,,,,,,
14981661,relation,50.6124131,3.0317092,Centre Oscar Lambret,hospital,,,,,,
15009446,relation,48.7473179,1.3502889,Sistel,clinic,,,,,,Dreux
15101170,relation,48.1797017,6.4530315,Nouvel Hôpital d'Épinal,hospital,,yes,,,,
16396900,relation,48.8453619,2.2686931,Hôpital Sainte-Périne,hospital,Assistance publique - Hôpitaux de Paris,,,+33 1 44 96 31 31,https://sainteperine.aphp.fr/,
16476775,relation,49.4768557,1.1111871,Hôpital de la Croix-Rouge,hospital,Croix-Rouge Française,,,+33235594040,,
16561310,relation,48.7941135,2.4516105,Hôpital de Jour Lionel Vidart,hospital,,,,,https://bellan.fr/etablissement/71,
17600637,relation,43.1245421,6.1394675,Centre médical Pierre Chevalier,hospital,,,,,,
17773280,relation,43.5119781,5.4643648,HumanFab,clinic,,,,,,
18350718,relation,48.0725798,-3.2003061,Centre Hospitalier Alfred Brard;MAS Les Bruyères,hospital,Groupement Hospitalier du Centre Bretagne,,,,https://www.ch-centre-bretagne.fr/secteur-sanitaire-ch-a-brard/,Guémené-sur-Scorff
18387479,relation,45.7611106,4.7971514,Centre médico-chirurgical de réadaptation des Massues,hospital,,,,,,
18769276,relation,47.195248,-1.5475509,Hôpital privé du Confluent,hospital,Groupe Confluent,yes,,+33 2 28 25 50 00,http://www.groupeconfluent.fr/fr/,
18850322,relation,43.0874399,6.1168434,Hôpital Léon Bérard,hospital,,,,,,
19039299,relation,43.6602807,7.1370721,Polyclinique Saint-Jean,hospital,Pôle Santé Saint Jean,yes,,+33 4 92 13 53 13,https://www.polesantesaintjean.fr/,
19069929,relation,46.0682463,6.5814315,CMPI /CATTPI de Cluses,hospital,Etablissement Public de Santé Mentale de la Vallée de l'Arve,,,,,Cluses
19529829,relation,45.8893908,0.897608,Centre Hospitalier Saint-Junien Roland Mazoin,hospital,,,,,,
19698603,relation,47.3508459,0.709369,Bâtiment Constance Pascal,hospital,,,,,,
19777861,relation,45.2407005,0.8149818,Centre Médical de Lanmary,hospital,,,,,https://www.ch-lanmary.fr/accueil/,
19788127,relation,46.6464163,-1.4293252,Georges Mazurelle,hospital,,,,,,
19798576,relation,48.6331635,2.0116464,Hopital de Pédiatrie et de Rééducation de Bullion,hospital,,,,+33 1 34 85 43 00,https://www.hpr-bullion.fr/,
20058559,relation,-22.4532867,-151.3381016,Centre médical,clinic,,,,,,
20376391,relation,-16.7280233,-151.444614,Hôpital de Uturoa,hospital,Pays,,,,,
20399052,relation,47.6643825,-2.7456812,Hôpital Prosper Chubert,hospital,Centre hospitalier Bretagne Atlantique,yes,,+33 2 97 01 41 41,https://www.ch-bretagne-atlantique.fr/,Vannes
20400251,relation,49.1474781,1.9756269,Hôpital Jean Baptiste Cartry,hospital,,no,,,,
